,,,release_date,year,month,source_orig,source,bundle,starter_bundle,faction,origin,family,mastery_package,ship_type,ship_type_detailed,max_t,max_e,max_s,max_u,max_int,max_cmd,max_pil,max_tmp,max_mw,full,total_tac,total_eng,total_sci,total_int,total_cmd,total_pil,total_tmp,total_mw,num_specs,num_spec_seats,num_spec_slots,h_mod,hull,s_mod,turn,imp,inrt,power_w,power_s,power_e,power_a,b1r,b1c,b1s,b2r,b2c,b2s,b3r,b3c,b3s,b4r,b4c,b4s,b5r,b5c,b5s,b6r,b6c,b6s,weapon_total,fore,aft,dhc,exp,hangars,,fleet,console_t,console_e,console_s,,cc_w,cc_s,cc_e,cc_t,secdef,sub_targeting,sensor_analysis,tac_mode,singularity,cloak,flank,wingmen,,trait_summary,,adm_rarity,adm_role,adm_e,adm_t,adm_s,adm_bonus,released,,,console_u,devices,,console_t,console_e,console_s,,,,career,cloak_rank,name,wiki_url,trait_name,trait_url,console_name,console_url
,,,6,80,81,7,8,9,10,11,12,13,17,15,16,85,86,87,88,89,90,91,92,93,94,96,97,98,99,100,101,102,103,104,105,106,19,95,20,21,22,23,24,25,26,27,28,29,30,31,32,33,34,35,36,37,38,39,40,41,42,43,44,45,83,46,47,48,49,50,,84,52,53,54,,56,57,58,59,60,61,62,63,64,65,67,68,,71,,74,75,76,77,78,79,2,,,55,51,,52,53,54,,,,14,66,3,5,69,70,72,73
,,Current filter: 489 of 496 results,Acquisition,,,,,,,,,,Ship Role,,,Highest Seats,,,,,,,,,,Max Ability Counts,,,,,,,,Spec Details,,,Defense,,,Mobility,,,Power Bonus,,,,Boff 1,,,Boff 2,,,Boff 3,,,Boff 4,,,Boff 5,,,Boff 6,,,Weapons,,,,,Misc Equips,,,Consoles,,,,Cruiser Commands,,,,Science Features,,,,Misc Featrues,,,,,,,Admiralty Card,,,,,,,,,,,,,,,,,,,,,,,,,
x,ID,Name,Release (PC),Year,Month,Orig Source,Source,Bundle(s),Starter Bundle,Faction,Origin,Family,Mastery Package,Ship Type (Simplified),Ship Type (Detailed),Tac,Eng,Sci,Uni,Int,Cmd,Pil,Tmp,MW,Full,Tac,Eng,Sci,Int,Cmd,Pil,Tmp,MW,Specs,Spec Seats,Spec Slots,Hull Mod,Hull,Shield Mod,Turn,Imp,Inrt,W,S,E,A,,,,,,,,,,,,,,,,,,,F + A,Fore,Aft,DHC,Exp,Hangars,Dev,Fleet,T,E,S,U,Weapon,Shield,Engine,Threat,Sec Def,Sub Targeting,Sensor Analysis,Tac Mode,Singularity,Cloak,Flanking,Wingmen,Trait Name,Trait Summary,Universal Console,Rarity,Role,Eng,Tac,Sci,Bonus,RELEASED,SD_SHOW,Highlight,U,Dev,X-Upgrades,T,E,S,T_PLUS,E_PLUS,S_PLUS,Career,Cloak Rank,Name,Wiki URL,Trait,Trait URL,Console Name,Console URL
,1000,,,,,,,,,,,,,,,,,,,,,,,,,,,,,,,,,,,,,,,,,,,,,,,,,,,,,,,,,,,,,,,,,,,,,,0,,,,,,,,,,,,,,,,,,,,,,,,,,,,TRUE,FALSE,,,,,,,,,,,,,,,,,
,999,,,,,,,,,,,,,,,,,,,,,,,,,,,,,,,,,,,,,,,,,,,,,,,,,,,,,,,,,,,,,,,,,,,,,,0,,,,,,,,,,,,,,,,,,,,,,,,,,,,TRUE,FALSE,,,,,,,,,,,,,,,,,
,998,,,,,,,,,,,,,,,,,,,,,,,,,,,,,,,,,,,,,,,,,,,,,,,,,,,,,,,,,,,,,,,,,,,,,,0,,,,,,,,,,,,,,,,,,,,,,,,,,,,TRUE,FALSE,,,,,,,,,,,,,,,,,
,997,,,,,,,,,,,,,,,,,,,,,,,,,,,,,,,,,,,,,,,,,,,,,,,,,,,,,,,,,,,,,,,,,,,,,,0,,,,,,,,,,,,,,,,,,,,,,,,,,,,TRUE,FALSE,,,,,,,,,,,,,,,,,
,996,,,,,,,,,,,,,,,,,,,,,,,,,,,,,,,,,,,,,,,,,,,,,,,,,,,,,,,,,,,,,,,,,,,,,,0,,,,,,,,,,,,,,,,,,,,,,,,,,,,TRUE,FALSE,,,,,,,,,,,,,,,,,
,995,,,,,,,,,,,,,,,,,,,,,,,,,,,,,,,,,,,,,,,,,,,,,,,,,,,,,,,,,,,,,,,,,,,,,,0,,,,,,,,,,,,,,,,,,,,,,,,,,,,TRUE,FALSE,,,,,,,,,,,,,,,,,
,994,,,,,,,,,,,,,,,,,,,,,,,,,,,,,,,,,,,,,,,,,,,,,,,,,,,,,,,,,,,,,,,,,,,,,,0,,,,,,,,,,,,,,,,,,,,,,,,,,,,TRUE,FALSE,,,,,,,,,,,,,,,,,
,993,,,,,,,,,,,,,,,,,,,,,,,,,,,,,,,,,,,,,,,,,,,,,,,,,,,,,,,,,,,,,,,,,,,,,,0,,,,,,,,,,,,,,,,,,,,,,,,,,,,TRUE,FALSE,,,,,,,,,,,,,,,,,
,992,,,,,,,,,,,,,,,,,,,,,,,,,,,,,,,,,,,,,,,,,,,,,,,,,,,,,,,,,,,,,,,,,,,,,,0,,,,,,,,,,,,,,,,,,,,,,,,,,,,TRUE,FALSE,,,,,,,,,,,,,,,,,
,991,,,,,,,,,,,,,,,,,,,,,,,,,,,,,,,,,,,,,,,,,,,,,,,,,,,,,,,,,,,,,,,,,,,,,,0,,,,,,,,,,,,,,,,,,,,,,,,,,,,TRUE,FALSE,,,,,,,,,,,,,,,,,
,990,,,,,,,,,,,,,,,,,,,,,,,,,,,,,,,,,,,,,,,,,,,,,,,,,,,,,,,,,,,,,,,,,,,,,,0,,,,,,,,,,,,,,,,,,,,,,,,,,,,TRUE,FALSE,,,,,,,,,,,,,,,,,
,989,,,,,,,,,,,,,,,,,,,,,,,,,,,,,,,,,,,,,,,,,,,,,,,,,,,,,,,,,,,,,,,,,,,,,,0,,,,,,,,,,,,,,,,,,,,,,,,,,,,TRUE,FALSE,,,,,,,,,,,,,,,,,
,988,,,,,,,,,,,,,,,,,,,,,,,,,,,,,,,,,,,,,,,,,,,,,,,,,,,,,,,,,,,,,,,,,,,,,,0,,,,,,,,,,,,,,,,,,,,,,,,,,,,TRUE,FALSE,,,,,,,,,,,,,,,,,
,987,,,,,,,,,,,,,,,,,,,,,,,,,,,,,,,,,,,,,,,,,,,,,,,,,,,,,,,,,,,,,,,,,,,,,,0,,,,,,,,,,,,,,,,,,,,,,,,,,,,TRUE,FALSE,,,,,,,,,,,,,,,,,
,986,,,,,,,,,,,,,,,,,,,,,,,,,,,,,,,,,,,,,,,,,,,,,,,,,,,,,,,,,,,,,,,,,,,,,,0,,,,,,,,,,,,,,,,,,,,,,,,,,,,TRUE,FALSE,,,,,,,,,,,,,,,,,
,985,,,,,,,,,,,,,,,,,,,,,,,,,,,,,,,,,,,,,,,,,,,,,,,,,,,,,,,,,,,,,,,,,,,,,,0,,,,,,,,,,,,,,,,,,,,,,,,,,,,TRUE,FALSE,,,,,,,,,,,,,,,,,
,984,,,,,,,,,,,,,,,,,,,,,,,,,,,,,,,,,,,,,,,,,,,,,,,,,,,,,,,,,,,,,,,,,,,,,,0,,,,,,,,,,,,,,,,,,,,,,,,,,,,TRUE,FALSE,,,,,,,,,,,,,,,,,
,983,,,,,,,,,,,,,,,,,,,,,,,,,,,,,,,,,,,,,,,,,,,,,,,,,,,,,,,,,,,,,,,,,,,,,,0,,,,,,,,,,,,,,,,,,,,,,,,,,,,TRUE,FALSE,,,,,,,,,,,,,,,,,
,982,,,,,,,,,,,,,,,,,,,,,,,,,,,,,,,,,,,,,,,,,,,,,,,,,,,,,,,,,,,,,,,,,,,,,,0,,,,,,,,,,,,,,,,,,,,,,,,,,,,TRUE,FALSE,,,,,,,,,,,,,,,,,
,981,,,,,,,,,,,,,,,,,,,,,,,,,,,,,,,,,,,,,,,,,,,,,,,,,,,,,,,,,,,,,,,,,,,,,,0,,,,,,,,,,,,,,,,,,,,,,,,,,,,TRUE,FALSE,,,,,,,,,,,,,,,,,
,980,,,,,,,,,,,,,,,,,,,,,,,,,,,,,,,,,,,,,,,,,,,,,,,,,,,,,,,,,,,,,,,,,,,,,,0,,,,,,,,,,,,,,,,,,,,,,,,,,,,TRUE,FALSE,,,,,,,,,,,,,,,,,
,979,,,,,,,,,,,,,,,,,,,,,,,,,,,,,,,,,,,,,,,,,,,,,,,,,,,,,,,,,,,,,,,,,,,,,,0,,,,,,,,,,,,,,,,,,,,,,,,,,,,TRUE,FALSE,,,,,,,,,,,,,,,,,
,978,,,,,,,,,,,,,,,,,,,,,,,,,,,,,,,,,,,,,,,,,,,,,,,,,,,,,,,,,,,,,,,,,,,,,,0,,,,,,,,,,,,,,,,,,,,,,,,,,,,TRUE,FALSE,,,,,,,,,,,,,,,,,
,977,,,,,,,,,,,,,,,,,,,,,,,,,,,,,,,,,,,,,,,,,,,,,,,,,,,,,,,,,,,,,,,,,,,,,,0,,,,,,,,,,,,,,,,,,,,,,,,,,,,TRUE,FALSE,,,,,,,,,,,,,,,,,
,976,,,,,,,,,,,,,,,,,,,,,,,,,,,,,,,,,,,,,,,,,,,,,,,,,,,,,,,,,,,,,,,,,,,,,,0,,,,,,,,,,,,,,,,,,,,,,,,,,,,TRUE,FALSE,,,,,,,,,,,,,,,,,
,975,,,,,,,,,,,,,,,,,,,,,,,,,,,,,,,,,,,,,,,,,,,,,,,,,,,,,,,,,,,,,,,,,,,,,,0,,,,,,,,,,,,,,,,,,,,,,,,,,,,TRUE,FALSE,,,,,,,,,,,,,,,,,
,974,,,,,,,,,,,,,,,,,,,,,,,,,,,,,,,,,,,,,,,,,,,,,,,,,,,,,,,,,,,,,,,,,,,,,,0,,,,,,,,,,,,,,,,,,,,,,,,,,,,TRUE,FALSE,,,,,,,,,,,,,,,,,
,973,,,,,,,,,,,,,,,,,,,,,,,,,,,,,,,,,,,,,,,,,,,,,,,,,,,,,,,,,,,,,,,,,,,,,,0,,,,,,,,,,,,,,,,,,,,,,,,,,,,TRUE,FALSE,,,,,,,,,,,,,,,,,
,972,,,,,,,,,,,,,,,,,,,,,,,,,,,,,,,,,,,,,,,,,,,,,,,,,,,,,,,,,,,,,,,,,,,,,,0,,,,,,,,,,,,,,,,,,,,,,,,,,,,TRUE,FALSE,,,,,,,,,,,,,,,,,
,971,,,,,,,,,,,,,,,,,,,,,,,,,,,,,,,,,,,,,,,,,,,,,,,,,,,,,,,,,,,,,,,,,,,,,,0,,,,,,,,,,,,,,,,,,,,,,,,,,,,TRUE,FALSE,,,,,,,,,,,,,,,,,
,970,,,,,,,,,,,,,,,,,,,,,,,,,,,,,,,,,,,,,,,,,,,,,,,,,,,,,,,,,,,,,,,,,,,,,,0,,,,,,,,,,,,,,,,,,,,,,,,,,,,TRUE,FALSE,,,,,,,,,,,,,,,,,
,969,,,,,,,,,,,,,,,,,,,,,,,,,,,,,,,,,,,,,,,,,,,,,,,,,,,,,,,,,,,,,,,,,,,,,,0,,,,,,,,,,,,,,,,,,,,,,,,,,,,TRUE,FALSE,,,,,,,,,,,,,,,,,
,968,,,,,,,,,,,,,,,,,,,,,,,,,,,,,,,,,,,,,,,,,,,,,,,,,,,,,,,,,,,,,,,,,,,,,,0,,,,,,,,,,,,,,,,,,,,,,,,,,,,TRUE,FALSE,,,,,,,,,,,,,,,,,
,967,,,,,,,,,,,,,,,,,,,,,,,,,,,,,,,,,,,,,,,,,,,,,,,,,,,,,,,,,,,,,,,,,,,,,,0,,,,,,,,,,,,,,,,,,,,,,,,,,,,TRUE,FALSE,,,,,,,,,,,,,,,,,
,966,,,,,,,,,,,,,,,,,,,,,,,,,,,,,,,,,,,,,,,,,,,,,,,,,,,,,,,,,,,,,,,,,,,,,,0,,,,,,,,,,,,,,,,,,,,,,,,,,,,TRUE,FALSE,,,,,,,,,,,,,,,,,
,965,,,,,,,,,,,,,,,,,,,,,,,,,,,,,,,,,,,,,,,,,,,,,,,,,,,,,,,,,,,,,,,,,,,,,,0,,,,,,,,,,,,,,,,,,,,,,,,,,,,TRUE,FALSE,,,,,,,,,,,,,,,,,
,964,,,,,,,,,,,,,,,,,,,,,,,,,,,,,,,,,,,,,,,,,,,,,,,,,,,,,,,,,,,,,,,,,,,,,,0,,,,,,,,,,,,,,,,,,,,,,,,,,,,TRUE,FALSE,,,,,,,,,,,,,,,,,
,963,,,,,,,,,,,,,,,,,,,,,,,,,,,,,,,,,,,,,,,,,,,,,,,,,,,,,,,,,,,,,,,,,,,,,,0,,,,,,,,,,,,,,,,,,,,,,,,,,,,TRUE,FALSE,,,,,,,,,,,,,,,,,
,962,,,,,,,,,,,,,,,,,,,,,,,,,,,,,,,,,,,,,,,,,,,,,,,,,,,,,,,,,,,,,,,,,,,,,,0,,,,,,,,,,,,,,,,,,,,,,,,,,,,TRUE,FALSE,,,,,,,,,,,,,,,,,
,961,,,,,,,,,,,,,,,,,,,,,,,,,,,,,,,,,,,,,,,,,,,,,,,,,,,,,,,,,,,,,,,,,,,,,,0,,,,,,,,,,,,,,,,,,,,,,,,,,,,TRUE,FALSE,,,,,,,,,,,,,,,,,
,960,,,,,,,,,,,,,,,,,,,,,,,,,,,,,,,,,,,,,,,,,,,,,,,,,,,,,,,,,,,,,,,,,,,,,,0,,,,,,,,,,,,,,,,,,,,,,,,,,,,TRUE,FALSE,,,,,,,,,,,,,,,,,
,959,,,,,,,,,,,,,,,,,,,,,,,,,,,,,,,,,,,,,,,,,,,,,,,,,,,,,,,,,,,,,,,,,,,,,,0,,,,,,,,,,,,,,,,,,,,,,,,,,,,TRUE,FALSE,,,,,,,,,,,,,,,,,
,958,,,,,,,,,,,,,,,,,,,,,,,,,,,,,,,,,,,,,,,,,,,,,,,,,,,,,,,,,,,,,,,,,,,,,,0,,,,,,,,,,,,,,,,,,,,,,,,,,,,TRUE,FALSE,,,,,,,,,,,,,,,,,
,957,,,,,,,,,,,,,,,,,,,,,,,,,,,,,,,,,,,,,,,,,,,,,,,,,,,,,,,,,,,,,,,,,,,,,,0,,,,,,,,,,,,,,,,,,,,,,,,,,,,TRUE,FALSE,,,,,,,,,,,,,,,,,
,956,,,,,,,,,,,,,,,,,,,,,,,,,,,,,,,,,,,,,,,,,,,,,,,,,,,,,,,,,,,,,,,,,,,,,,0,,,,,,,,,,,,,,,,,,,,,,,,,,,,TRUE,FALSE,,,,,,,,,,,,,,,,,
,955,,,,,,,,,,,,,,,,,,,,,,,,,,,,,,,,,,,,,,,,,,,,,,,,,,,,,,,,,,,,,,,,,,,,,,0,,,,,,,,,,,,,,,,,,,,,,,,,,,,TRUE,FALSE,,,,,,,,,,,,,,,,,
,954,,,,,,,,,,,,,,,,,,,,,,,,,,,,,,,,,,,,,,,,,,,,,,,,,,,,,,,,,,,,,,,,,,,,,,0,,,,,,,,,,,,,,,,,,,,,,,,,,,,TRUE,FALSE,,,,,,,,,,,,,,,,,
,953,,,,,,,,,,,,,,,,,,,,,,,,,,,,,,,,,,,,,,,,,,,,,,,,,,,,,,,,,,,,,,,,,,,,,,0,,,,,,,,,,,,,,,,,,,,,,,,,,,,TRUE,FALSE,,,,,,,,,,,,,,,,,
,952,,,,,,,,,,,,,,,,,,,,,,,,,,,,,,,,,,,,,,,,,,,,,,,,,,,,,,,,,,,,,,,,,,,,,,0,,,,,,,,,,,,,,,,,,,,,,,,,,,,TRUE,FALSE,,,,,,,,,,,,,,,,,
,951,,,,,,,,,,,,,,,,,,,,,,,,,,,,,,,,,,,,,,,,,,,,,,,,,,,,,,,,,,,,,,,,,,,,,,0,,,,,,,,,,,,,,,,,,,,,,,,,,,,TRUE,FALSE,,,,,,,,,,,,,,,,,
,950,,,,,,,,,,,,,,,,,,,,,,,,,,,,,,,,,,,,,,,,,,,,,,,,,,,,,,,,,,,,,,,,,,,,,,0,,,,,,,,,,,,,,,,,,,,,,,,,,,,TRUE,FALSE,,,,,,,,,,,,,,,,,
,949,,,,,,,,,,,,,,,,,,,,,,,,,,,,,,,,,,,,,,,,,,,,,,,,,,,,,,,,,,,,,,,,,,,,,,0,,,,,,,,,,,,,,,,,,,,,,,,,,,,TRUE,FALSE,,,,,,,,,,,,,,,,,
,948,,,,,,,,,,,,,,,,,,,,,,,,,,,,,,,,,,,,,,,,,,,,,,,,,,,,,,,,,,,,,,,,,,,,,,0,,,,,,,,,,,,,,,,,,,,,,,,,,,,TRUE,FALSE,,,,,,,,,,,,,,,,,
,947,,,,,,,,,,,,,,,,,,,,,,,,,,,,,,,,,,,,,,,,,,,,,,,,,,,,,,,,,,,,,,,,,,,,,,0,,,,,,,,,,,,,,,,,,,,,,,,,,,,TRUE,FALSE,,,,,,,,,,,,,,,,,
,946,,,,,,,,,,,,,,,,,,,,,,,,,,,,,,,,,,,,,,,,,,,,,,,,,,,,,,,,,,,,,,,,,,,,,,0,,,,,,,,,,,,,,,,,,,,,,,,,,,,TRUE,FALSE,,,,,,,,,,,,,,,,,
,945,,,,,,,,,,,,,,,,,,,,,,,,,,,,,,,,,,,,,,,,,,,,,,,,,,,,,,,,,,,,,,,,,,,,,,0,,,,,,,,,,,,,,,,,,,,,,,,,,,,TRUE,FALSE,,,,,,,,,,,,,,,,,
,944,,,,,,,,,,,,,,,,,,,,,,,,,,,,,,,,,,,,,,,,,,,,,,,,,,,,,,,,,,,,,,,,,,,,,,0,,,,,,,,,,,,,,,,,,,,,,,,,,,,TRUE,FALSE,,,,,,,,,,,,,,,,,
,943,,,,,,,,,,,,,,,,,,,,,,,,,,,,,,,,,,,,,,,,,,,,,,,,,,,,,,,,,,,,,,,,,,,,,,0,,,,,,,,,,,,,,,,,,,,,,,,,,,,TRUE,FALSE,,,,,,,,,,,,,,,,,
,942,,,,,,,,,,,,,,,,,,,,,,,,,,,,,,,,,,,,,,,,,,,,,,,,,,,,,,,,,,,,,,,,,,,,,,0,,,,,,,,,,,,,,,,,,,,,,,,,,,,TRUE,FALSE,,,,,,,,,,,,,,,,,
,941,,,,,,,,,,,,,,,,,,,,,,,,,,,,,,,,,,,,,,,,,,,,,,,,,,,,,,,,,,,,,,,,,,,,,,0,,,,,,,,,,,,,,,,,,,,,,,,,,,,TRUE,FALSE,,,,,,,,,,,,,,,,,
,940,,,,,,,,,,,,,,,,,,,,,,,,,,,,,,,,,,,,,,,,,,,,,,,,,,,,,,,,,,,,,,,,,,,,,,0,,,,,,,,,,,,,,,,,,,,,,,,,,,,TRUE,FALSE,,,,,,,,,,,,,,,,,
,939,,,,,,,,,,,,,,,,,,,,,,,,,,,,,,,,,,,,,,,,,,,,,,,,,,,,,,,,,,,,,,,,,,,,,,0,,,,,,,,,,,,,,,,,,,,,,,,,,,,TRUE,FALSE,,,,,,,,,,,,,,,,,
,938,,,,,,,,,,,,,,,,,,,,,,,,,,,,,,,,,,,,,,,,,,,,,,,,,,,,,,,,,,,,,,,,,,,,,,0,,,,,,,,,,,,,,,,,,,,,,,,,,,,TRUE,FALSE,,,,,,,,,,,,,,,,,
,937,,,,,,,,,,,,,,,,,,,,,,,,,,,,,,,,,,,,,,,,,,,,,,,,,,,,,,,,,,,,,,,,,,,,,,0,,,,,,,,,,,,,,,,,,,,,,,,,,,,TRUE,FALSE,,,,,,,,,,,,,,,,,
,936,,,,,,,,,,,,,,,,,,,,,,,,,,,,,,,,,,,,,,,,,,,,,,,,,,,,,,,,,,,,,,,,,,,,,,0,,,,,,,,,,,,,,,,,,,,,,,,,,,,TRUE,FALSE,,,,,,,,,,,,,,,,,
,935,,,,,,,,,,,,,,,,,,,,,,,,,,,,,,,,,,,,,,,,,,,,,,,,,,,,,,,,,,,,,,,,,,,,,,0,,,,,,,,,,,,,,,,,,,,,,,,,,,,TRUE,FALSE,,,,,,,,,,,,,,,,,
,934,,,,,,,,,,,,,,,,,,,,,,,,,,,,,,,,,,,,,,,,,,,,,,,,,,,,,,,,,,,,,,,,,,,,,,0,,,,,,,,,,,,,,,,,,,,,,,,,,,,TRUE,FALSE,,,,,,,,,,,,,,,,,
,933,,,,,,,,,,,,,,,,,,,,,,,,,,,,,,,,,,,,,,,,,,,,,,,,,,,,,,,,,,,,,,,,,,,,,,0,,,,,,,,,,,,,,,,,,,,,,,,,,,,TRUE,FALSE,,,,,,,,,,,,,,,,,
,932,,,,,,,,,,,,,,,,,,,,,,,,,,,,,,,,,,,,,,,,,,,,,,,,,,,,,,,,,,,,,,,,,,,,,,0,,,,,,,,,,,,,,,,,,,,,,,,,,,,TRUE,FALSE,,,,,,,,,,,,,,,,,
,931,,,,,,,,,,,,,,,,,,,,,,,,,,,,,,,,,,,,,,,,,,,,,,,,,,,,,,,,,,,,,,,,,,,,,,0,,,,,,,,,,,,,,,,,,,,,,,,,,,,TRUE,FALSE,,,,,,,,,,,,,,,,,
,930,,,,,,,,,,,,,,,,,,,,,,,,,,,,,,,,,,,,,,,,,,,,,,,,,,,,,,,,,,,,,,,,,,,,,,0,,,,,,,,,,,,,,,,,,,,,,,,,,,,TRUE,FALSE,,,,,,,,,,,,,,,,,
,929,,,,,,,,,,,,,,,,,,,,,,,,,,,,,,,,,,,,,,,,,,,,,,,,,,,,,,,,,,,,,,,,,,,,,,0,,,,,,,,,,,,,,,,,,,,,,,,,,,,TRUE,FALSE,,,,,,,,,,,,,,,,,
,928,,,,,,,,,,,,,,,,,,,,,,,,,,,,,,,,,,,,,,,,,,,,,,,,,,,,,,,,,,,,,,,,,,,,,,0,,,,,,,,,,,,,,,,,,,,,,,,,,,,TRUE,FALSE,,,,,,,,,,,,,,,,,
,927,,,,,,,,,,,,,,,,,,,,,,,,,,,,,,,,,,,,,,,,,,,,,,,,,,,,,,,,,,,,,,,,,,,,,,0,,,,,,,,,,,,,,,,,,,,,,,,,,,,TRUE,FALSE,,,,,,,,,,,,,,,,,
,926,,,,,,,,,,,,,,,,,,,,,,,,,,,,,,,,,,,,,,,,,,,,,,,,,,,,,,,,,,,,,,,,,,,,,,0,,,,,,,,,,,,,,,,,,,,,,,,,,,,TRUE,FALSE,,,,,,,,,,,,,,,,,
,925,,,,,,,,,,,,,,,,,,,,,,,,,,,,,,,,,,,,,,,,,,,,,,,,,,,,,,,,,,,,,,,,,,,,,,0,,,,,,,,,,,,,,,,,,,,,,,,,,,,TRUE,FALSE,,,,,,,,,,,,,,,,,
,924,,,,,,,,,,,,,,,,,,,,,,,,,,,,,,,,,,,,,,,,,,,,,,,,,,,,,,,,,,,,,,,,,,,,,,0,,,,,,,,,,,,,,,,,,,,,,,,,,,,TRUE,FALSE,,,,,,,,,,,,,,,,,
,923,,,,,,,,,,,,,,,,,,,,,,,,,,,,,,,,,,,,,,,,,,,,,,,,,,,,,,,,,,,,,,,,,,,,,,0,,,,,,,,,,,,,,,,,,,,,,,,,,,,TRUE,FALSE,,,,,,,,,,,,,,,,,
,922,,,,,,,,,,,,,,,,,,,,,,,,,,,,,,,,,,,,,,,,,,,,,,,,,,,,,,,,,,,,,,,,,,,,,,0,,,,,,,,,,,,,,,,,,,,,,,,,,,,TRUE,FALSE,,,,,,,,,,,,,,,,,
,921,,,,,,,,,,,,,,,,,,,,,,,,,,,,,,,,,,,,,,,,,,,,,,,,,,,,,,,,,,,,,,,,,,,,,,0,,,,,,,,,,,,,,,,,,,,,,,,,,,,TRUE,FALSE,,,,,,,,,,,,,,,,,
,920,,,,,,,,,,,,,,,,,,,,,,,,,,,,,,,,,,,,,,,,,,,,,,,,,,,,,,,,,,,,,,,,,,,,,,0,,,,,,,,,,,,,,,,,,,,,,,,,,,,TRUE,FALSE,,,,,,,,,,,,,,,,,
,919,,,,,,,,,,,,,,,,,,,,,,,,,,,,,,,,,,,,,,,,,,,,,,,,,,,,,,,,,,,,,,,,,,,,,,0,,,,,,,,,,,,,,,,,,,,,,,,,,,,TRUE,FALSE,,,,,,,,,,,,,,,,,
,918,,,,,,,,,,,,,,,,,,,,,,,,,,,,,,,,,,,,,,,,,,,,,,,,,,,,,,,,,,,,,,,,,,,,,,0,,,,,,,,,,,,,,,,,,,,,,,,,,,,TRUE,FALSE,,,,,,,,,,,,,,,,,
,917,,,,,,,,,,,,,,,,,,,,,,,,,,,,,,,,,,,,,,,,,,,,,,,,,,,,,,,,,,,,,,,,,,,,,,0,,,,,,,,,,,,,,,,,,,,,,,,,,,,TRUE,FALSE,,,,,,,,,,,,,,,,,
,916,,,,,,,,,,,,,,,,,,,,,,,,,,,,,,,,,,,,,,,,,,,,,,,,,,,,,,,,,,,,,,,,,,,,,,0,,,,,,,,,,,,,,,,,,,,,,,,,,,,TRUE,FALSE,,,,,,,,,,,,,,,,,
,915,,,,,,,,,,,,,,,,,,,,,,,,,,,,,,,,,,,,,,,,,,,,,,,,,,,,,,,,,,,,,,,,,,,,,,0,,,,,,,,,,,,,,,,,,,,,,,,,,,,TRUE,FALSE,,,,,,,,,,,,,,,,,
,914,,,,,,,,,,,,,,,,,,,,,,,,,,,,,,,,,,,,,,,,,,,,,,,,,,,,,,,,,,,,,,,,,,,,,,0,,,,,,,,,,,,,,,,,,,,,,,,,,,,TRUE,FALSE,,,,,,,,,,,,,,,,,
,913,,,,,,,,,,,,,,,,,,,,,,,,,,,,,,,,,,,,,,,,,,,,,,,,,,,,,,,,,,,,,,,,,,,,,,0,,,,,,,,,,,,,,,,,,,,,,,,,,,,TRUE,FALSE,,,,,,,,,,,,,,,,,
,912,,,,,,,,,,,,,,,,,,,,,,,,,,,,,,,,,,,,,,,,,,,,,,,,,,,,,,,,,,,,,,,,,,,,,,0,,,,,,,,,,,,,,,,,,,,,,,,,,,,TRUE,FALSE,,,,,,,,,,,,,,,,,
,911,,,,,,,,,,,,,,,,,,,,,,,,,,,,,,,,,,,,,,,,,,,,,,,,,,,,,,,,,,,,,,,,,,,,,,0,,,,,,,,,,,,,,,,,,,,,,,,,,,,TRUE,FALSE,,,,,,,,,,,,,,,,,
,910,,,,,,,,,,,,,,,,,,,,,,,,,,,,,,,,,,,,,,,,,,,,,,,,,,,,,,,,,,,,,,,,,,,,,,0,,,,,,,,,,,,,,,,,,,,,,,,,,,,TRUE,FALSE,,,,,,,,,,,,,,,,,
,909,,,,,,,,,,,,,,,,,,,,,,,,,,,,,,,,,,,,,,,,,,,,,,,,,,,,,,,,,,,,,,,,,,,,,,0,,,,,,,,,,,,,,,,,,,,,,,,,,,,TRUE,FALSE,,,,,,,,,,,,,,,,,
,908,,,,,,,,,,,,,,,,,,,,,,,,,,,,,,,,,,,,,,,,,,,,,,,,,,,,,,,,,,,,,,,,,,,,,,0,,,,,,,,,,,,,,,,,,,,,,,,,,,,TRUE,FALSE,,,,,,,,,,,,,,,,,
,907,,,,,,,,,,,,,,,,,,,,,,,,,,,,,,,,,,,,,,,,,,,,,,,,,,,,,,,,,,,,,,,,,,,,,,0,,,,,,,,,,,,,,,,,,,,,,,,,,,,TRUE,FALSE,,,,,,,,,,,,,,,,,
,906,,,,,,,,,,,,,,,,,,,,,,,,,,,,,,,,,,,,,,,,,,,,,,,,,,,,,,,,,,,,,,,,,,,,,,0,,,,,,,,,,,,,,,,,,,,,,,,,,,,TRUE,FALSE,,,,,,,,,,,,,,,,,
,905,,,,,,,,,,,,,,,,,,,,,,,,,,,,,,,,,,,,,,,,,,,,,,,,,,,,,,,,,,,,,,,,,,,,,,0,,,,,,,,,,,,,,,,,,,,,,,,,,,,TRUE,FALSE,,,,,,,,,,,,,,,,,
,904,,,,,,,,,,,,,,,,,,,,,,,,,,,,,,,,,,,,,,,,,,,,,,,,,,,,,,,,,,,,,,,,,,,,,,0,,,,,,,,,,,,,,,,,,,,,,,,,,,,TRUE,FALSE,,,,,,,,,,,,,,,,,
,903,,,,,,,,,,,,,,,,,,,,,,,,,,,,,,,,,,,,,,,,,,,,,,,,,,,,,,,,,,,,,,,,,,,,,,0,,,,,,,,,,,,,,,,,,,,,,,,,,,,TRUE,FALSE,,,,,,,,,,,,,,,,,
,902,,,,,,,,,,,,,,,,,,,,,,,,,,,,,,,,,,,,,,,,,,,,,,,,,,,,,,,,,,,,,,,,,,,,,,0,,,,,,,,,,,,,,,,,,,,,,,,,,,,TRUE,FALSE,,,,,,,,,,,,,,,,,
,901,,,,,,,,,,,,,,,,,,,,,,,,,,,,,,,,,,,,,,,,,,,,,,,,,,,,,,,,,,,,,,,,,,,,,,0,,,,,,,,,,,,,,,,,,,,,,,,,,,,TRUE,FALSE,,,,,,,,,,,,,,,,,
,900,,,,,,,,,,,,,,,,,,,,,,,,,,,,,,,,,,,,,,,,,,,,,,,,,,,,,,,,,,,,,,,,,,,,,,0,,,,,,,,,,,,,,,,,,,,,,,,,,,,TRUE,FALSE,,,,,,,,,,,,,,,,,
,899,,,,,,,,,,,,,,,,,,,,,,,,,,,,,,,,,,,,,,,,,,,,,,,,,,,,,,,,,,,,,,,,,,,,,,0,,,,,,,,,,,,,,,,,,,,,,,,,,,,TRUE,FALSE,,,,,,,,,,,,,,,,,
,898,,,,,,,,,,,,,,,,,,,,,,,,,,,,,,,,,,,,,,,,,,,,,,,,,,,,,,,,,,,,,,,,,,,,,,0,,,,,,,,,,,,,,,,,,,,,,,,,,,,TRUE,FALSE,,,,,,,,,,,,,,,,,
,897,,,,,,,,,,,,,,,,,,,,,,,,,,,,,,,,,,,,,,,,,,,,,,,,,,,,,,,,,,,,,,,,,,,,,,0,,,,,,,,,,,,,,,,,,,,,,,,,,,,TRUE,FALSE,,,,,,,,,,,,,,,,,
,896,,,,,,,,,,,,,,,,,,,,,,,,,,,,,,,,,,,,,,,,,,,,,,,,,,,,,,,,,,,,,,,,,,,,,,0,,,,,,,,,,,,,,,,,,,,,,,,,,,,TRUE,FALSE,,,,,,,,,,,,,,,,,
,895,,,,,,,,,,,,,,,,,,,,,,,,,,,,,,,,,,,,,,,,,,,,,,,,,,,,,,,,,,,,,,,,,,,,,,0,,,,,,,,,,,,,,,,,,,,,,,,,,,,TRUE,FALSE,,,,,,,,,,,,,,,,,
,894,,,,,,,,,,,,,,,,,,,,,,,,,,,,,,,,,,,,,,,,,,,,,,,,,,,,,,,,,,,,,,,,,,,,,,0,,,,,,,,,,,,,,,,,,,,,,,,,,,,TRUE,FALSE,,,,,,,,,,,,,,,,,
,893,,,,,,,,,,,,,,,,,,,,,,,,,,,,,,,,,,,,,,,,,,,,,,,,,,,,,,,,,,,,,,,,,,,,,,0,,,,,,,,,,,,,,,,,,,,,,,,,,,,TRUE,FALSE,,,,,,,,,,,,,,,,,
,892,,,,,,,,,,,,,,,,,,,,,,,,,,,,,,,,,,,,,,,,,,,,,,,,,,,,,,,,,,,,,,,,,,,,,,0,,,,,,,,,,,,,,,,,,,,,,,,,,,,TRUE,FALSE,,,,,,,,,,,,,,,,,
,891,,,,,,,,,,,,,,,,,,,,,,,,,,,,,,,,,,,,,,,,,,,,,,,,,,,,,,,,,,,,,,,,,,,,,,0,,,,,,,,,,,,,,,,,,,,,,,,,,,,TRUE,FALSE,,,,,,,,,,,,,,,,,
,890,,,,,,,,,,,,,,,,,,,,,,,,,,,,,,,,,,,,,,,,,,,,,,,,,,,,,,,,,,,,,,,,,,,,,,0,,,,,,,,,,,,,,,,,,,,,,,,,,,,TRUE,FALSE,,,,,,,,,,,,,,,,,
,889,,,,,,,,,,,,,,,,,,,,,,,,,,,,,,,,,,,,,,,,,,,,,,,,,,,,,,,,,,,,,,,,,,,,,,0,,,,,,,,,,,,,,,,,,,,,,,,,,,,TRUE,FALSE,,,,,,,,,,,,,,,,,
,888,,,,,,,,,,,,,,,,,,,,,,,,,,,,,,,,,,,,,,,,,,,,,,,,,,,,,,,,,,,,,,,,,,,,,,0,,,,,,,,,,,,,,,,,,,,,,,,,,,,TRUE,FALSE,,,,,,,,,,,,,,,,,
,887,,,,,,,,,,,,,,,,,,,,,,,,,,,,,,,,,,,,,,,,,,,,,,,,,,,,,,,,,,,,,,,,,,,,,,0,,,,,,,,,,,,,,,,,,,,,,,,,,,,TRUE,FALSE,,,,,,,,,,,,,,,,,
,886,,,,,,,,,,,,,,,,,,,,,,,,,,,,,,,,,,,,,,,,,,,,,,,,,,,,,,,,,,,,,,,,,,,,,,0,,,,,,,,,,,,,,,,,,,,,,,,,,,,TRUE,FALSE,,,,,,,,,,,,,,,,,
,885,,,,,,,,,,,,,,,,,,,,,,,,,,,,,,,,,,,,,,,,,,,,,,,,,,,,,,,,,,,,,,,,,,,,,,0,,,,,,,,,,,,,,,,,,,,,,,,,,,,TRUE,FALSE,,,,,,,,,,,,,,,,,
,884,,,,,,,,,,,,,,,,,,,,,,,,,,,,,,,,,,,,,,,,,,,,,,,,,,,,,,,,,,,,,,,,,,,,,,0,,,,,,,,,,,,,,,,,,,,,,,,,,,,TRUE,FALSE,,,,,,,,,,,,,,,,,
,883,,,,,,,,,,,,,,,,,,,,,,,,,,,,,,,,,,,,,,,,,,,,,,,,,,,,,,,,,,,,,,,,,,,,,,0,,,,,,,,,,,,,,,,,,,,,,,,,,,,TRUE,FALSE,,,,,,,,,,,,,,,,,
,882,,,,,,,,,,,,,,,,,,,,,,,,,,,,,,,,,,,,,,,,,,,,,,,,,,,,,,,,,,,,,,,,,,,,,,0,,,,,,,,,,,,,,,,,,,,,,,,,,,,TRUE,FALSE,,,,,,,,,,,,,,,,,
,881,,,,,,,,,,,,,,,,,,,,,,,,,,,,,,,,,,,,,,,,,,,,,,,,,,,,,,,,,,,,,,,,,,,,,,0,,,,,,,,,,,,,,,,,,,,,,,,,,,,TRUE,FALSE,,,,,,,,,,,,,,,,,
,880,,,,,,,,,,,,,,,,,,,,,,,,,,,,,,,,,,,,,,,,,,,,,,,,,,,,,,,,,,,,,,,,,,,,,,0,,,,,,,,,,,,,,,,,,,,,,,,,,,,TRUE,FALSE,,,,,,,,,,,,,,,,,
,879,,,,,,,,,,,,,,,,,,,,,,,,,,,,,,,,,,,,,,,,,,,,,,,,,,,,,,,,,,,,,,,,,,,,,,0,,,,,,,,,,,,,,,,,,,,,,,,,,,,TRUE,FALSE,,,,,,,,,,,,,,,,,
,878,,,,,,,,,,,,,,,,,,,,,,,,,,,,,,,,,,,,,,,,,,,,,,,,,,,,,,,,,,,,,,,,,,,,,,0,,,,,,,,,,,,,,,,,,,,,,,,,,,,TRUE,FALSE,,,,,,,,,,,,,,,,,
,877,,,,,,,,,,,,,,,,,,,,,,,,,,,,,,,,,,,,,,,,,,,,,,,,,,,,,,,,,,,,,,,,,,,,,,0,,,,,,,,,,,,,,,,,,,,,,,,,,,,TRUE,FALSE,,,,,,,,,,,,,,,,,
,876,,,,,,,,,,,,,,,,,,,,,,,,,,,,,,,,,,,,,,,,,,,,,,,,,,,,,,,,,,,,,,,,,,,,,,0,,,,,,,,,,,,,,,,,,,,,,,,,,,,TRUE,FALSE,,,,,,,,,,,,,,,,,
,875,,,,,,,,,,,,,,,,,,,,,,,,,,,,,,,,,,,,,,,,,,,,,,,,,,,,,,,,,,,,,,,,,,,,,,0,,,,,,,,,,,,,,,,,,,,,,,,,,,,TRUE,FALSE,,,,,,,,,,,,,,,,,
,874,,,,,,,,,,,,,,,,,,,,,,,,,,,,,,,,,,,,,,,,,,,,,,,,,,,,,,,,,,,,,,,,,,,,,,0,,,,,,,,,,,,,,,,,,,,,,,,,,,,TRUE,FALSE,,,,,,,,,,,,,,,,,
,873,,,,,,,,,,,,,,,,,,,,,,,,,,,,,,,,,,,,,,,,,,,,,,,,,,,,,,,,,,,,,,,,,,,,,,0,,,,,,,,,,,,,,,,,,,,,,,,,,,,TRUE,FALSE,,,,,,,,,,,,,,,,,
,872,,,,,,,,,,,,,,,,,,,,,,,,,,,,,,,,,,,,,,,,,,,,,,,,,,,,,,,,,,,,,,,,,,,,,,0,,,,,,,,,,,,,,,,,,,,,,,,,,,,TRUE,FALSE,,,,,,,,,,,,,,,,,
,871,,,,,,,,,,,,,,,,,,,,,,,,,,,,,,,,,,,,,,,,,,,,,,,,,,,,,,,,,,,,,,,,,,,,,,0,,,,,,,,,,,,,,,,,,,,,,,,,,,,TRUE,FALSE,,,,,,,,,,,,,,,,,
,870,,,,,,,,,,,,,,,,,,,,,,,,,,,,,,,,,,,,,,,,,,,,,,,,,,,,,,,,,,,,,,,,,,,,,,0,,,,,,,,,,,,,,,,,,,,,,,,,,,,TRUE,FALSE,,,,,,,,,,,,,,,,,
,869,,,,,,,,,,,,,,,,,,,,,,,,,,,,,,,,,,,,,,,,,,,,,,,,,,,,,,,,,,,,,,,,,,,,,,0,,,,,,,,,,,,,,,,,,,,,,,,,,,,TRUE,FALSE,,,,,,,,,,,,,,,,,
,868,,,,,,,,,,,,,,,,,,,,,,,,,,,,,,,,,,,,,,,,,,,,,,,,,,,,,,,,,,,,,,,,,,,,,,0,,,,,,,,,,,,,,,,,,,,,,,,,,,,TRUE,FALSE,,,,,,,,,,,,,,,,,
,867,,,,,,,,,,,,,,,,,,,,,,,,,,,,,,,,,,,,,,,,,,,,,,,,,,,,,,,,,,,,,,,,,,,,,,0,,,,,,,,,,,,,,,,,,,,,,,,,,,,TRUE,FALSE,,,,,,,,,,,,,,,,,
,866,,,,,,,,,,,,,,,,,,,,,,,,,,,,,,,,,,,,,,,,,,,,,,,,,,,,,,,,,,,,,,,,,,,,,,0,,,,,,,,,,,,,,,,,,,,,,,,,,,,TRUE,FALSE,,,,,,,,,,,,,,,,,
,865,,,,,,,,,,,,,,,,,,,,,,,,,,,,,,,,,,,,,,,,,,,,,,,,,,,,,,,,,,,,,,,,,,,,,,0,,,,,,,,,,,,,,,,,,,,,,,,,,,,TRUE,FALSE,,,,,,,,,,,,,,,,,
,864,,,,,,,,,,,,,,,,,,,,,,,,,,,,,,,,,,,,,,,,,,,,,,,,,,,,,,,,,,,,,,,,,,,,,,0,,,,,,,,,,,,,,,,,,,,,,,,,,,,TRUE,FALSE,,,,,,,,,,,,,,,,,
,863,,,,,,,,,,,,,,,,,,,,,,,,,,,,,,,,,,,,,,,,,,,,,,,,,,,,,,,,,,,,,,,,,,,,,,0,,,,,,,,,,,,,,,,,,,,,,,,,,,,TRUE,FALSE,,,,,,,,,,,,,,,,,
,862,,,,,,,,,,,,,,,,,,,,,,,,,,,,,,,,,,,,,,,,,,,,,,,,,,,,,,,,,,,,,,,,,,,,,,0,,,,,,,,,,,,,,,,,,,,,,,,,,,,TRUE,FALSE,,,,,,,,,,,,,,,,,
,861,,,,,,,,,,,,,,,,,,,,,,,,,,,,,,,,,,,,,,,,,,,,,,,,,,,,,,,,,,,,,,,,,,,,,,0,,,,,,,,,,,,,,,,,,,,,,,,,,,,TRUE,FALSE,,,,,,,,,,,,,,,,,
,860,,,,,,,,,,,,,,,,,,,,,,,,,,,,,,,,,,,,,,,,,,,,,,,,,,,,,,,,,,,,,,,,,,,,,,0,,,,,,,,,,,,,,,,,,,,,,,,,,,,TRUE,FALSE,,,,,,,,,,,,,,,,,
,859,,,,,,,,,,,,,,,,,,,,,,,,,,,,,,,,,,,,,,,,,,,,,,,,,,,,,,,,,,,,,,,,,,,,,,0,,,,,,,,,,,,,,,,,,,,,,,,,,,,TRUE,FALSE,,,,,,,,,,,,,,,,,
,858,,,,,,,,,,,,,,,,,,,,,,,,,,,,,,,,,,,,,,,,,,,,,,,,,,,,,,,,,,,,,,,,,,,,,,0,,,,,,,,,,,,,,,,,,,,,,,,,,,,TRUE,FALSE,,,,,,,,,,,,,,,,,
,857,,,,,,,,,,,,,,,,,,,,,,,,,,,,,,,,,,,,,,,,,,,,,,,,,,,,,,,,,,,,,,,,,,,,,,0,,,,,,,,,,,,,,,,,,,,,,,,,,,,TRUE,FALSE,,,,,,,,,,,,,,,,,
,856,,,,,,,,,,,,,,,,,,,,,,,,,,,,,,,,,,,,,,,,,,,,,,,,,,,,,,,,,,,,,,,,,,,,,,0,,,,,,,,,,,,,,,,,,,,,,,,,,,,TRUE,FALSE,,,,,,,,,,,,,,,,,
,855,,,,,,,,,,,,,,,,,,,,,,,,,,,,,,,,,,,,,,,,,,,,,,,,,,,,,,,,,,,,,,,,,,,,,,0,,,,,,,,,,,,,,,,,,,,,,,,,,,,TRUE,FALSE,,,,,,,,,,,,,,,,,
,854,,,,,,,,,,,,,,,,,,,,,,,,,,,,,,,,,,,,,,,,,,,,,,,,,,,,,,,,,,,,,,,,,,,,,,0,,,,,,,,,,,,,,,,,,,,,,,,,,,,TRUE,FALSE,,,,,,,,,,,,,,,,,
,853,,,,,,,,,,,,,,,,,,,,,,,,,,,,,,,,,,,,,,,,,,,,,,,,,,,,,,,,,,,,,,,,,,,,,,0,,,,,,,,,,,,,,,,,,,,,,,,,,,,TRUE,FALSE,,,,,,,,,,,,,,,,,
,852,,,,,,,,,,,,,,,,,,,,,,,,,,,,,,,,,,,,,,,,,,,,,,,,,,,,,,,,,,,,,,,,,,,,,,0,,,,,,,,,,,,,,,,,,,,,,,,,,,,TRUE,FALSE,,,,,,,,,,,,,,,,,
,851,,,,,,,,,,,,,,,,,,,,,,,,,,,,,,,,,,,,,,,,,,,,,,,,,,,,,,,,,,,,,,,,,,,,,,0,,,,,,,,,,,,,,,,,,,,,,,,,,,,TRUE,FALSE,,,,,,,,,,,,,,,,,
,850,,,,,,,,,,,,,,,,,,,,,,,,,,,,,,,,,,,,,,,,,,,,,,,,,,,,,,,,,,,,,,,,,,,,,,0,,,,,,,,,,,,,,,,,,,,,,,,,,,,TRUE,FALSE,,,,,,,,,,,,,,,,,
,849,,,,,,,,,,,,,,,,,,,,,,,,,,,,,,,,,,,,,,,,,,,,,,,,,,,,,,,,,,,,,,,,,,,,,,0,,,,,,,,,,,,,,,,,,,,,,,,,,,,TRUE,FALSE,,,,,,,,,,,,,,,,,
,848,,,,,,,,,,,,,,,,,,,,,,,,,,,,,,,,,,,,,,,,,,,,,,,,,,,,,,,,,,,,,,,,,,,,,,0,,,,,,,,,,,,,,,,,,,,,,,,,,,,TRUE,FALSE,,,,,,,,,,,,,,,,,
,847,,,,,,,,,,,,,,,,,,,,,,,,,,,,,,,,,,,,,,,,,,,,,,,,,,,,,,,,,,,,,,,,,,,,,,0,,,,,,,,,,,,,,,,,,,,,,,,,,,,TRUE,FALSE,,,,,,,,,,,,,,,,,
,846,,,,,,,,,,,,,,,,,,,,,,,,,,,,,,,,,,,,,,,,,,,,,,,,,,,,,,,,,,,,,,,,,,,,,,0,,,,,,,,,,,,,,,,,,,,,,,,,,,,TRUE,FALSE,,,,,,,,,,,,,,,,,
,845,,,,,,,,,,,,,,,,,,,,,,,,,,,,,,,,,,,,,,,,,,,,,,,,,,,,,,,,,,,,,,,,,,,,,,0,,,,,,,,,,,,,,,,,,,,,,,,,,,,TRUE,FALSE,,,,,,,,,,,,,,,,,
,844,,,,,,,,,,,,,,,,,,,,,,,,,,,,,,,,,,,,,,,,,,,,,,,,,,,,,,,,,,,,,,,,,,,,,,0,,,,,,,,,,,,,,,,,,,,,,,,,,,,TRUE,FALSE,,,,,,,,,,,,,,,,,
,843,,,,,,,,,,,,,,,,,,,,,,,,,,,,,,,,,,,,,,,,,,,,,,,,,,,,,,,,,,,,,,,,,,,,,,0,,,,,,,,,,,,,,,,,,,,,,,,,,,,TRUE,FALSE,,,,,,,,,,,,,,,,,
,842,,,,,,,,,,,,,,,,,,,,,,,,,,,,,,,,,,,,,,,,,,,,,,,,,,,,,,,,,,,,,,,,,,,,,,0,,,,,,,,,,,,,,,,,,,,,,,,,,,,TRUE,FALSE,,,,,,,,,,,,,,,,,
,841,,,,,,,,,,,,,,,,,,,,,,,,,,,,,,,,,,,,,,,,,,,,,,,,,,,,,,,,,,,,,,,,,,,,,,0,,,,,,,,,,,,,,,,,,,,,,,,,,,,TRUE,FALSE,,,,,,,,,,,,,,,,,
,840,,,,,,,,,,,,,,,,,,,,,,,,,,,,,,,,,,,,,,,,,,,,,,,,,,,,,,,,,,,,,,,,,,,,,,0,,,,,,,,,,,,,,,,,,,,,,,,,,,,TRUE,FALSE,,,,,,,,,,,,,,,,,
,839,,,,,,,,,,,,,,,,,,,,,,,,,,,,,,,,,,,,,,,,,,,,,,,,,,,,,,,,,,,,,,,,,,,,,,0,,,,,,,,,,,,,,,,,,,,,,,,,,,,TRUE,FALSE,,,,,,,,,,,,,,,,,
,838,,,,,,,,,,,,,,,,,,,,,,,,,,,,,,,,,,,,,,,,,,,,,,,,,,,,,,,,,,,,,,,,,,,,,,0,,,,,,,,,,,,,,,,,,,,,,,,,,,,TRUE,FALSE,,,,,,,,,,,,,,,,,
,837,,,,,,,,,,,,,,,,,,,,,,,,,,,,,,,,,,,,,,,,,,,,,,,,,,,,,,,,,,,,,,,,,,,,,,0,,,,,,,,,,,,,,,,,,,,,,,,,,,,TRUE,FALSE,,,,,,,,,,,,,,,,,
,836,,,,,,,,,,,,,,,,,,,,,,,,,,,,,,,,,,,,,,,,,,,,,,,,,,,,,,,,,,,,,,,,,,,,,,0,,,,,,,,,,,,,,,,,,,,,,,,,,,,TRUE,FALSE,,,,,,,,,,,,,,,,,
,835,,,,,,,,,,,,,,,,,,,,,,,,,,,,,,,,,,,,,,,,,,,,,,,,,,,,,,,,,,,,,,,,,,,,,,0,,,,,,,,,,,,,,,,,,,,,,,,,,,,TRUE,FALSE,,,,,,,,,,,,,,,,,
,834,,,,,,,,,,,,,,,,,,,,,,,,,,,,,,,,,,,,,,,,,,,,,,,,,,,,,,,,,,,,,,,,,,,,,,0,,,,,,,,,,,,,,,,,,,,,,,,,,,,TRUE,FALSE,,,,,,,,,,,,,,,,,
,833,,,,,,,,,,,,,,,,,,,,,,,,,,,,,,,,,,,,,,,,,,,,,,,,,,,,,,,,,,,,,,,,,,,,,,0,,,,,,,,,,,,,,,,,,,,,,,,,,,,TRUE,FALSE,,,,,,,,,,,,,,,,,
,832,,,,,,,,,,,,,,,,,,,,,,,,,,,,,,,,,,,,,,,,,,,,,,,,,,,,,,,,,,,,,,,,,,,,,,0,,,,,,,,,,,,,,,,,,,,,,,,,,,,TRUE,FALSE,,,,,,,,,,,,,,,,,
,831,,,,,,,,,,,,,,,,,,,,,,,,,,,,,,,,,,,,,,,,,,,,,,,,,,,,,,,,,,,,,,,,,,,,,,0,,,,,,,,,,,,,,,,,,,,,,,,,,,,TRUE,FALSE,,,,,,,,,,,,,,,,,
,830,,,,,,,,,,,,,,,,,,,,,,,,,,,,,,,,,,,,,,,,,,,,,,,,,,,,,,,,,,,,,,,,,,,,,,0,,,,,,,,,,,,,,,,,,,,,,,,,,,,TRUE,FALSE,,,,,,,,,,,,,,,,,
,829,,,,,,,,,,,,,,,,,,,,,,,,,,,,,,,,,,,,,,,,,,,,,,,,,,,,,,,,,,,,,,,,,,,,,,0,,,,,,,,,,,,,,,,,,,,,,,,,,,,TRUE,FALSE,,,,,,,,,,,,,,,,,
,828,,,,,,,,,,,,,,,,,,,,,,,,,,,,,,,,,,,,,,,,,,,,,,,,,,,,,,,,,,,,,,,,,,,,,,0,,,,,,,,,,,,,,,,,,,,,,,,,,,,TRUE,FALSE,,,,,,,,,,,,,,,,,
,827,,,,,,,,,,,,,,,,,,,,,,,,,,,,,,,,,,,,,,,,,,,,,,,,,,,,,,,,,,,,,,,,,,,,,,0,,,,,,,,,,,,,,,,,,,,,,,,,,,,TRUE,FALSE,,,,,,,,,,,,,,,,,
,826,,,,,,,,,,,,,,,,,,,,,,,,,,,,,,,,,,,,,,,,,,,,,,,,,,,,,,,,,,,,,,,,,,,,,,0,,,,,,,,,,,,,,,,,,,,,,,,,,,,TRUE,FALSE,,,,,,,,,,,,,,,,,
,825,,,,,,,,,,,,,,,,,,,,,,,,,,,,,,,,,,,,,,,,,,,,,,,,,,,,,,,,,,,,,,,,,,,,,,0,,,,,,,,,,,,,,,,,,,,,,,,,,,,TRUE,FALSE,,,,,,,,,,,,,,,,,
,824,,,,,,,,,,,,,,,,,,,,,,,,,,,,,,,,,,,,,,,,,,,,,,,,,,,,,,,,,,,,,,,,,,,,,,0,,,,,,,,,,,,,,,,,,,,,,,,,,,,TRUE,FALSE,,,,,,,,,,,,,,,,,
,823,,,,,,,,,,,,,,,,,,,,,,,,,,,,,,,,,,,,,,,,,,,,,,,,,,,,,,,,,,,,,,,,,,,,,,0,,,,,,,,,,,,,,,,,,,,,,,,,,,,TRUE,FALSE,,,,,,,,,,,,,,,,,
,822,,,,,,,,,,,,,,,,,,,,,,,,,,,,,,,,,,,,,,,,,,,,,,,,,,,,,,,,,,,,,,,,,,,,,,0,,,,,,,,,,,,,,,,,,,,,,,,,,,,TRUE,FALSE,,,,,,,,,,,,,,,,,
,821,,,,,,,,,,,,,,,,,,,,,,,,,,,,,,,,,,,,,,,,,,,,,,,,,,,,,,,,,,,,,,,,,,,,,,0,,,,,,,,,,,,,,,,,,,,,,,,,,,,TRUE,FALSE,,,,,,,,,,,,,,,,,
,820,,,,,,,,,,,,,,,,,,,,,,,,,,,,,,,,,,,,,,,,,,,,,,,,,,,,,,,,,,,,,,,,,,,,,,0,,,,,,,,,,,,,,,,,,,,,,,,,,,,TRUE,FALSE,,,,,,,,,,,,,,,,,
,819,,,,,,,,,,,,,,,,,,,,,,,,,,,,,,,,,,,,,,,,,,,,,,,,,,,,,,,,,,,,,,,,,,,,,,0,,,,,,,,,,,,,,,,,,,,,,,,,,,,TRUE,FALSE,,,,,,,,,,,,,,,,,
,818,,,,,,,,,,,,,,,,,,,,,,,,,,,,,,,,,,,,,,,,,,,,,,,,,,,,,,,,,,,,,,,,,,,,,,0,,,,,,,,,,,,,,,,,,,,,,,,,,,,TRUE,FALSE,,,,,,,,,,,,,,,,,
,817,,,,,,,,,,,,,,,,,,,,,,,,,,,,,,,,,,,,,,,,,,,,,,,,,,,,,,,,,,,,,,,,,,,,,,0,,,,,,,,,,,,,,,,,,,,,,,,,,,,TRUE,FALSE,,,,,,,,,,,,,,,,,
,816,,,,,,,,,,,,,,,,,,,,,,,,,,,,,,,,,,,,,,,,,,,,,,,,,,,,,,,,,,,,,,,,,,,,,,0,,,,,,,,,,,,,,,,,,,,,,,,,,,,TRUE,FALSE,,,,,,,,,,,,,,,,,
,815,,,,,,,,,,,,,,,,,,,,,,,,,,,,,,,,,,,,,,,,,,,,,,,,,,,,,,,,,,,,,,,,,,,,,,0,,,,,,,,,,,,,,,,,,,,,,,,,,,,TRUE,FALSE,,,,,,,,,,,,,,,,,
,814,,,,,,,,,,,,,,,,,,,,,,,,,,,,,,,,,,,,,,,,,,,,,,,,,,,,,,,,,,,,,,,,,,,,,,0,,,,,,,,,,,,,,,,,,,,,,,,,,,,TRUE,FALSE,,,,,,,,,,,,,,,,,
,813,,,,,,,,,,,,,,,,,,,,,,,,,,,,,,,,,,,,,,,,,,,,,,,,,,,,,,,,,,,,,,,,,,,,,,0,,,,,,,,,,,,,,,,,,,,,,,,,,,,TRUE,FALSE,,,,,,,,,,,,,,,,,
,812,,,,,,,,,,,,,,,,,,,,,,,,,,,,,,,,,,,,,,,,,,,,,,,,,,,,,,,,,,,,,,,,,,,,,,0,,,,,,,,,,,,,,,,,,,,,,,,,,,,TRUE,FALSE,,,,,,,,,,,,,,,,,
,811,,,,,,,,,,,,,,,,,,,,,,,,,,,,,,,,,,,,,,,,,,,,,,,,,,,,,,,,,,,,,,,,,,,,,,0,,,,,,,,,,,,,,,,,,,,,,,,,,,,TRUE,FALSE,,,,,,,,,,,,,,,,,
,810,,,,,,,,,,,,,,,,,,,,,,,,,,,,,,,,,,,,,,,,,,,,,,,,,,,,,,,,,,,,,,,,,,,,,,0,,,,,,,,,,,,,,,,,,,,,,,,,,,,TRUE,FALSE,,,,,,,,,,,,,,,,,
,809,,,,,,,,,,,,,,,,,,,,,,,,,,,,,,,,,,,,,,,,,,,,,,,,,,,,,,,,,,,,,,,,,,,,,,0,,,,,,,,,,,,,,,,,,,,,,,,,,,,TRUE,FALSE,,,,,,,,,,,,,,,,,
,808,,,,,,,,,,,,,,,,,,,,,,,,,,,,,,,,,,,,,,,,,,,,,,,,,,,,,,,,,,,,,,,,,,,,,,0,,,,,,,,,,,,,,,,,,,,,,,,,,,,TRUE,FALSE,,,,,,,,,,,,,,,,,
,807,,,,,,,,,,,,,,,,,,,,,,,,,,,,,,,,,,,,,,,,,,,,,,,,,,,,,,,,,,,,,,,,,,,,,,0,,,,,,,,,,,,,,,,,,,,,,,,,,,,TRUE,FALSE,,,,,,,,,,,,,,,,,
,806,,,,,,,,,,,,,,,,,,,,,,,,,,,,,,,,,,,,,,,,,,,,,,,,,,,,,,,,,,,,,,,,,,,,,,0,,,,,,,,,,,,,,,,,,,,,,,,,,,,TRUE,FALSE,,,,,,,,,,,,,,,,,
,805,,,,,,,,,,,,,,,,,,,,,,,,,,,,,,,,,,,,,,,,,,,,,,,,,,,,,,,,,,,,,,,,,,,,,,0,,,,,,,,,,,,,,,,,,,,,,,,,,,,TRUE,FALSE,,,,,,,,,,,,,,,,,
,804,,,,,,,,,,,,,,,,,,,,,,,,,,,,,,,,,,,,,,,,,,,,,,,,,,,,,,,,,,,,,,,,,,,,,,0,,,,,,,,,,,,,,,,,,,,,,,,,,,,TRUE,FALSE,,,,,,,,,,,,,,,,,
,803,,,,,,,,,,,,,,,,,,,,,,,,,,,,,,,,,,,,,,,,,,,,,,,,,,,,,,,,,,,,,,,,,,,,,,0,,,,,,,,,,,,,,,,,,,,,,,,,,,,TRUE,FALSE,,,,,,,,,,,,,,,,,
,802,,,,,,,,,,,,,,,,,,,,,,,,,,,,,,,,,,,,,,,,,,,,,,,,,,,,,,,,,,,,,,,,,,,,,,0,,,,,,,,,,,,,,,,,,,,,,,,,,,,TRUE,FALSE,,,,,,,,,,,,,,,,,
,801,,,,,,,,,,,,,,,,,,,,,,,,,,,,,,,,,,,,,,,,,,,,,,,,,,,,,,,,,,,,,,,,,,,,,,0,,,,,,,,,,,,,,,,,,,,,,,,,,,,TRUE,FALSE,,,,,,,,,,,,,,,,,
,800,,,,,,,,,,,,,,,,,,,,,,,,,,,,,,,,,,,,,,,,,,,,,,,,,,,,,,,,,,,,,,,,,,,,,,0,,,,,,,,,,,,,,,,,,,,,,,,,,,,TRUE,FALSE,,,,,,,,,,,,,,,,,
,799,,,,,,,,,,,,,,,,,,,,,,,,,,,,,,,,,,,,,,,,,,,,,,,,,,,,,,,,,,,,,,,,,,,,,,0,,,,,,,,,,,,,,,,,,,,,,,,,,,,TRUE,FALSE,,,,,,,,,,,,,,,,,
,798,,,,,,,,,,,,,,,,,,,,,,,,,,,,,,,,,,,,,,,,,,,,,,,,,,,,,,,,,,,,,,,,,,,,,,0,,,,,,,,,,,,,,,,,,,,,,,,,,,,TRUE,FALSE,,,,,,,,,,,,,,,,,
,797,,,,,,,,,,,,,,,,,,,,,,,,,,,,,,,,,,,,,,,,,,,,,,,,,,,,,,,,,,,,,,,,,,,,,,0,,,,,,,,,,,,,,,,,,,,,,,,,,,,TRUE,FALSE,,,,,,,,,,,,,,,,,
,796,,,,,,,,,,,,,,,,,,,,,,,,,,,,,,,,,,,,,,,,,,,,,,,,,,,,,,,,,,,,,,,,,,,,,,0,,,,,,,,,,,,,,,,,,,,,,,,,,,,TRUE,FALSE,,,,,,,,,,,,,,,,,
,795,,,,,,,,,,,,,,,,,,,,,,,,,,,,,,,,,,,,,,,,,,,,,,,,,,,,,,,,,,,,,,,,,,,,,,0,,,,,,,,,,,,,,,,,,,,,,,,,,,,TRUE,FALSE,,,,,,,,,,,,,,,,,
,794,,,,,,,,,,,,,,,,,,,,,,,,,,,,,,,,,,,,,,,,,,,,,,,,,,,,,,,,,,,,,,,,,,,,,,0,,,,,,,,,,,,,,,,,,,,,,,,,,,,TRUE,FALSE,,,,,,,,,,,,,,,,,
,793,,,,,,,,,,,,,,,,,,,,,,,,,,,,,,,,,,,,,,,,,,,,,,,,,,,,,,,,,,,,,,,,,,,,,,0,,,,,,,,,,,,,,,,,,,,,,,,,,,,TRUE,FALSE,,,,,,,,,,,,,,,,,
,792,,,,,,,,,,,,,,,,,,,,,,,,,,,,,,,,,,,,,,,,,,,,,,,,,,,,,,,,,,,,,,,,,,,,,,0,,,,,,,,,,,,,,,,,,,,,,,,,,,,TRUE,FALSE,,,,,,,,,,,,,,,,,
,791,,,,,,,,,,,,,,,,,,,,,,,,,,,,,,,,,,,,,,,,,,,,,,,,,,,,,,,,,,,,,,,,,,,,,,0,,,,,,,,,,,,,,,,,,,,,,,,,,,,TRUE,FALSE,,,,,,,,,,,,,,,,,
,790,,,,,,,,,,,,,,,,,,,,,,,,,,,,,,,,,,,,,,,,,,,,,,,,,,,,,,,,,,,,,,,,,,,,,,0,,,,,,,,,,,,,,,,,,,,,,,,,,,,TRUE,FALSE,,,,,,,,,,,,,,,,,
,789,,,,,,,,,,,,,,,,,,,,,,,,,,,,,,,,,,,,,,,,,,,,,,,,,,,,,,,,,,,,,,,,,,,,,,0,,,,,,,,,,,,,,,,,,,,,,,,,,,,TRUE,FALSE,,,,,,,,,,,,,,,,,
,788,,,,,,,,,,,,,,,,,,,,,,,,,,,,,,,,,,,,,,,,,,,,,,,,,,,,,,,,,,,,,,,,,,,,,,0,,,,,,,,,,,,,,,,,,,,,,,,,,,,TRUE,FALSE,,,,,,,,,,,,,,,,,
,787,,,,,,,,,,,,,,,,,,,,,,,,,,,,,,,,,,,,,,,,,,,,,,,,,,,,,,,,,,,,,,,,,,,,,,0,,,,,,,,,,,,,,,,,,,,,,,,,,,,TRUE,FALSE,,,,,,,,,,,,,,,,,
,786,,,,,,,,,,,,,,,,,,,,,,,,,,,,,,,,,,,,,,,,,,,,,,,,,,,,,,,,,,,,,,,,,,,,,,0,,,,,,,,,,,,,,,,,,,,,,,,,,,,TRUE,FALSE,,,,,,,,,,,,,,,,,
,785,,,,,,,,,,,,,,,,,,,,,,,,,,,,,,,,,,,,,,,,,,,,,,,,,,,,,,,,,,,,,,,,,,,,,,0,,,,,,,,,,,,,,,,,,,,,,,,,,,,TRUE,FALSE,,,,,,,,,,,,,,,,,
,784,,,,,,,,,,,,,,,,,,,,,,,,,,,,,,,,,,,,,,,,,,,,,,,,,,,,,,,,,,,,,,,,,,,,,,0,,,,,,,,,,,,,,,,,,,,,,,,,,,,TRUE,FALSE,,,,,,,,,,,,,,,,,
,783,,,,,,,,,,,,,,,,,,,,,,,,,,,,,,,,,,,,,,,,,,,,,,,,,,,,,,,,,,,,,,,,,,,,,,0,,,,,,,,,,,,,,,,,,,,,,,,,,,,TRUE,FALSE,,,,,,,,,,,,,,,,,
,782,,,,,,,,,,,,,,,,,,,,,,,,,,,,,,,,,,,,,,,,,,,,,,,,,,,,,,,,,,,,,,,,,,,,,,0,,,,,,,,,,,,,,,,,,,,,,,,,,,,TRUE,FALSE,,,,,,,,,,,,,,,,,
,781,,,,,,,,,,,,,,,,,,,,,,,,,,,,,,,,,,,,,,,,,,,,,,,,,,,,,,,,,,,,,,,,,,,,,,0,,,,,,,,,,,,,,,,,,,,,,,,,,,,TRUE,FALSE,,,,,,,,,,,,,,,,,
,780,,,,,,,,,,,,,,,,,,,,,,,,,,,,,,,,,,,,,,,,,,,,,,,,,,,,,,,,,,,,,,,,,,,,,,0,,,,,,,,,,,,,,,,,,,,,,,,,,,,TRUE,FALSE,,,,,,,,,,,,,,,,,
,779,,,,,,,,,,,,,,,,,,,,,,,,,,,,,,,,,,,,,,,,,,,,,,,,,,,,,,,,,,,,,,,,,,,,,,0,,,,,,,,,,,,,,,,,,,,,,,,,,,,TRUE,FALSE,,,,,,,,,,,,,,,,,
,778,,,,,,,,,,,,,,,,,,,,,,,,,,,,,,,,,,,,,,,,,,,,,,,,,,,,,,,,,,,,,,,,,,,,,,0,,,,,,,,,,,,,,,,,,,,,,,,,,,,TRUE,FALSE,,,,,,,,,,,,,,,,,
,777,,,,,,,,,,,,,,,,,,,,,,,,,,,,,,,,,,,,,,,,,,,,,,,,,,,,,,,,,,,,,,,,,,,,,,0,,,,,,,,,,,,,,,,,,,,,,,,,,,,TRUE,FALSE,,,,,,,,,,,,,,,,,
,776,,,,,,,,,,,,,,,,,,,,,,,,,,,,,,,,,,,,,,,,,,,,,,,,,,,,,,,,,,,,,,,,,,,,,,0,,,,,,,,,,,,,,,,,,,,,,,,,,,,TRUE,FALSE,,,,,,,,,,,,,,,,,
,775,,,,,,,,,,,,,,,,,,,,,,,,,,,,,,,,,,,,,,,,,,,,,,,,,,,,,,,,,,,,,,,,,,,,,,0,,,,,,,,,,,,,,,,,,,,,,,,,,,,TRUE,FALSE,,,,,,,,,,,,,,,,,
,774,,,,,,,,,,,,,,,,,,,,,,,,,,,,,,,,,,,,,,,,,,,,,,,,,,,,,,,,,,,,,,,,,,,,,,0,,,,,,,,,,,,,,,,,,,,,,,,,,,,TRUE,FALSE,,,,,,,,,,,,,,,,,
,773,,,,,,,,,,,,,,,,,,,,,,,,,,,,,,,,,,,,,,,,,,,,,,,,,,,,,,,,,,,,,,,,,,,,,,0,,,,,,,,,,,,,,,,,,,,,,,,,,,,TRUE,FALSE,,,,,,,,,,,,,,,,,
,772,,,,,,,,,,,,,,,,,,,,,,,,,,,,,,,,,,,,,,,,,,,,,,,,,,,,,,,,,,,,,,,,,,,,,,0,,,,,,,,,,,,,,,,,,,,,,,,,,,,TRUE,FALSE,,,,,,,,,,,,,,,,,
,771,,,,,,,,,,,,,,,,,,,,,,,,,,,,,,,,,,,,,,,,,,,,,,,,,,,,,,,,,,,,,,,,,,,,,,0,,,,,,,,,,,,,,,,,,,,,,,,,,,,TRUE,FALSE,,,,,,,,,,,,,,,,,
,770,,,,,,,,,,,,,,,,,,,,,,,,,,,,,,,,,,,,,,,,,,,,,,,,,,,,,,,,,,,,,,,,,,,,,,0,,,,,,,,,,,,,,,,,,,,,,,,,,,,TRUE,FALSE,,,,,,,,,,,,,,,,,
,769,,,,,,,,,,,,,,,,,,,,,,,,,,,,,,,,,,,,,,,,,,,,,,,,,,,,,,,,,,,,,,,,,,,,,,0,,,,,,,,,,,,,,,,,,,,,,,,,,,,TRUE,FALSE,,,,,,,,,,,,,,,,,
,768,,,,,,,,,,,,,,,,,,,,,,,,,,,,,,,,,,,,,,,,,,,,,,,,,,,,,,,,,,,,,,,,,,,,,,0,,,,,,,,,,,,,,,,,,,,,,,,,,,,TRUE,FALSE,,,,,,,,,,,,,,,,,
,767,,,,,,,,,,,,,,,,,,,,,,,,,,,,,,,,,,,,,,,,,,,,,,,,,,,,,,,,,,,,,,,,,,,,,,0,,,,,,,,,,,,,,,,,,,,,,,,,,,,TRUE,FALSE,,,,,,,,,,,,,,,,,
,766,,,,,,,,,,,,,,,,,,,,,,,,,,,,,,,,,,,,,,,,,,,,,,,,,,,,,,,,,,,,,,,,,,,,,,0,,,,,,,,,,,,,,,,,,,,,,,,,,,,TRUE,FALSE,,,,,,,,,,,,,,,,,
,765,,,,,,,,,,,,,,,,,,,,,,,,,,,,,,,,,,,,,,,,,,,,,,,,,,,,,,,,,,,,,,,,,,,,,,0,,,,,,,,,,,,,,,,,,,,,,,,,,,,TRUE,FALSE,,,,,,,,,,,,,,,,,
,764,,,,,,,,,,,,,,,,,,,,,,,,,,,,,,,,,,,,,,,,,,,,,,,,,,,,,,,,,,,,,,,,,,,,,,0,,,,,,,,,,,,,,,,,,,,,,,,,,,,TRUE,FALSE,,,,,,,,,,,,,,,,,
,763,,,,,,,,,,,,,,,,,,,,,,,,,,,,,,,,,,,,,,,,,,,,,,,,,,,,,,,,,,,,,,,,,,,,,,0,,,,,,,,,,,,,,,,,,,,,,,,,,,,TRUE,FALSE,,,,,,,,,,,,,,,,,
,762,,,,,,,,,,,,,,,,,,,,,,,,,,,,,,,,,,,,,,,,,,,,,,,,,,,,,,,,,,,,,,,,,,,,,,0,,,,,,,,,,,,,,,,,,,,,,,,,,,,TRUE,FALSE,,,,,,,,,,,,,,,,,
,761,,,,,,,,,,,,,,,,,,,,,,,,,,,,,,,,,,,,,,,,,,,,,,,,,,,,,,,,,,,,,,,,,,,,,,0,,,,,,,,,,,,,,,,,,,,,,,,,,,,TRUE,FALSE,,,,,,,,,,,,,,,,,
,760,,,,,,,,,,,,,,,,,,,,,,,,,,,,,,,,,,,,,,,,,,,,,,,,,,,,,,,,,,,,,,,,,,,,,,0,,,,,,,,,,,,,,,,,,,,,,,,,,,,TRUE,FALSE,,,,,,,,,,,,,,,,,
,759,,,,,,,,,,,,,,,,,,,,,,,,,,,,,,,,,,,,,,,,,,,,,,,,,,,,,,,,,,,,,,,,,,,,,,0,,,,,,,,,,,,,,,,,,,,,,,,,,,,TRUE,FALSE,,,,,,,,,,,,,,,,,
,758,,,,,,,,,,,,,,,,,,,,,,,,,,,,,,,,,,,,,,,,,,,,,,,,,,,,,,,,,,,,,,,,,,,,,,0,,,,,,,,,,,,,,,,,,,,,,,,,,,,TRUE,FALSE,,,,,,,,,,,,,,,,,
,757,,,,,,,,,,,,,,,,,,,,,,,,,,,,,,,,,,,,,,,,,,,,,,,,,,,,,,,,,,,,,,,,,,,,,,0,,,,,,,,,,,,,,,,,,,,,,,,,,,,TRUE,FALSE,,,,,,,,,,,,,,,,,
,756,,,,,,,,,,,,,,,,,,,,,,,,,,,,,,,,,,,,,,,,,,,,,,,,,,,,,,,,,,,,,,,,,,,,,,0,,,,,,,,,,,,,,,,,,,,,,,,,,,,TRUE,FALSE,,,,,,,,,,,,,,,,,
,755,,,,,,,,,,,,,,,,,,,,,,,,,,,,,,,,,,,,,,,,,,,,,,,,,,,,,,,,,,,,,,,,,,,,,,0,,,,,,,,,,,,,,,,,,,,,,,,,,,,TRUE,FALSE,,,,,,,,,,,,,,,,,
,754,,,,,,,,,,,,,,,,,,,,,,,,,,,,,,,,,,,,,,,,,,,,,,,,,,,,,,,,,,,,,,,,,,,,,,0,,,,,,,,,,,,,,,,,,,,,,,,,,,,TRUE,FALSE,,,,,,,,,,,,,,,,,
,753,,,,,,,,,,,,,,,,,,,,,,,,,,,,,,,,,,,,,,,,,,,,,,,,,,,,,,,,,,,,,,,,,,,,,,0,,,,,,,,,,,,,,,,,,,,,,,,,,,,TRUE,FALSE,,,,,,,,,,,,,,,,,
,752,,,,,,,,,,,,,,,,,,,,,,,,,,,,,,,,,,,,,,,,,,,,,,,,,,,,,,,,,,,,,,,,,,,,,,0,,,,,,,,,,,,,,,,,,,,,,,,,,,,TRUE,FALSE,,,,,,,,,,,,,,,,,
,751,,,,,,,,,,,,,,,,,,,,,,,,,,,,,,,,,,,,,,,,,,,,,,,,,,,,,,,,,,,,,,,,,,,,,,0,,,,,,,,,,,,,,,,,,,,,,,,,,,,TRUE,FALSE,,,,,,,,,,,,,,,,,
,750,,,,,,,,,,,,,,,,,,,,,,,,,,,,,,,,,,,,,,,,,,,,,,,,,,,,,,,,,,,,,,,,,,,,,,0,,,,,,,,,,,,,,,,,,,,,,,,,,,,TRUE,FALSE,,,,,,,,,,,,,,,,,
,749,,,,,,,,,,,,,,,,,,,,,,,,,,,,,,,,,,,,,,,,,,,,,,,,,,,,,,,,,,,,,,,,,,,,,,0,,,,,,,,,,,,,,,,,,,,,,,,,,,,TRUE,FALSE,,,,,,,,,,,,,,,,,
,748,,,,,,,,,,,,,,,,,,,,,,,,,,,,,,,,,,,,,,,,,,,,,,,,,,,,,,,,,,,,,,,,,,,,,,0,,,,,,,,,,,,,,,,,,,,,,,,,,,,TRUE,FALSE,,,,,,,,,,,,,,,,,
,747,,,,,,,,,,,,,,,,,,,,,,,,,,,,,,,,,,,,,,,,,,,,,,,,,,,,,,,,,,,,,,,,,,,,,,0,,,,,,,,,,,,,,,,,,,,,,,,,,,,TRUE,FALSE,,,,,,,,,,,,,,,,,
,746,,,,,,,,,,,,,,,,,,,,,,,,,,,,,,,,,,,,,,,,,,,,,,,,,,,,,,,,,,,,,,,,,,,,,,0,,,,,,,,,,,,,,,,,,,,,,,,,,,,TRUE,FALSE,,,,,,,,,,,,,,,,,
,745,,,,,,,,,,,,,,,,,,,,,,,,,,,,,,,,,,,,,,,,,,,,,,,,,,,,,,,,,,,,,,,,,,,,,,0,,,,,,,,,,,,,,,,,,,,,,,,,,,,TRUE,FALSE,,,,,,,,,,,,,,,,,
,744,,,,,,,,,,,,,,,,,,,,,,,,,,,,,,,,,,,,,,,,,,,,,,,,,,,,,,,,,,,,,,,,,,,,,,0,,,,,,,,,,,,,,,,,,,,,,,,,,,,TRUE,FALSE,,,,,,,,,,,,,,,,,
,743,,,,,,,,,,,,,,,,,,,,,,,,,,,,,,,,,,,,,,,,,,,,,,,,,,,,,,,,,,,,,,,,,,,,,,0,,,,,,,,,,,,,,,,,,,,,,,,,,,,TRUE,FALSE,,,,,,,,,,,,,,,,,
,742,,,,,,,,,,,,,,,,,,,,,,,,,,,,,,,,,,,,,,,,,,,,,,,,,,,,,,,,,,,,,,,,,,,,,,0,,,,,,,,,,,,,,,,,,,,,,,,,,,,TRUE,FALSE,,,,,,,,,,,,,,,,,
,741,,,,,,,,,,,,,,,,,,,,,,,,,,,,,,,,,,,,,,,,,,,,,,,,,,,,,,,,,,,,,,,,,,,,,,0,,,,,,,,,,,,,,,,,,,,,,,,,,,,TRUE,FALSE,,,,,,,,,,,,,,,,,
,740,,,,,,,,,,,,,,,,,,,,,,,,,,,,,,,,,,,,,,,,,,,,,,,,,,,,,,,,,,,,,,,,,,,,,,0,,,,,,,,,,,,,,,,,,,,,,,,,,,,TRUE,FALSE,,,,,,,,,,,,,,,,,
,739,,,,,,,,,,,,,,,,,,,,,,,,,,,,,,,,,,,,,,,,,,,,,,,,,,,,,,,,,,,,,,,,,,,,,,0,,,,,,,,,,,,,,,,,,,,,,,,,,,,TRUE,FALSE,,,,,,,,,,,,,,,,,
,738,,,,,,,,,,,,,,,,,,,,,,,,,,,,,,,,,,,,,,,,,,,,,,,,,,,,,,,,,,,,,,,,,,,,,,0,,,,,,,,,,,,,,,,,,,,,,,,,,,,TRUE,FALSE,,,,,,,,,,,,,,,,,
,737,,,,,,,,,,,,,,,,,,,,,,,,,,,,,,,,,,,,,,,,,,,,,,,,,,,,,,,,,,,,,,,,,,,,,,0,,,,,,,,,,,,,,,,,,,,,,,,,,,,TRUE,FALSE,,,,,,,,,,,,,,,,,
,736,,,,,,,,,,,,,,,,,,,,,,,,,,,,,,,,,,,,,,,,,,,,,,,,,,,,,,,,,,,,,,,,,,,,,,0,,,,,,,,,,,,,,,,,,,,,,,,,,,,TRUE,FALSE,,,,,,,,,,,,,,,,,
,735,,,,,,,,,,,,,,,,,,,,,,,,,,,,,,,,,,,,,,,,,,,,,,,,,,,,,,,,,,,,,,,,,,,,,,0,,,,,,,,,,,,,,,,,,,,,,,,,,,,TRUE,FALSE,,,,,,,,,,,,,,,,,
,734,,,,,,,,,,,,,,,,,,,,,,,,,,,,,,,,,,,,,,,,,,,,,,,,,,,,,,,,,,,,,,,,,,,,,,0,,,,,,,,,,,,,,,,,,,,,,,,,,,,TRUE,FALSE,,,,,,,,,,,,,,,,,
,733,,,,,,,,,,,,,,,,,,,,,,,,,,,,,,,,,,,,,,,,,,,,,,,,,,,,,,,,,,,,,,,,,,,,,,0,,,,,,,,,,,,,,,,,,,,,,,,,,,,TRUE,FALSE,,,,,,,,,,,,,,,,,
,732,,,,,,,,,,,,,,,,,,,,,,,,,,,,,,,,,,,,,,,,,,,,,,,,,,,,,,,,,,,,,,,,,,,,,,0,,,,,,,,,,,,,,,,,,,,,,,,,,,,TRUE,FALSE,,,,,,,,,,,,,,,,,
,731,,,,,,,,,,,,,,,,,,,,,,,,,,,,,,,,,,,,,,,,,,,,,,,,,,,,,,,,,,,,,,,,,,,,,,0,,,,,,,,,,,,,,,,,,,,,,,,,,,,TRUE,FALSE,,,,,,,,,,,,,,,,,
,730,,,,,,,,,,,,,,,,,,,,,,,,,,,,,,,,,,,,,,,,,,,,,,,,,,,,,,,,,,,,,,,,,,,,,,0,,,,,,,,,,,,,,,,,,,,,,,,,,,,TRUE,FALSE,,,,,,,,,,,,,,,,,
,729,,,,,,,,,,,,,,,,,,,,,,,,,,,,,,,,,,,,,,,,,,,,,,,,,,,,,,,,,,,,,,,,,,,,,,0,,,,,,,,,,,,,,,,,,,,,,,,,,,,TRUE,FALSE,,,,,,,,,,,,,,,,,
,728,,,,,,,,,,,,,,,,,,,,,,,,,,,,,,,,,,,,,,,,,,,,,,,,,,,,,,,,,,,,,,,,,,,,,,0,,,,,,,,,,,,,,,,,,,,,,,,,,,,TRUE,FALSE,,,,,,,,,,,,,,,,,
,727,,,,,,,,,,,,,,,,,,,,,,,,,,,,,,,,,,,,,,,,,,,,,,,,,,,,,,,,,,,,,,,,,,,,,,0,,,,,,,,,,,,,,,,,,,,,,,,,,,,TRUE,FALSE,,,,,,,,,,,,,,,,,
,726,,,,,,,,,,,,,,,,,,,,,,,,,,,,,,,,,,,,,,,,,,,,,,,,,,,,,,,,,,,,,,,,,,,,,,0,,,,,,,,,,,,,,,,,,,,,,,,,,,,TRUE,FALSE,,,,,,,,,,,,,,,,,
,725,,,,,,,,,,,,,,,,,,,,,,,,,,,,,,,,,,,,,,,,,,,,,,,,,,,,,,,,,,,,,,,,,,,,,,0,,,,,,,,,,,,,,,,,,,,,,,,,,,,TRUE,FALSE,,,,,,,,,,,,,,,,,
,724,,,,,,,,,,,,,,,,,,,,,,,,,,,,,,,,,,,,,,,,,,,,,,,,,,,,,,,,,,,,,,,,,,,,,,0,,,,,,,,,,,,,,,,,,,,,,,,,,,,TRUE,FALSE,,,,,,,,,,,,,,,,,
,723,,,,,,,,,,,,,,,,,,,,,,,,,,,,,,,,,,,,,,,,,,,,,,,,,,,,,,,,,,,,,,,,,,,,,,0,,,,,,,,,,,,,,,,,,,,,,,,,,,,TRUE,FALSE,,,,,,,,,,,,,,,,,
,722,,,,,,,,,,,,,,,,,,,,,,,,,,,,,,,,,,,,,,,,,,,,,,,,,,,,,,,,,,,,,,,,,,,,,,0,,,,,,,,,,,,,,,,,,,,,,,,,,,,TRUE,FALSE,,,,,,,,,,,,,,,,,
,721,,,,,,,,,,,,,,,,,,,,,,,,,,,,,,,,,,,,,,,,,,,,,,,,,,,,,,,,,,,,,,,,,,,,,,0,,,,,,,,,,,,,,,,,,,,,,,,,,,,TRUE,FALSE,,,,,,,,,,,,,,,,,
,720,,,,,,,,,,,,,,,,,,,,,,,,,,,,,,,,,,,,,,,,,,,,,,,,,,,,,,,,,,,,,,,,,,,,,,0,,,,,,,,,,,,,,,,,,,,,,,,,,,,TRUE,FALSE,,,,,,,,,,,,,,,,,
,719,,,,,,,,,,,,,,,,,,,,,,,,,,,,,,,,,,,,,,,,,,,,,,,,,,,,,,,,,,,,,,,,,,,,,,0,,,,,,,,,,,,,,,,,,,,,,,,,,,,TRUE,FALSE,,,,,,,,,,,,,,,,,
,718,,,,,,,,,,,,,,,,,,,,,,,,,,,,,,,,,,,,,,,,,,,,,,,,,,,,,,,,,,,,,,,,,,,,,,0,,,,,,,,,,,,,,,,,,,,,,,,,,,,TRUE,FALSE,,,,,,,,,,,,,,,,,
,717,,,,,,,,,,,,,,,,,,,,,,,,,,,,,,,,,,,,,,,,,,,,,,,,,,,,,,,,,,,,,,,,,,,,,,0,,,,,,,,,,,,,,,,,,,,,,,,,,,,TRUE,FALSE,,,,,,,,,,,,,,,,,
,716,,,,,,,,,,,,,,,,,,,,,,,,,,,,,,,,,,,,,,,,,,,,,,,,,,,,,,,,,,,,,,,,,,,,,,0,,,,,,,,,,,,,,,,,,,,,,,,,,,,TRUE,FALSE,,,,,,,,,,,,,,,,,
,715,,,,,,,,,,,,,,,,,,,,,,,,,,,,,,,,,,,,,,,,,,,,,,,,,,,,,,,,,,,,,,,,,,,,,,0,,,,,,,,,,,,,,,,,,,,,,,,,,,,TRUE,FALSE,,,,,,,,,,,,,,,,,
,714,,,,,,,,,,,,,,,,,,,,,,,,,,,,,,,,,,,,,,,,,,,,,,,,,,,,,,,,,,,,,,,,,,,,,,0,,,,,,,,,,,,,,,,,,,,,,,,,,,,TRUE,FALSE,,,,,,,,,,,,,,,,,
,713,,,,,,,,,,,,,,,,,,,,,,,,,,,,,,,,,,,,,,,,,,,,,,,,,,,,,,,,,,,,,,,,,,,,,,0,,,,,,,,,,,,,,,,,,,,,,,,,,,,TRUE,FALSE,,,,,,,,,,,,,,,,,
,712,,,,,,,,,,,,,,,,,,,,,,,,,,,,,,,,,,,,,,,,,,,,,,,,,,,,,,,,,,,,,,,,,,,,,,0,,,,,,,,,,,,,,,,,,,,,,,,,,,,TRUE,FALSE,,,,,,,,,,,,,,,,,
,711,,,,,,,,,,,,,,,,,,,,,,,,,,,,,,,,,,,,,,,,,,,,,,,,,,,,,,,,,,,,,,,,,,,,,,0,,,,,,,,,,,,,,,,,,,,,,,,,,,,TRUE,FALSE,,,,,,,,,,,,,,,,,
,710,,,,,,,,,,,,,,,,,,,,,,,,,,,,,,,,,,,,,,,,,,,,,,,,,,,,,,,,,,,,,,,,,,,,,,0,,,,,,,,,,,,,,,,,,,,,,,,,,,,TRUE,FALSE,,,,,,,,,,,,,,,,,
,709,,,,,,,,,,,,,,,,,,,,,,,,,,,,,,,,,,,,,,,,,,,,,,,,,,,,,,,,,,,,,,,,,,,,,,0,,,,,,,,,,,,,,,,,,,,,,,,,,,,TRUE,FALSE,,,,,,,,,,,,,,,,,
,708,,,,,,,,,,,,,,,,,,,,,,,,,,,,,,,,,,,,,,,,,,,,,,,,,,,,,,,,,,,,,,,,,,,,,,0,,,,,,,,,,,,,,,,,,,,,,,,,,,,TRUE,FALSE,,,,,,,,,,,,,,,,,
,707,,,,,,,,,,,,,,,,,,,,,,,,,,,,,,,,,,,,,,,,,,,,,,,,,,,,,,,,,,,,,,,,,,,,,,0,,,,,,,,,,,,,,,,,,,,,,,,,,,,TRUE,FALSE,,,,,,,,,,,,,,,,,
,706,,,,,,,,,,,,,,,,,,,,,,,,,,,,,,,,,,,,,,,,,,,,,,,,,,,,,,,,,,,,,,,,,,,,,,0,,,,,,,,,,,,,,,,,,,,,,,,,,,,TRUE,FALSE,,,,,,,,,,,,,,,,,
,705,,,,,,,,,,,,,,,,,,,,,,,,,,,,,,,,,,,,,,,,,,,,,,,,,,,,,,,,,,,,,,,,,,,,,,0,,,,,,,,,,,,,,,,,,,,,,,,,,,,TRUE,FALSE,,,,,,,,,,,,,,,,,
,704,,,,,,,,,,,,,,,,,,,,,,,,,,,,,,,,,,,,,,,,,,,,,,,,,,,,,,,,,,,,,,,,,,,,,,0,,,,,,,,,,,,,,,,,,,,,,,,,,,,TRUE,FALSE,,,,,,,,,,,,,,,,,
,703,,,,,,,,,,,,,,,,,,,,,,,,,,,,,,,,,,,,,,,,,,,,,,,,,,,,,,,,,,,,,,,,,,,,,,0,,,,,,,,,,,,,,,,,,,,,,,,,,,,TRUE,FALSE,,,,,,,,,,,,,,,,,
,702,,,,,,,,,,,,,,,,,,,,,,,,,,,,,,,,,,,,,,,,,,,,,,,,,,,,,,,,,,,,,,,,,,,,,,0,,,,,,,,,,,,,,,,,,,,,,,,,,,,TRUE,FALSE,,,,,,,,,,,,,,,,,
,701,,,,,,,,,,,,,,,,,,,,,,,,,,,,,,,,,,,,,,,,,,,,,,,,,,,,,,,,,,,,,,,,,,,,,,0,,,,,,,,,,,,,,,,,,,,,,,,,,,,TRUE,FALSE,,,,,,,,,,,,,,,,,
,700,,,,,,,,,,,,,,,,,,,,,,,,,,,,,,,,,,,,,,,,,,,,,,,,,,,,,,,,,,,,,,,,,,,,,,0,,,,,,,,,,,,,,,,,,,,,,,,,,,,TRUE,FALSE,,,,,,,,,,,,,,,,,
,699,,,,,,,,,,,,,,,,,,,,,,,,,,,,,,,,,,,,,,,,,,,,,,,,,,,,,,,,,,,,,,,,,,,,,,0,,,,,,,,,,,,,,,,,,,,,,,,,,,,TRUE,FALSE,,,,,,,,,,,,,,,,,
,698,,,,,,,,,,,,,,,,,,,,,,,,,,,,,,,,,,,,,,,,,,,,,,,,,,,,,,,,,,,,,,,,,,,,,,0,,,,,,,,,,,,,,,,,,,,,,,,,,,,TRUE,FALSE,,,,,,,,,,,,,,,,,
,697,,,,,,,,,,,,,,,,,,,,,,,,,,,,,,,,,,,,,,,,,,,,,,,,,,,,,,,,,,,,,,,,,,,,,,0,,,,,,,,,,,,,,,,,,,,,,,,,,,,TRUE,FALSE,,,,,,,,,,,,,,,,,
,696,,,,,,,,,,,,,,,,,,,,,,,,,,,,,,,,,,,,,,,,,,,,,,,,,,,,,,,,,,,,,,,,,,,,,,0,,,,,,,,,,,,,,,,,,,,,,,,,,,,TRUE,FALSE,,,,,,,,,,,,,,,,,
,695,,,,,,,,,,,,,,,,,,,,,,,,,,,,,,,,,,,,,,,,,,,,,,,,,,,,,,,,,,,,,,,,,,,,,,0,,,,,,,,,,,,,,,,,,,,,,,,,,,,TRUE,FALSE,,,,,,,,,,,,,,,,,
,694,,,,,,,,,,,,,,,,,,,,,,,,,,,,,,,,,,,,,,,,,,,,,,,,,,,,,,,,,,,,,,,,,,,,,,0,,,,,,,,,,,,,,,,,,,,,,,,,,,,TRUE,FALSE,,,,,,,,,,,,,,,,,
,693,,,,,,,,,,,,,,,,,,,,,,,,,,,,,,,,,,,,,,,,,,,,,,,,,,,,,,,,,,,,,,,,,,,,,,0,,,,,,,,,,,,,,,,,,,,,,,,,,,,TRUE,FALSE,,,,,,,,,,,,,,,,,
,692,,,,,,,,,,,,,,,,,,,,,,,,,,,,,,,,,,,,,,,,,,,,,,,,,,,,,,,,,,,,,,,,,,,,,,0,,,,,,,,,,,,,,,,,,,,,,,,,,,,TRUE,FALSE,,,,,,,,,,,,,,,,,
,691,,,,,,,,,,,,,,,,,,,,,,,,,,,,,,,,,,,,,,,,,,,,,,,,,,,,,,,,,,,,,,,,,,,,,,0,,,,,,,,,,,,,,,,,,,,,,,,,,,,TRUE,FALSE,,,,,,,,,,,,,,,,,
,690,,,,,,,,,,,,,,,,,,,,,,,,,,,,,,,,,,,,,,,,,,,,,,,,,,,,,,,,,,,,,,,,,,,,,,0,,,,,,,,,,,,,,,,,,,,,,,,,,,,TRUE,FALSE,,,,,,,,,,,,,,,,,
,689,,,,,,,,,,,,,,,,,,,,,,,,,,,,,,,,,,,,,,,,,,,,,,,,,,,,,,,,,,,,,,,,,,,,,,0,,,,,,,,,,,,,,,,,,,,,,,,,,,,TRUE,FALSE,,,,,,,,,,,,,,,,,
,688,,,,,,,,,,,,,,,,,,,,,,,,,,,,,,,,,,,,,,,,,,,,,,,,,,,,,,,,,,,,,,,,,,,,,,0,,,,,,,,,,,,,,,,,,,,,,,,,,,,TRUE,FALSE,,,,,,,,,,,,,,,,,
,687,,,,,,,,,,,,,,,,,,,,,,,,,,,,,,,,,,,,,,,,,,,,,,,,,,,,,,,,,,,,,,,,,,,,,,0,,,,,,,,,,,,,,,,,,,,,,,,,,,,TRUE,FALSE,,,,,,,,,,,,,,,,,
,686,,,,,,,,,,,,,,,,,,,,,,,,,,,,,,,,,,,,,,,,,,,,,,,,,,,,,,,,,,,,,,,,,,,,,,0,,,,,,,,,,,,,,,,,,,,,,,,,,,,TRUE,FALSE,,,,,,,,,,,,,,,,,
,685,,,,,,,,,,,,,,,,,,,,,,,,,,,,,,,,,,,,,,,,,,,,,,,,,,,,,,,,,,,,,,,,,,,,,,0,,,,,,,,,,,,,,,,,,,,,,,,,,,,TRUE,FALSE,,,,,,,,,,,,,,,,,
,684,,,,,,,,,,,,,,,,,,,,,,,,,,,,,,,,,,,,,,,,,,,,,,,,,,,,,,,,,,,,,,,,,,,,,,0,,,,,,,,,,,,,,,,,,,,,,,,,,,,TRUE,FALSE,,,,,,,,,,,,,,,,,
,683,,,,,,,,,,,,,,,,,,,,,,,,,,,,,,,,,,,,,,,,,,,,,,,,,,,,,,,,,,,,,,,,,,,,,,0,,,,,,,,,,,,,,,,,,,,,,,,,,,,TRUE,FALSE,,,,,,,,,,,,,,,,,
,682,,,,,,,,,,,,,,,,,,,,,,,,,,,,,,,,,,,,,,,,,,,,,,,,,,,,,,,,,,,,,,,,,,,,,,0,,,,,,,,,,,,,,,,,,,,,,,,,,,,TRUE,FALSE,,,,,,,,,,,,,,,,,
,681,,,,,,,,,,,,,,,,,,,,,,,,,,,,,,,,,,,,,,,,,,,,,,,,,,,,,,,,,,,,,,,,,,,,,,0,,,,,,,,,,,,,,,,,,,,,,,,,,,,TRUE,FALSE,,,,,,,,,,,,,,,,,
,680,,,,,,,,,,,,,,,,,,,,,,,,,,,,,,,,,,,,,,,,,,,,,,,,,,,,,,,,,,,,,,,,,,,,,,0,,,,,,,,,,,,,,,,,,,,,,,,,,,,TRUE,FALSE,,,,,,,,,,,,,,,,,
,679,,,,,,,,,,,,,,,,,,,,,,,,,,,,,,,,,,,,,,,,,,,,,,,,,,,,,,,,,,,,,,,,,,,,,,0,,,,,,,,,,,,,,,,,,,,,,,,,,,,TRUE,FALSE,,,,,,,,,,,,,,,,,
,678,,,,,,,,,,,,,,,,,,,,,,,,,,,,,,,,,,,,,,,,,,,,,,,,,,,,,,,,,,,,,,,,,,,,,,0,,,,,,,,,,,,,,,,,,,,,,,,,,,,TRUE,FALSE,,,,,,,,,,,,,,,,,
,677,,,,,,,,,,,,,,,,,,,,,,,,,,,,,,,,,,,,,,,,,,,,,,,,,,,,,,,,,,,,,,,,,,,,,,0,,,,,,,,,,,,,,,,,,,,,,,,,,,,TRUE,FALSE,,,,,,,,,,,,,,,,,
,676,,,,,,,,,,,,,,,,,,,,,,,,,,,,,,,,,,,,,,,,,,,,,,,,,,,,,,,,,,,,,,,,,,,,,,0,,,,,,,,,,,,,,,,,,,,,,,,,,,,TRUE,FALSE,,,,,,,,,,,,,,,,,
,675,,,,,,,,,,,,,,,,,,,,,,,,,,,,,,,,,,,,,,,,,,,,,,,,,,,,,,,,,,,,,,,,,,,,,,0,,,,,,,,,,,,,,,,,,,,,,,,,,,,TRUE,FALSE,,,,,,,,,,,,,,,,,
,674,,,,,,,,,,,,,,,,,,,,,,,,,,,,,,,,,,,,,,,,,,,,,,,,,,,,,,,,,,,,,,,,,,,,,,0,,,,,,,,,,,,,,,,,,,,,,,,,,,,TRUE,FALSE,,,,,,,,,,,,,,,,,
,673,,,,,,,,,,,,,,,,,,,,,,,,,,,,,,,,,,,,,,,,,,,,,,,,,,,,,,,,,,,,,,,,,,,,,,0,,,,,,,,,,,,,,,,,,,,,,,,,,,,TRUE,FALSE,,,,,,,,,,,,,,,,,
,672,,,,,,,,,,,,,,,,,,,,,,,,,,,,,,,,,,,,,,,,,,,,,,,,,,,,,,,,,,,,,,,,,,,,,,0,,,,,,,,,,,,,,,,,,,,,,,,,,,,TRUE,FALSE,,,,,,,,,,,,,,,,,
,671,,,,,,,,,,,,,,,,,,,,,,,,,,,,,,,,,,,,,,,,,,,,,,,,,,,,,,,,,,,,,,,,,,,,,,0,,,,,,,,,,,,,,,,,,,,,,,,,,,,TRUE,FALSE,,,,,,,,,,,,,,,,,
,670,,,,,,,,,,,,,,,,,,,,,,,,,,,,,,,,,,,,,,,,,,,,,,,,,,,,,,,,,,,,,,,,,,,,,,0,,,,,,,,,,,,,,,,,,,,,,,,,,,,TRUE,FALSE,,,,,,,,,,,,,,,,,
,669,,,,,,,,,,,,,,,,,,,,,,,,,,,,,,,,,,,,,,,,,,,,,,,,,,,,,,,,,,,,,,,,,,,,,,0,,,,,,,,,,,,,,,,,,,,,,,,,,,,TRUE,FALSE,,,,,,,,,,,,,,,,,
,668,,,,,,,,,,,,,,,,,,,,,,,,,,,,,,,,,,,,,,,,,,,,,,,,,,,,,,,,,,,,,,,,,,,,,,0,,,,,,,,,,,,,,,,,,,,,,,,,,,,TRUE,FALSE,,,,,,,,,,,,,,,,,
,667,,,,,,,,,,,,,,,,,,,,,,,,,,,,,,,,,,,,,,,,,,,,,,,,,,,,,,,,,,,,,,,,,,,,,,0,,,,,,,,,,,,,,,,,,,,,,,,,,,,TRUE,FALSE,,,,,,,,,,,,,,,,,
,666,,,,,,,,,,,,,,,,,,,,,,,,,,,,,,,,,,,,,,,,,,,,,,,,,,,,,,,,,,,,,,,,,,,,,,0,,,,,,,,,,,,,,,,,,,,,,,,,,,,TRUE,FALSE,,,,,,,,,,,,,,,,,
,665,,,,,,,,,,,,,,,,,,,,,,,,,,,,,,,,,,,,,,,,,,,,,,,,,,,,,,,,,,,,,,,,,,,,,,0,,,,,,,,,,,,,,,,,,,,,,,,,,,,TRUE,FALSE,,,,,,,,,,,,,,,,,
,664,,,,,,,,,,,,,,,,,,,,,,,,,,,,,,,,,,,,,,,,,,,,,,,,,,,,,,,,,,,,,,,,,,,,,,0,,,,,,,,,,,,,,,,,,,,,,,,,,,,TRUE,FALSE,,,,,,,,,,,,,,,,,
,663,,,,,,,,,,,,,,,,,,,,,,,,,,,,,,,,,,,,,,,,,,,,,,,,,,,,,,,,,,,,,,,,,,,,,,0,,,,,,,,,,,,,,,,,,,,,,,,,,,,TRUE,FALSE,,,,,,,,,,,,,,,,,
,662,,,,,,,,,,,,,,,,,,,,,,,,,,,,,,,,,,,,,,,,,,,,,,,,,,,,,,,,,,,,,,,,,,,,,,0,,,,,,,,,,,,,,,,,,,,,,,,,,,,TRUE,FALSE,,,,,,,,,,,,,,,,,
,661,,,,,,,,,,,,,,,,,,,,,,,,,,,,,,,,,,,,,,,,,,,,,,,,,,,,,,,,,,,,,,,,,,,,,,0,,,,,,,,,,,,,,,,,,,,,,,,,,,,TRUE,FALSE,,,,,,,,,,,,,,,,,
,660,,,,,,,,,,,,,,,,,,,,,,,,,,,,,,,,,,,,,,,,,,,,,,,,,,,,,,,,,,,,,,,,,,,,,,0,,,,,,,,,,,,,,,,,,,,,,,,,,,,TRUE,FALSE,,,,,,,,,,,,,,,,,
,659,,,,,,,,,,,,,,,,,,,,,,,,,,,,,,,,,,,,,,,,,,,,,,,,,,,,,,,,,,,,,,,,,,,,,,0,,,,,,,,,,,,,,,,,,,,,,,,,,,,TRUE,FALSE,,,,,,,,,,,,,,,,,
,658,,,,,,,,,,,,,,,,,,,,,,,,,,,,,,,,,,,,,,,,,,,,,,,,,,,,,,,,,,,,,,,,,,,,,,0,,,,,,,,,,,,,,,,,,,,,,,,,,,,TRUE,FALSE,,,,,,,,,,,,,,,,,
,657,,,,,,,,,,,,,,,,,,,,,,,,,,,,,,,,,,,,,,,,,,,,,,,,,,,,,,,,,,,,,,,,,,,,,,0,,,,,,,,,,,,,,,,,,,,,,,,,,,,TRUE,FALSE,,,,,,,,,,,,,,,,,
,656,,,,,,,,,,,,,,,,,,,,,,,,,,,,,,,,,,,,,,,,,,,,,,,,,,,,,,,,,,,,,,,,,,,,,,0,,,,,,,,,,,,,,,,,,,,,,,,,,,,TRUE,FALSE,,,,,,,,,,,,,,,,,
,655,,,,,,,,,,,,,,,,,,,,,,,,,,,,,,,,,,,,,,,,,,,,,,,,,,,,,,,,,,,,,,,,,,,,,,0,,,,,,,,,,,,,,,,,,,,,,,,,,,,TRUE,FALSE,,,,,,,,,,,,,,,,,
,654,,,,,,,,,,,,,,,,,,,,,,,,,,,,,,,,,,,,,,,,,,,,,,,,,,,,,,,,,,,,,,,,,,,,,,0,,,,,,,,,,,,,,,,,,,,,,,,,,,,TRUE,FALSE,,,,,,,,,,,,,,,,,
,653,,,,,,,,,,,,,,,,,,,,,,,,,,,,,,,,,,,,,,,,,,,,,,,,,,,,,,,,,,,,,,,,,,,,,,0,,,,,,,,,,,,,,,,,,,,,,,,,,,,TRUE,FALSE,,,,,,,,,,,,,,,,,
,652,,,,,,,,,,,,,,,,,,,,,,,,,,,,,,,,,,,,,,,,,,,,,,,,,,,,,,,,,,,,,,,,,,,,,,0,,,,,,,,,,,,,,,,,,,,,,,,,,,,TRUE,FALSE,,,,,,,,,,,,,,,,,
,651,,,,,,,,,,,,,,,,,,,,,,,,,,,,,,,,,,,,,,,,,,,,,,,,,,,,,,,,,,,,,,,,,,,,,,0,,,,,,,,,,,,,,,,,,,,,,,,,,,,TRUE,FALSE,,,,,,,,,,,,,,,,,
,650,,,,,,,,,,,,,,,,,,,,,,,,,,,,,,,,,,,,,,,,,,,,,,,,,,,,,,,,,,,,,,,,,,,,,,0,,,,,,,,,,,,,,,,,,,,,,,,,,,,TRUE,FALSE,,,,,,,,,,,,,,,,,
,649,,,,,,,,,,,,,,,,,,,,,,,,,,,,,,,,,,,,,,,,,,,,,,,,,,,,,,,,,,,,,,,,,,,,,,0,,,,,,,,,,,,,,,,,,,,,,,,,,,,TRUE,FALSE,,,,,,,,,,,,,,,,,
,648,,,,,,,,,,,,,,,,,,,,,,,,,,,,,,,,,,,,,,,,,,,,,,,,,,,,,,,,,,,,,,,,,,,,,,0,,,,,,,,,,,,,,,,,,,,,,,,,,,,TRUE,FALSE,,,,,,,,,,,,,,,,,
,647,,,,,,,,,,,,,,,,,,,,,,,,,,,,,,,,,,,,,,,,,,,,,,,,,,,,,,,,,,,,,,,,,,,,,,0,,,,,,,,,,,,,,,,,,,,,,,,,,,,TRUE,FALSE,,,,,,,,,,,,,,,,,
,646,,,,,,,,,,,,,,,,,,,,,,,,,,,,,,,,,,,,,,,,,,,,,,,,,,,,,,,,,,,,,,,,,,,,,,0,,,,,,,,,,,,,,,,,,,,,,,,,,,,TRUE,FALSE,,,,,,,,,,,,,,,,,
,645,,,,,,,,,,,,,,,,,,,,,,,,,,,,,,,,,,,,,,,,,,,,,,,,,,,,,,,,,,,,,,,,,,,,,,0,,,,,,,,,,,,,,,,,,,,,,,,,,,,TRUE,FALSE,,,,,,,,,,,,,,,,,
,644,,,,,,,,,,,,,,,,,,,,,,,,,,,,,,,,,,,,,,,,,,,,,,,,,,,,,,,,,,,,,,,,,,,,,,0,,,,,,,,,,,,,,,,,,,,,,,,,,,,TRUE,FALSE,,,,,,,,,,,,,,,,,
,643,,,,,,,,,,,,,,,,,,,,,,,,,,,,,,,,,,,,,,,,,,,,,,,,,,,,,,,,,,,,,,,,,,,,,,0,,,,,,,,,,,,,,,,,,,,,,,,,,,,TRUE,FALSE,,,,,,,,,,,,,,,,,
,642,,,,,,,,,,,,,,,,,,,,,,,,,,,,,,,,,,,,,,,,,,,,,,,,,,,,,,,,,,,,,,,,,,,,,,0,,,,,,,,,,,,,,,,,,,,,,,,,,,,TRUE,FALSE,,,,,,,,,,,,,,,,,
,641,,,,,,,,,,,,,,,,,,,,,,,,,,,,,,,,,,,,,,,,,,,,,,,,,,,,,,,,,,,,,,,,,,,,,,0,,,,,,,,,,,,,,,,,,,,,,,,,,,,TRUE,FALSE,,,,,,,,,,,,,,,,,
,640,,,,,,,,,,,,,,,,,,,,,,,,,,,,,,,,,,,,,,,,,,,,,,,,,,,,,,,,,,,,,,,,,,,,,,0,,,,,,,,,,,,,,,,,,,,,,,,,,,,TRUE,FALSE,,,,,,,,,,,,,,,,,
,639,,,,,,,,,,,,,,,,,,,,,,,,,,,,,,,,,,,,,,,,,,,,,,,,,,,,,,,,,,,,,,,,,,,,,,0,,,,,,,,,,,,,,,,,,,,,,,,,,,,TRUE,FALSE,,,,,,,,,,,,,,,,,
,638,,,,,,,,,,,,,,,,,,,,,,,,,,,,,,,,,,,,,,,,,,,,,,,,,,,,,,,,,,,,,,,,,,,,,,0,,,,,,,,,,,,,,,,,,,,,,,,,,,,TRUE,FALSE,,,,,,,,,,,,,,,,,
,637,,,,,,,,,,,,,,,,,,,,,,,,,,,,,,,,,,,,,,,,,,,,,,,,,,,,,,,,,,,,,,,,,,,,,,0,,,,,,,,,,,,,,,,,,,,,,,,,,,,TRUE,FALSE,,,,,,,,,,,,,,,,,
,636,,,,,,,,,,,,,,,,,,,,,,,,,,,,,,,,,,,,,,,,,,,,,,,,,,,,,,,,,,,,,,,,,,,,,,0,,,,,,,,,,,,,,,,,,,,,,,,,,,,TRUE,FALSE,,,,,,,,,,,,,,,,,
,635,,,,,,,,,,,,,,,,,,,,,,,,,,,,,,,,,,,,,,,,,,,,,,,,,,,,,,,,,,,,,,,,,,,,,,0,,,,,,,,,,,,,,,,,,,,,,,,,,,,TRUE,FALSE,,,,,,,,,,,,,,,,,
,634,,,,,,,,,,,,,,,,,,,,,,,,,,,,,,,,,,,,,,,,,,,,,,,,,,,,,,,,,,,,,,,,,,,,,,0,,,,,,,,,,,,,,,,,,,,,,,,,,,,TRUE,FALSE,,,,,,,,,,,,,,,,,
,633,,,,,,,,,,,,,,,,,,,,,,,,,,,,,,,,,,,,,,,,,,,,,,,,,,,,,,,,,,,,,,,,,,,,,,0,,,,,,,,,,,,,,,,,,,,,,,,,,,,TRUE,FALSE,,,,,,,,,,,,,,,,,
,632,,,,,,,,,,,,,,,,,,,,,,,,,,,,,,,,,,,,,,,,,,,,,,,,,,,,,,,,,,,,,,,,,,,,,,0,,,,,,,,,,,,,,,,,,,,,,,,,,,,TRUE,FALSE,,,,,,,,,,,,,,,,,
,631,,,,,,,,,,,,,,,,,,,,,,,,,,,,,,,,,,,,,,,,,,,,,,,,,,,,,,,,,,,,,,,,,,,,,,0,,,,,,,,,,,,,,,,,,,,,,,,,,,,TRUE,FALSE,,,,,,,,,,,,,,,,,
,630,,,,,,,,,,,,,,,,,,,,,,,,,,,,,,,,,,,,,,,,,,,,,,,,,,,,,,,,,,,,,,,,,,,,,,0,,,,,,,,,,,,,,,,,,,,,,,,,,,,TRUE,FALSE,,,,,,,,,,,,,,,,,
,629,,,,,,,,,,,,,,,,,,,,,,,,,,,,,,,,,,,,,,,,,,,,,,,,,,,,,,,,,,,,,,,,,,,,,,0,,,,,,,,,,,,,,,,,,,,,,,,,,,,TRUE,FALSE,,,,,,,,,,,,,,,,,
,628,,,,,,,,,,,,,,,,,,,,,,,,,,,,,,,,,,,,,,,,,,,,,,,,,,,,,,,,,,,,,,,,,,,,,,0,,,,,,,,,,,,,,,,,,,,,,,,,,,,TRUE,FALSE,,,,,,,,,,,,,,,,,
,627,,,,,,,,,,,,,,,,,,,,,,,,,,,,,,,,,,,,,,,,,,,,,,,,,,,,,,,,,,,,,,,,,,,,,,0,,,,,,,,,,,,,,,,,,,,,,,,,,,,TRUE,FALSE,,,,,,,,,,,,,,,,,
,626,,,,,,,,,,,,,,,,,,,,,,,,,,,,,,,,,,,,,,,,,,,,,,,,,,,,,,,,,,,,,,,,,,,,,,0,,,,,,,,,,,,,,,,,,,,,,,,,,,,TRUE,FALSE,,,,,,,,,,,,,,,,,
,625,,,,,,,,,,,,,,,,,,,,,,,,,,,,,,,,,,,,,,,,,,,,,,,,,,,,,,,,,,,,,,,,,,,,,,0,,,,,,,,,,,,,,,,,,,,,,,,,,,,TRUE,FALSE,,,,,,,,,,,,,,,,,
,624,,,,,,,,,,,,,,,,,,,,,,,,,,,,,,,,,,,,,,,,,,,,,,,,,,,,,,,,,,,,,,,,,,,,,,0,,,,,,,,,,,,,,,,,,,,,,,,,,,,TRUE,FALSE,,,,,,,,,,,,,,,,,
,623,,,,,,,,,,,,,,,,,,,,,,,,,,,,,,,,,,,,,,,,,,,,,,,,,,,,,,,,,,,,,,,,,,,,,,0,,,,,,,,,,,,,,,,,,,,,,,,,,,,TRUE,FALSE,,,,,,,,,,,,,,,,,
,622,,,,,,,,,,,,,,,,,,,,,,,,,,,,,,,,,,,,,,,,,,,,,,,,,,,,,,,,,,,,,,,,,,,,,,0,,,,,,,,,,,,,,,,,,,,,,,,,,,,TRUE,FALSE,,,,,,,,,,,,,,,,,
,621,,,,,,,,,,,,,,,,,,,,,,,,,,,,,,,,,,,,,,,,,,,,,,,,,,,,,,,,,,,,,,,,,,,,,,0,,,,,,,,,,,,,,,,,,,,,,,,,,,,TRUE,FALSE,,,,,,,,,,,,,,,,,
,620,,,,,,,,,,,,,,,,,,,,,,,,,,,,,,,,,,,,,,,,,,,,,,,,,,,,,,,,,,,,,,,,,,,,,,0,,,,,,,,,,,,,,,,,,,,,,,,,,,,TRUE,FALSE,,,,,,,,,,,,,,,,,
,619,,,,,,,,,,,,,,,,,,,,,,,,,,,,,,,,,,,,,,,,,,,,,,,,,,,,,,,,,,,,,,,,,,,,,,0,,,,,,,,,,,,,,,,,,,,,,,,,,,,TRUE,FALSE,,,,,,,,,,,,,,,,,
,618,,,,,,,,,,,,,,,,,,,,,,,,,,,,,,,,,,,,,,,,,,,,,,,,,,,,,,,,,,,,,,,,,,,,,,0,,,,,,,,,,,,,,,,,,,,,,,,,,,,TRUE,FALSE,,,,,,,,,,,,,,,,,
,617,,,,,,,,,,,,,,,,,,,,,,,,,,,,,,,,,,,,,,,,,,,,,,,,,,,,,,,,,,,,,,,,,,,,,,0,,,,,,,,,,,,,,,,,,,,,,,,,,,,TRUE,FALSE,,,,,,,,,,,,,,,,,
,616,,,,,,,,,,,,,,,,,,,,,,,,,,,,,,,,,,,,,,,,,,,,,,,,,,,,,,,,,,,,,,,,,,,,,,0,,,,,,,,,,,,,,,,,,,,,,,,,,,,TRUE,FALSE,,,,,,,,,,,,,,,,,
,615,,,,,,,,,,,,,,,,,,,,,,,,,,,,,,,,,,,,,,,,,,,,,,,,,,,,,,,,,,,,,,,,,,,,,,0,,,,,,,,,,,,,,,,,,,,,,,,,,,,TRUE,FALSE,,,,,,,,,,,,,,,,,
,614,,,,,,,,,,,,,,,,,,,,,,,,,,,,,,,,,,,,,,,,,,,,,,,,,,,,,,,,,,,,,,,,,,,,,,0,,,,,,,,,,,,,,,,,,,,,,,,,,,,TRUE,FALSE,,,,,,,,,,,,,,,,,
,613,,,,,,,,,,,,,,,,,,,,,,,,,,,,,,,,,,,,,,,,,,,,,,,,,,,,,,,,,,,,,,,,,,,,,,0,,,,,,,,,,,,,,,,,,,,,,,,,,,,TRUE,FALSE,,,,,,,,,,,,,,,,,
,612,,,,,,,,,,,,,,,,,,,,,,,,,,,,,,,,,,,,,,,,,,,,,,,,,,,,,,,,,,,,,,,,,,,,,,0,,,,,,,,,,,,,,,,,,,,,,,,,,,,TRUE,FALSE,,,,,,,,,,,,,,,,,
,611,,,,,,,,,,,,,,,,,,,,,,,,,,,,,,,,,,,,,,,,,,,,,,,,,,,,,,,,,,,,,,,,,,,,,,0,,,,,,,,,,,,,,,,,,,,,,,,,,,,TRUE,FALSE,,,,,,,,,,,,,,,,,
,610,,,,,,,,,,,,,,,,,,,,,,,,,,,,,,,,,,,,,,,,,,,,,,,,,,,,,,,,,,,,,,,,,,,,,,0,,,,,,,,,,,,,,,,,,,,,,,,,,,,TRUE,FALSE,,,,,,,,,,,,,,,,,
,609,,,,,,,,,,,,,,,,,,,,,,,,,,,,,,,,,,,,,,,,,,,,,,,,,,,,,,,,,,,,,,,,,,,,,,0,,,,,,,,,,,,,,,,,,,,,,,,,,,,TRUE,FALSE,,,,,,,,,,,,,,,,,
,608,,,,,,,,,,,,,,,,,,,,,,,,,,,,,,,,,,,,,,,,,,,,,,,,,,,,,,,,,,,,,,,,,,,,,,0,,,,,,,,,,,,,,,,,,,,,,,,,,,,TRUE,FALSE,,,,,,,,,,,,,,,,,
,607,,,,,,,,,,,,,,,,,,,,,,,,,,,,,,,,,,,,,,,,,,,,,,,,,,,,,,,,,,,,,,,,,,,,,,0,,,,,,,,,,,,,,,,,,,,,,,,,,,,TRUE,FALSE,,,,,,,,,,,,,,,,,
,606,,,,,,,,,,,,,,,,,,,,,,,,,,,,,,,,,,,,,,,,,,,,,,,,,,,,,,,,,,,,,,,,,,,,,,0,,,,,,,,,,,,,,,,,,,,,,,,,,,,TRUE,FALSE,,,,,,,,,,,,,,,,,
,605,,,,,,,,,,,,,,,,,,,,,,,,,,,,,,,,,,,,,,,,,,,,,,,,,,,,,,,,,,,,,,,,,,,,,,0,,,,,,,,,,,,,,,,,,,,,,,,,,,,TRUE,FALSE,,,,,,,,,,,,,,,,,
,604,,,,,,,,,,,,,,,,,,,,,,,,,,,,,,,,,,,,,,,,,,,,,,,,,,,,,,,,,,,,,,,,,,,,,,0,,,,,,,,,,,,,,,,,,,,,,,,,,,,TRUE,FALSE,,,,,,,,,,,,,,,,,
,603,,,,,,,,,,,,,,,,,,,,,,,,,,,,,,,,,,,,,,,,,,,,,,,,,,,,,,,,,,,,,,,,,,,,,,0,,,,,,,,,,,,,,,,,,,,,,,,,,,,TRUE,FALSE,,,,,,,,,,,,,,,,,
,602,,,,,,,,,,,,,,,,,,,,,,,,,,,,,,,,,,,,,,,,,,,,,,,,,,,,,,,,,,,,,,,,,,,,,,0,,,,,,,,,,,,,,,,,,,,,,,,,,,,TRUE,FALSE,,,,,,,,,,,,,,,,,
,601,,,,,,,,,,,,,,,,,,,,,,,,,,,,,,,,,,,,,,,,,,,,,,,,,,,,,,,,,,,,,,,,,,,,,,0,,,,,,,,,,,,,,,,,,,,,,,,,,,,TRUE,FALSE,,,,,,,,,,,,,,,,,
,600,,,,,,,,,,,,,,,,,,,,,,,,,,,,,,,,,,,,,,,,,,,,,,,,,,,,,,,,,,,,,,,,,,,,,,0,,,,,,,,,,,,,,,,,,,,,,,,,,,,TRUE,FALSE,,,,,,,,,,,,,,,,,
,599,,,,,,,,,,,,,,,,,,,,,,,,,,,,,,,,,,,,,,,,,,,,,,,,,,,,,,,,,,,,,,,,,,,,,,0,,,,,,,,,,,,,,,,,,,,,,,,,,,,TRUE,FALSE,,,,,,,,,,,,,,,,,
,598,,,,,,,,,,,,,,,,,,,,,,,,,,,,,,,,,,,,,,,,,,,,,,,,,,,,,,,,,,,,,,,,,,,,,,0,,,,,,,,,,,,,,,,,,,,,,,,,,,,TRUE,FALSE,,,,,,,,,,,,,,,,,
,597,,,,,,,,,,,,,,,,,,,,,,,,,,,,,,,,,,,,,,,,,,,,,,,,,,,,,,,,,,,,,,,,,,,,,,0,,,,,,,,,,,,,,,,,,,,,,,,,,,,TRUE,FALSE,,,,,,,,,,,,,,,,,
,596,,,,,,,,,,,,,,,,,,,,,,,,,,,,,,,,,,,,,,,,,,,,,,,,,,,,,,,,,,,,,,,,,,,,,,0,,,,,,,,,,,,,,,,,,,,,,,,,,,,TRUE,FALSE,,,,,,,,,,,,,,,,,
,595,,,,,,,,,,,,,,,,,,,,,,,,,,,,,,,,,,,,,,,,,,,,,,,,,,,,,,,,,,,,,,,,,,,,,,0,,,,,,,,,,,,,,,,,,,,,,,,,,,,TRUE,FALSE,,,,,,,,,,,,,,,,,
,594,,,,,,,,,,,,,,,,,,,,,,,,,,,,,,,,,,,,,,,,,,,,,,,,,,,,,,,,,,,,,,,,,,,,,,0,,,,,,,,,,,,,,,,,,,,,,,,,,,,TRUE,FALSE,,,,,,,,,,,,,,,,,
,593,,,,,,,,,,,,,,,,,,,,,,,,,,,,,,,,,,,,,,,,,,,,,,,,,,,,,,,,,,,,,,,,,,,,,,0,,,,,,,,,,,,,,,,,,,,,,,,,,,,TRUE,FALSE,,,,,,,,,,,,,,,,,
,592,,,,,,,,,,,,,,,,,,,,,,,,,,,,,,,,,,,,,,,,,,,,,,,,,,,,,,,,,,,,,,,,,,,,,,0,,,,,,,,,,,,,,,,,,,,,,,,,,,,TRUE,FALSE,,,,,,,,,,,,,,,,,
,591,,,,,,,,,,,,,,,,,,,,,,,,,,,,,,,,,,,,,,,,,,,,,,,,,,,,,,,,,,,,,,,,,,,,,,0,,,,,,,,,,,,,,,,,,,,,,,,,,,,TRUE,FALSE,,,,,,,,,,,,,,,,,
,590,,,,,,,,,,,,,,,,,,,,,,,,,,,,,,,,,,,,,,,,,,,,,,,,,,,,,,,,,,,,,,,,,,,,,,0,,,,,,,,,,,,,,,,,,,,,,,,,,,,TRUE,FALSE,,,,,,,,,,,,,,,,,
,589,,,,,,,,,,,,,,,,,,,,,,,,,,,,,,,,,,,,,,,,,,,,,,,,,,,,,,,,,,,,,,,,,,,,,,0,,,,,,,,,,,,,,,,,,,,,,,,,,,,TRUE,FALSE,,,,,,,,,,,,,,,,,
,588,,,,,,,,,,,,,,,,,,,,,,,,,,,,,,,,,,,,,,,,,,,,,,,,,,,,,,,,,,,,,,,,,,,,,,0,,,,,,,,,,,,,,,,,,,,,,,,,,,,TRUE,FALSE,,,,,,,,,,,,,,,,,
,587,,,,,,,,,,,,,,,,,,,,,,,,,,,,,,,,,,,,,,,,,,,,,,,,,,,,,,,,,,,,,,,,,,,,,,0,,,,,,,,,,,,,,,,,,,,,,,,,,,,TRUE,FALSE,,,,,,,,,,,,,,,,,
,586,,,,,,,,,,,,,,,,,,,,,,,,,,,,,,,,,,,,,,,,,,,,,,,,,,,,,,,,,,,,,,,,,,,,,,0,,,,,,,,,,,,,,,,,,,,,,,,,,,,TRUE,FALSE,,,,,,,,,,,,,,,,,
,585,,,,,,,,,,,,,,,,,,,,,,,,,,,,,,,,,,,,,,,,,,,,,,,,,,,,,,,,,,,,,,,,,,,,,,0,,,,,,,,,,,,,,,,,,,,,,,,,,,,TRUE,FALSE,,,,,,,,,,,,,,,,,
,584,,,,,,,,,,,,,,,,,,,,,,,,,,,,,,,,,,,,,,,,,,,,,,,,,,,,,,,,,,,,,,,,,,,,,,0,,,,,,,,,,,,,,,,,,,,,,,,,,,,TRUE,FALSE,,,,,,,,,,,,,,,,,
,583,,,,,,,,,,,,,,,,,,,,,,,,,,,,,,,,,,,,,,,,,,,,,,,,,,,,,,,,,,,,,,,,,,,,,,0,,,,,,,,,,,,,,,,,,,,,,,,,,,,TRUE,FALSE,,,,,,,,,,,,,,,,,
,582,,,,,,,,,,,,,,,,,,,,,,,,,,,,,,,,,,,,,,,,,,,,,,,,,,,,,,,,,,,,,,,,,,,,,,0,,,,,,,,,,,,,,,,,,,,,,,,,,,,TRUE,FALSE,,,,,,,,,,,,,,,,,
,581,,,,,,,,,,,,,,,,,,,,,,,,,,,,,,,,,,,,,,,,,,,,,,,,,,,,,,,,,,,,,,,,,,,,,,0,,,,,,,,,,,,,,,,,,,,,,,,,,,,TRUE,FALSE,,,,,,,,,,,,,,,,,
,580,,,,,,,,,,,,,,,,,,,,,,,,,,,,,,,,,,,,,,,,,,,,,,,,,,,,,,,,,,,,,,,,,,,,,,0,,,,,,,,,,,,,,,,,,,,,,,,,,,,TRUE,FALSE,,,,,,,,,,,,,,,,,
,579,,,,,,,,,,,,,,,,,,,,,,,,,,,,,,,,,,,,,,,,,,,,,,,,,,,,,,,,,,,,,,,,,,,,,,0,,,,,,,,,,,,,,,,,,,,,,,,,,,,TRUE,FALSE,,,,,,,,,,,,,,,,,
,578,,,,,,,,,,,,,,,,,,,,,,,,,,,,,,,,,,,,,,,,,,,,,,,,,,,,,,,,,,,,,,,,,,,,,,0,,,,,,,,,,,,,,,,,,,,,,,,,,,,TRUE,FALSE,,,,,,,,,,,,,,,,,
,577,,,,,,,,,,,,,,,,,,,,,,,,,,,,,,,,,,,,,,,,,,,,,,,,,,,,,,,,,,,,,,,,,,,,,,0,,,,,,,,,,,,,,,,,,,,,,,,,,,,TRUE,FALSE,,,,,,,,,,,,,,,,,
,576,,,,,,,,,,,,,,,,,,,,,,,,,,,,,,,,,,,,,,,,,,,,,,,,,,,,,,,,,,,,,,,,,,,,,,0,,,,,,,,,,,,,,,,,,,,,,,,,,,,TRUE,FALSE,,,,,,,,,,,,,,,,,
,575,,,,,,,,,,,,,,,,,,,,,,,,,,,,,,,,,,,,,,,,,,,,,,,,,,,,,,,,,,,,,,,,,,,,,,0,,,,,,,,,,,,,,,,,,,,,,,,,,,,TRUE,FALSE,,,,,,,,,,,,,,,,,
,574,,,,,,,,,,,,,,,,,,,,,,,,,,,,,,,,,,,,,,,,,,,,,,,,,,,,,,,,,,,,,,,,,,,,,,0,,,,,,,,,,,,,,,,,,,,,,,,,,,,TRUE,FALSE,,,,,,,,,,,,,,,,,
,573,,,,,,,,,,,,,,,,,,,,,,,,,,,,,,,,,,,,,,,,,,,,,,,,,,,,,,,,,,,,,,,,,,,,,,0,,,,,,,,,,,,,,,,,,,,,,,,,,,,TRUE,FALSE,,,,,,,,,,,,,,,,,
,572,,,,,,,,,,,,,,,,,,,,,,,,,,,,,,,,,,,,,,,,,,,,,,,,,,,,,,,,,,,,,,,,,,,,,,0,,,,,,,,,,,,,,,,,,,,,,,,,,,,TRUE,FALSE,,,,,,,,,,,,,,,,,
,571,,,,,,,,,,,,,,,,,,,,,,,,,,,,,,,,,,,,,,,,,,,,,,,,,,,,,,,,,,,,,,,,,,,,,,0,,,,,,,,,,,,,,,,,,,,,,,,,,,,TRUE,FALSE,,,,,,,,,,,,,,,,,
,570,,,,,,,,,,,,,,,,,,,,,,,,,,,,,,,,,,,,,,,,,,,,,,,,,,,,,,,,,,,,,,,,,,,,,,0,,,,,,,,,,,,,,,,,,,,,,,,,,,,TRUE,FALSE,,,,,,,,,,,,,,,,,
,569,,,,,,,,,,,,,,,,,,,,,,,,,,,,,,,,,,,,,,,,,,,,,,,,,,,,,,,,,,,,,,,,,,,,,,0,,,,,,,,,,,,,,,,,,,,,,,,,,,,TRUE,FALSE,,,,,,,,,,,,,,,,,
,568,,,,,,,,,,,,,,,,,,,,,,,,,,,,,,,,,,,,,,,,,,,,,,,,,,,,,,,,,,,,,,,,,,,,,,0,,,,,,,,,,,,,,,,,,,,,,,,,,,,TRUE,FALSE,,,,,,,,,,,,,,,,,
,567,,,,,,,,,,,,,,,,,,,,,,,,,,,,,,,,,,,,,,,,,,,,,,,,,,,,,,,,,,,,,,,,,,,,,,0,,,,,,,,,,,,,,,,,,,,,,,,,,,,TRUE,FALSE,,,,,,,,,,,,,,,,,
,566,,,,,,,,,,,,,,,,,,,,,,,,,,,,,,,,,,,,,,,,,,,,,,,,,,,,,,,,,,,,,,,,,,,,,,0,,,,,,,,,,,,,,,,,,,,,,,,,,,,TRUE,FALSE,,,,,,,,,,,,,,,,,
,565,,,,,,,,,,,,,,,,,,,,,,,,,,,,,,,,,,,,,,,,,,,,,,,,,,,,,,,,,,,,,,,,,,,,,,0,,,,,,,,,,,,,,,,,,,,,,,,,,,,TRUE,FALSE,,,,,,,,,,,,,,,,,
,564,,,,,,,,,,,,,,,,,,,,,,,,,,,,,,,,,,,,,,,,,,,,,,,,,,,,,,,,,,,,,,,,,,,,,,0,,,,,,,,,,,,,,,,,,,,,,,,,,,,TRUE,FALSE,,,,,,,,,,,,,,,,,
,563,,,,,,,,,,,,,,,,,,,,,,,,,,,,,,,,,,,,,,,,,,,,,,,,,,,,,,,,,,,,,,,,,,,,,,0,,,,,,,,,,,,,,,,,,,,,,,,,,,,TRUE,FALSE,,,,,,,,,,,,,,,,,
,562,,,,,,,,,,,,,,,,,,,,,,,,,,,,,,,,,,,,,,,,,,,,,,,,,,,,,,,,,,,,,,,,,,,,,,0,,,,,,,,,,,,,,,,,,,,,,,,,,,,TRUE,FALSE,,,,,,,,,,,,,,,,,
,561,,,,,,,,,,,,,,,,,,,,,,,,,,,,,,,,,,,,,,,,,,,,,,,,,,,,,,,,,,,,,,,,,,,,,,0,,,,,,,,,,,,,,,,,,,,,,,,,,,,TRUE,FALSE,,,,,,,,,,,,,,,,,
,560,,,,,,,,,,,,,,,,,,,,,,,,,,,,,,,,,,,,,,,,,,,,,,,,,,,,,,,,,,,,,,,,,,,,,,0,,,,,,,,,,,,,,,,,,,,,,,,,,,,TRUE,FALSE,,,,,,,,,,,,,,,,,
,559,,,,,,,,,,,,,,,,,,,,,,,,,,,,,,,,,,,,,,,,,,,,,,,,,,,,,,,,,,,,,,,,,,,,,,0,,,,,,,,,,,,,,,,,,,,,,,,,,,,TRUE,FALSE,,,,,,,,,,,,,,,,,
,558,,,,,,,,,,,,,,,,,,,,,,,,,,,,,,,,,,,,,,,,,,,,,,,,,,,,,,,,,,,,,,,,,,,,,,0,,,,,,,,,,,,,,,,,,,,,,,,,,,,TRUE,FALSE,,,,,,,,,,,,,,,,,
,557,,,,,,,,,,,,,,,,,,,,,,,,,,,,,,,,,,,,,,,,,,,,,,,,,,,,,,,,,,,,,,,,,,,,,,0,,,,,,,,,,,,,,,,,,,,,,,,,,,,TRUE,FALSE,,,,,,,,,,,,,,,,,
,556,,,,,,,,,,,,,,,,,,,,,,,,,,,,,,,,,,,,,,,,,,,,,,,,,,,,,,,,,,,,,,,,,,,,,,0,,,,,,,,,,,,,,,,,,,,,,,,,,,,TRUE,FALSE,,,,,,,,,,,,,,,,,
,555,,,,,,,,,,,,,,,,,,,,,,,,,,,,,,,,,,,,,,,,,,,,,,,,,,,,,,,,,,,,,,,,,,,,,,0,,,,,,,,,,,,,,,,,,,,,,,,,,,,TRUE,FALSE,,,,,,,,,,,,,,,,,
,554,,,,,,,,,,,,,,,,,,,,,,,,,,,,,,,,,,,,,,,,,,,,,,,,,,,,,,,,,,,,,,,,,,,,,,0,,,,,,,,,,,,,,,,,,,,,,,,,,,,TRUE,FALSE,,,,,,,,,,,,,,,,,
,553,,,,,,,,,,,,,,,,,,,,,,,,,,,,,,,,,,,,,,,,,,,,,,,,,,,,,,,,,,,,,,,,,,,,,,0,,,,,,,,,,,,,,,,,,,,,,,,,,,,TRUE,FALSE,,,,,,,,,,,,,,,,,
,552,,,,,,,,,,,,,,,,,,,,,,,,,,,,,,,,,,,,,,,,,,,,,,,,,,,,,,,,,,,,,,,,,,,,,,0,,,,,,,,,,,,,,,,,,,,,,,,,,,,TRUE,FALSE,,,,,,,,,,,,,,,,,
,551,,,,,,,,,,,,,,,,,,,,,,,,,,,,,,,,,,,,,,,,,,,,,,,,,,,,,,,,,,,,,,,,,,,,,,0,,,,,,,,,,,,,,,,,,,,,,,,,,,,TRUE,FALSE,,,,,,,,,,,,,,,,,
,550,,,,,,,,,,,,,,,,,,,,,,,,,,,,,,,,,,,,,,,,,,,,,,,,,,,,,,,,,,,,,,,,,,,,,,0,,,,,,,,,,,,,,,,,,,,,,,,,,,,TRUE,FALSE,,,,,,,,,,,,,,,,,
,549,,,,,,,,,,,,,,,,,,,,,,,,,,,,,,,,,,,,,,,,,,,,,,,,,,,,,,,,,,,,,,,,,,,,,,0,,,,,,,,,,,,,,,,,,,,,,,,,,,,TRUE,FALSE,,,,,,,,,,,,,,,,,
,548,,,,,,,,,,,,,,,,,,,,,,,,,,,,,,,,,,,,,,,,,,,,,,,,,,,,,,,,,,,,,,,,,,,,,,0,,,,,,,,,,,,,,,,,,,,,,,,,,,,TRUE,FALSE,,,,,,,,,,,,,,,,,
,547,,,,,,,,,,,,,,,,,,,,,,,,,,,,,,,,,,,,,,,,,,,,,,,,,,,,,,,,,,,,,,,,,,,,,,0,,,,,,,,,,,,,,,,,,,,,,,,,,,,TRUE,FALSE,,,,,,,,,,,,,,,,,
,546,,,,,,,,,,,,,,,,,,,,,,,,,,,,,,,,,,,,,,,,,,,,,,,,,,,,,,,,,,,,,,,,,,,,,,0,,,,,,,,,,,,,,,,,,,,,,,,,,,,TRUE,FALSE,,,,,,,,,,,,,,,,,
,545,,,,,,,,,,,,,,,,,,,,,,,,,,,,,,,,,,,,,,,,,,,,,,,,,,,,,,,,,,,,,,,,,,,,,,0,,,,,,,,,,,,,,,,,,,,,,,,,,,,TRUE,FALSE,,,,,,,,,,,,,,,,,
,544,,,,,,,,,,,,,,,,,,,,,,,,,,,,,,,,,,,,,,,,,,,,,,,,,,,,,,,,,,,,,,,,,,,,,,0,,,,,,,,,,,,,,,,,,,,,,,,,,,,TRUE,FALSE,,,,,,,,,,,,,,,,,
,543,,,,,,,,,,,,,,,,,,,,,,,,,,,,,,,,,,,,,,,,,,,,,,,,,,,,,,,,,,,,,,,,,,,,,,0,,,,,,,,,,,,,,,,,,,,,,,,,,,,TRUE,FALSE,,,,,,,,,,,,,,,,,
,542,,,,,,,,,,,,,,,,,,,,,,,,,,,,,,,,,,,,,,,,,,,,,,,,,,,,,,,,,,,,,,,,,,,,,,0,,,,,,,,,,,,,,,,,,,,,,,,,,,,TRUE,FALSE,,,,,,,,,,,,,,,,,
,541,,,,,,,,,,,,,,,,,,,,,,,,,,,,,,,,,,,,,,,,,,,,,,,,,,,,,,,,,,,,,,,,,,,,,,0,,,,,,,,,,,,,,,,,,,,,,,,,,,,TRUE,FALSE,,,,,,,,,,,,,,,,,
,540,,,,,,,,,,,,,,,,,,,,,,,,,,,,,,,,,,,,,,,,,,,,,,,,,,,,,,,,,,,,,,,,,,,,,,0,,,,,,,,,,,,,,,,,,,,,,,,,,,,TRUE,FALSE,,,,,,,,,,,,,,,,,
,539,,,,,,,,,,,,,,,,,,,,,,,,,,,,,,,,,,,,,,,,,,,,,,,,,,,,,,,,,,,,,,,,,,,,,,0,,,,,,,,,,,,,,,,,,,,,,,,,,,,TRUE,FALSE,,,,,,,,,,,,,,,,,
,538,,,,,,,,,,,,,,,,,,,,,,,,,,,,,,,,,,,,,,,,,,,,,,,,,,,,,,,,,,,,,,,,,,,,,,0,,,,,,,,,,,,,,,,,,,,,,,,,,,,TRUE,FALSE,,,,,,,,,,,,,,,,,
,537,,,,,,,,,,,,,,,,,,,,,,,,,,,,,,,,,,,,,,,,,,,,,,,,,,,,,,,,,,,,,,,,,,,,,,0,,,,,,,,,,,,,,,,,,,,,,,,,,,,TRUE,FALSE,,,,,,,,,,,,,,,,,
,536,,,,,,,,,,,,,,,,,,,,,,,,,,,,,,,,,,,,,,,,,,,,,,,,,,,,,,,,,,,,,,,,,,,,,,0,,,,,,,,,,,,,,,,,,,,,,,,,,,,TRUE,FALSE,,,,,,,,,,,,,,,,,
,535,,,,,,,,,,,,,,,,,,,,,,,,,,,,,,,,,,,,,,,,,,,,,,,,,,,,,,,,,,,,,,,,,,,,,,0,,,,,,,,,,,,,,,,,,,,,,,,,,,,TRUE,FALSE,,,,,,,,,,,,,,,,,
,534,,,,,,,,,,,,,,,,,,,,,,,,,,,,,,,,,,,,,,,,,,,,,,,,,,,,,,,,,,,,,,,,,,,,,,0,,,,,,,,,,,,,,,,,,,,,,,,,,,,TRUE,FALSE,,,,,,,,,,,,,,,,,
,533,,,,,,,,,,,,,,,,,,,,,,,,,,,,,,,,,,,,,,,,,,,,,,,,,,,,,,,,,,,,,,,,,,,,,,0,,,,,,,,,,,,,,,,,,,,,,,,,,,,TRUE,FALSE,,,,,,,,,,,,,,,,,
,532,,,,,,,,,,,,,,,,,,,,,,,,,,,,,,,,,,,,,,,,,,,,,,,,,,,,,,,,,,,,,,,,,,,,,,0,,,,,,,,,,,,,,,,,,,,,,,,,,,,TRUE,FALSE,,,,,,,,,,,,,,,,,
,531,,,,,,,,,,,,,,,,,,,,,,,,,,,,,,,,,,,,,,,,,,,,,,,,,,,,,,,,,,,,,,,,,,,,,,0,,,,,,,,,,,,,,,,,,,,,,,,,,,,TRUE,FALSE,,,,,,,,,,,,,,,,,
,530,,,,,,,,,,,,,,,,,,,,,,,,,,,,,,,,,,,,,,,,,,,,,,,,,,,,,,,,,,,,,,,,,,,,,,0,,,,,,,,,,,,,,,,,,,,,,,,,,,,TRUE,FALSE,,,,,,,,,,,,,,,,,
,529,,,,,,,,,,,,,,,,,,,,,,,,,,,,,,,,,,,,,,,,,,,,,,,,,,,,,,,,,,,,,,,,,,,,,,0,,,,,,,,,,,,,,,,,,,,,,,,,,,,TRUE,FALSE,,,,,,,,,,,,,,,,,
,528,,,,,,,,,,,,,,,,,,,,,,,,,,,,,,,,,,,,,,,,,,,,,,,,,,,,,,,,,,,,,,,,,,,,,,0,,,,,,,,,,,,,,,,,,,,,,,,,,,,TRUE,FALSE,,,,,,,,,,,,,,,,,
,527,,,,,,,,,,,,,,,,,,,,,,,,,,,,,,,,,,,,,,,,,,,,,,,,,,,,,,,,,,,,,,,,,,,,,,0,,,,,,,,,,,,,,,,,,,,,,,,,,,,TRUE,FALSE,,,,,,,,,,,,,,,,,
,526,,,,,,,,,,,,,,,,,,,,,,,,,,,,,,,,,,,,,,,,,,,,,,,,,,,,,,,,,,,,,,,,,,,,,,0,,,,,,,,,,,,,,,,,,,,,,,,,,,,TRUE,FALSE,,,,,,,,,,,,,,,,,
,525,,,,,,,,,,,,,,,,,,,,,,,,,,,,,,,,,,,,,,,,,,,,,,,,,,,,,,,,,,,,,,,,,,,,,,0,,,,,,,,,,,,,,,,,,,,,,,,,,,,TRUE,FALSE,,,,,,,,,,,,,,,,,
,524,,,,,,,,,,,,,,,,,,,,,,,,,,,,,,,,,,,,,,,,,,,,,,,,,,,,,,,,,,,,,,,,,,,,,,0,,,,,,,,,,,,,,,,,,,,,,,,,,,,TRUE,FALSE,,,,,,,,,,,,,,,,,
,523,,,,,,,,,,,,,,,,,,,,,,,,,,,,,,,,,,,,,,,,,,,,,,,,,,,,,,,,,,,,,,,,,,,,,,0,,,,,,,,,,,,,,,,,,,,,,,,,,,,TRUE,FALSE,,,,,,,,,,,,,,,,,
,522,,,,,,,,,,,,,,,,,,,,,,,,,,,,,,,,,,,,,,,,,,,,,,,,,,,,,,,,,,,,,,,,,,,,,,0,,,,,,,,,,,,,,,,,,,,,,,,,,,,TRUE,FALSE,,,,,,,,,,,,,,,,,
,521,,,,,,,,,,,,,,,,,,,,,,,,,,,,,,,,,,,,,,,,,,,,,,,,,,,,,,,,,,,,,,,,,,,,,,0,,,,,,,,,,,,,,,,,,,,,,,,,,,,TRUE,FALSE,,,,,,,,,,,,,,,,,
,520,,,,,,,,,,,,,,,,,,,,,,,,,,,,,,,,,,,,,,,,,,,,,,,,,,,,,,,,,,,,,,,,,,,,,,0,,,,,,,,,,,,,,,,,,,,,,,,,,,,TRUE,FALSE,,,,,,,,,,,,,,,,,
,519,,,,,,,,,,,,,,,,,,,,,,,,,,,,,,,,,,,,,,,,,,,,,,,,,,,,,,,,,,,,,,,,,,,,,,0,,,,,,,,,,,,,,,,,,,,,,,,,,,,TRUE,FALSE,,,,,,,,,,,,,,,,,
,518,,,,,,,,,,,,,,,,,,,,,,,,,,,,,,,,,,,,,,,,,,,,,,,,,,,,,,,,,,,,,,,,,,,,,,0,,,,,,,,,,,,,,,,,,,,,,,,,,,,TRUE,FALSE,,,,,,,,,,,,,,,,,
,517,,,,,,,,,,,,,,,,,,,,,,,,,,,,,,,,,,,,,,,,,,,,,,,,,,,,,,,,,,,,,,,,,,,,,,0,,,,,,,,,,,,,,,,,,,,,,,,,,,,TRUE,FALSE,,,,,,,,,,,,,,,,,
,516,,,,,,,,,,,,,,,,,,,,,,,,,,,,,,,,,,,,,,,,,,,,,,,,,,,,,,,,,,,,,,,,,,,,,,0,,,,,,,,,,,,,,,,,,,,,,,,,,,,TRUE,FALSE,,,,,,,,,,,,,,,,,
,515,,,,,,,,,,,,,,,,,,,,,,,,,,,,,,,,,,,,,,,,,,,,,,,,,,,,,,,,,,,,,,,,,,,,,,0,,,,,,,,,,,,,,,,,,,,,,,,,,,,TRUE,FALSE,,,,,,,,,,,,,,,,,
,514,Orchid Intel Warship,28 Apr 2026,2026,4,Promo,Promo,,,X-faction,Orion,,Destroyer,Warship,Warship,4,3,,3,4,,3,,,Int,10,9,6,4,0,3,0,0,2,2,7,1.2,54000,1.1,11,0.18,55,10,,5,5,4,Tac,Int,3,Uni,Pil,3,Eng,,2,Uni,,1,Uni,,,,,8,5,3,Yes,,,3,Yes,5,4,2,,,,,,,,,,,,,,Leaking Radiation Signature,"on Eng / Int: leave behind clouds that do Radiation damage, -turn, -speed, and decloak ships",Bait and Switch,Ultra Rare,Tac,50,14,62,1.5x Critical Rating from ENG and TAC,TRUE,TRUE,FALSE,,3,,5,4,2,5,4,2,Tac,,Orchid Intel Warship,https://stowiki.net/wiki/Orchid_Intel_Warship,Leaking Radiation Signature,https://stowiki.net/wiki/Leaking_Radiation_Signature_(starship_trait),Bait and Switch,https://stowiki.net/wiki/Console_-_Universal_-_Bait_and_Switch
,513,Gral Command Scout,7 Apr 2026,2026,4,Lockbox,Lockbox,,,X-faction,Starfleet,,Scout Ship,Scout Ship,Scout Ship,,,4,3,,4,3,,,Cmd,9,9,13,0,4,3,0,0,2,2,7,1,45000,1.275,19,0.2,75,10,,,10,4,Sci,Cmd,3,Uni,Pil,3,Uni,,2,Uni,,1,Uni,,,,,6,4,2,Yes,,,2,Yes,4,2,5,,,,,,Yes,Yes,Yes,,,,40%,,Data Breach,"on Cmd / Photonic Officer: launch probe that applies -DRR, -damage",Full Active Stealth Action,Ultra Rare,Sci,21,28,59,+10 TAC per SciShip,TRUE,TRUE,FALSE,,2,,4,2,5,4,2,5,Sci,,Gral Command Scout,https://stowiki.net/wiki/Gral_Command_Scout,Data Breach,https://stowiki.net/wiki/Data_Breach_(starship_trait),Full Active Stealth Action,https://stowiki.net/wiki/Console_-_Universal_-_Full_Active_Stealth_Action
,512,Noble Intel Battlecruiser,7 Apr 2026,2026,4,Event,Event only,,,X-faction,Starfleet,Sovereign,Battlecruiser,Battlecruiser,Battlecruiser,3,4,1,3,4,3,,,,Int,8,7,4,4,3,0,0,0,2,2,7,1.35,60750,1.1,8,0.16,35,10,10,,,4,Eng,Int,3,Uni,,3,Tac,Cmd,2,Tac,,1,Sci,,,,,8,5,3,Yes,,,3,Yes,4,4,3,,Yes,Yes,Yes,,,,,,,Cloak,,,To Hell With Our Orders,"on Captain ability: uni console cooldown, +turn, +speed",Destruct Sequence Alpha-One,Ultra Rare,Eng,56,47,23,+25 TAC when Alone,TRUE,TRUE,FALSE,,3,,4,4,3,4,4,3,Eng,Basic,Noble Intel Battlecruiser,https://stowiki.net/wiki/Noble_Intel_Battlecruiser,To Hell With Our Orders,https://stowiki.net/wiki/To_Hell_With_Our_Orders_(starship_trait),Destruct Sequence Alpha-One,https://stowiki.net/wiki/Console_-_Universal_-_Destruct_Sequence_Alpha-One
,511,Suurok Intel Science Destroyer (Tactical Mode),24 Mar 2026,2026,3,C Store,C Store,16th Anniversary,,Federation,Vulcan,Suurok,Science Vessel,Science Destroyer,Science Destroyer,4,3,3,2,3,4,,,,Cmd,6,5,6,3,4,0,0,0,2,2,7,1.1,49500,1.35,8,0.2,75,15,,,5,4,Tac,Cmd,3,Eng,,3,Sci,Int,2,Uni,,1,Sci,,,,,7,4,3,Yes,Yes,,3,Yes,3,3,5,,,,,,,,,Yes,,,,,Logic of Battle,"on ? / Int: become untargetable, disable target",Swift Delivery,Very Rare,Sci,37,27,53,+10 SCI per SciShip,TRUE,FALSE,FALSE,,3,,3,3,5,3,3,5,Sci,,Suurok Intel Science Destroyer (Tactical Mode),https://stowiki.net/wiki/Vulcan_Suurok_Intel_Science_Destroyer,Logic of Battle,https://stowiki.net/wiki/Logic_of_Battle_(starship_trait),Swift Delivery,https://stowiki.net/wiki/Console_-_Universal_-_Swift_Delivery
,510,Suurok Intel Science Destroyer (Science Mode),24 Mar 2026,2026,3,C Store,C Store,16th Anniversary,,Federation,Vulcan,Suurok,Science Vessel,Science Destroyer,Science Destroyer,3,3,4,2,4,3,,,,Int,5,5,7,4,3,0,0,0,2,2,7,1.1,49500,1.35,8,0.2,75,,5,5,10,4,Sci,Int,3,Tac,Cmd,3,Eng,,2,Uni,,1,Sci,,,,,7,4,3,Yes,,,3,Yes,3,3,5,,,,,,Yes,Yes,Yes,Yes,,,,,Logic of Battle,"on ? / Int: become untargetable, disable target",Swift Delivery,Very Rare,Sci,37,27,53,+10 SCI per SciShip,TRUE,FALSE,FALSE,,3,,3,3,5,3,3,5,Sci,,Suurok Intel Science Destroyer (Science Mode),https://stowiki.net/wiki/Vulcan_Suurok_Intel_Science_Destroyer,Logic of Battle,https://stowiki.net/wiki/Logic_of_Battle_(starship_trait),Swift Delivery,https://stowiki.net/wiki/Console_-_Universal_-_Swift_Delivery
,509,Suurok Intel Science Destroyer,24 Mar 2026,2026,3,C Store,C Store,16th Anniversary,,Federation,Vulcan,Suurok,Science Vessel,Science Destroyer,Science Destroyer,4,3,4,2,4,4,,,,Int,6,5,7,4,4,0,0,0,2,2,8,1.1,49500,1.35,8,0.2,75,,5,5,10,4,Sci,Int,4,Tac,Cmd,3,Eng,,2,Uni,,1,Sci,,,,,7,4,3,Yes,Yes,,3,Yes,3,3,5,,,,,,Yes,Yes,Yes,Yes,,,,,Logic of Battle,"on ? / Int: become untargetable, disable target",Swift Delivery,Very Rare,Sci,37,27,53,+10 SCI per SciShip,TRUE,TRUE,FALSE,,3,,3,3,5,3,3,5,Sci,,Suurok Intel Science Destroyer,https://stowiki.net/wiki/Vulcan_Suurok_Intel_Science_Destroyer,Logic of Battle,https://stowiki.net/wiki/Logic_of_Battle_(starship_trait),Swift Delivery,https://stowiki.net/wiki/Console_-_Universal_-_Swift_Delivery
,508,Andorian Kumari Pilot Light Battlecruiser,24 Mar 2026,2026,3,C Store,C Store,16th Anniversary,,Federation,Andorian,Kumari,Battlecruiser,Battlecruiser,Battlecruiser,3,4,2,3,,3,4,,,Pil,7,8,6,0,3,4,0,0,2,2,7,1.2,54000,1.15,11,0.16,55,5,10,,5,4,Eng,Pil,3,Uni,Cmd,3,Tac,,2,Sci,,1,Uni,,,,,8,5,3,Yes,,,4,Yes,3,5,3,,Yes,Yes,Yes,,,,,,,,,,A Budding Alliance,"on Cannon, Beam, Torp firing mode: weapons taunt, shields heal incoming energy damage",Ushaan Declaration,Very Rare,Eng,58,32,26,+8 ENG per ANY Ship (Not Small Craft),TRUE,TRUE,FALSE,,4,,3,5,3,3,5,3,Eng,,Andorian Kumari Pilot Light Battlecruiser,https://stowiki.net/wiki/Andorian_Kumari_Pilot_Light_Battlecruiser,A Budding Alliance,https://stowiki.net/wiki/A_Budding_Alliance_(starship_trait),Ushaan Declaration,https://stowiki.net/wiki/Console_-_Universal_-_Ushaan_Declaration
,507,NP Miracle Worker Light Escort,24 Mar 2026,2026,3,C Store,C Store,16th Anniversary,,Federation,Starfleet (22c),NP,Raider,Raider,Raider (Not 100% Universal),3,2,1,4,,3,,,4,MW,10,9,8,0,3,0,0,4,2,2,7,1.1,49500,0.9,21,0.21,75,20,,10,,4,Uni,MW,3,Uni,,3,Tac,Cmd,2,Eng,,1,Sci,,,,,6,5,1,Yes,Yes,,2,Yes,5,4,2,1,,,,,,,,,,,40%,,Maneuvering Supremacy,"on Tac / MW: stacking +all damage. At 5 stacks: also +flight speed, +turn rate",Triptych Tactical Control Node,Very Rare,Tac,40,58,19,+20 ENG and TAC when Alone,TRUE,TRUE,FALSE,1,2,,5,4,2,5,4,2,Tac,,NP Miracle Worker Light Escort,https://stowiki.net/wiki/NP_Miracle_Worker_Light_Escort,Maneuvering Supremacy,https://stowiki.net/wiki/Maneuvering_Supremacy_(starship_trait),Triptych Tactical Control Node,https://stowiki.net/wiki/Console_-_Universal_-_Triptych_Tactical_Control_Node
,506,NV Multi-Mission Temporal Cruiser,24 Mar 2026,2026,3,C Store,C Store,16th Anniversary,,Federation,Starfleet (22c),NV,Cruiser,Multi-Mission Cruiser,Multi-Mission Cruiser,3,4,1,3,,,,4,3,Tmp,8,7,4,0,0,0,4,3,2,2,7,1.375,61875,1,12,0.15,50,5,,10,5,4,Eng,Tmp,3,Uni,,3,Tac,MW,2,Tac,,1,Sci,,,,,8,4,4,Yes,,1,4,Yes,4,5,2,,Yes,Yes,,,,,,,,,,,Intrepid Ingenuity,"on MW / Tmp: self and allies +flight speed, -captain cooldowns",Interstellar Buoy,Very Rare,Eng,54,46,17,+8 ENG and TAC per SciShip,TRUE,TRUE,FALSE,,4,,4,5,2,4,5,2,Eng,,NV Multi-Mission Temporal Cruiser,https://stowiki.net/wiki/NV_Multi-Mission_Temporal_Cruiser,Intrepid Ingenuity,https://stowiki.net/wiki/Intrepid_Ingenuity_(starship_trait),Interstellar Buoy,https://stowiki.net/wiki/Console_-_Universal_-_Interstellar_Buoy
,505,Aetherian Harmony,17 Feb 2026,2026,2,Lockbox,Lockbox,,,X-faction,Aetherian,,Science Carrier,Science Carrier,Battle Carrier,3,2,3,4,3,,,4,,Tmp,7,6,8,3,0,0,4,0,2,2,7,1.5,67500,1.5,4,0.15,20,,10,,10,4,Uni,Tmp,3,Tac,,3,Sci,Int,2,Eng,,1,Sci,,,,,7,4,3,Yes,,2,4,Yes,4,2,5,,,,,,,Yes,Yes,,,,,,Harmonic Distribution,"while Shields above 50%: +universal console cooldown speed, +EPG (scaling with shield %)",Reconstruction Portal,Ultra Rare,Sci,26,44,56,-10% Maintenance per SciShip,TRUE,TRUE,FALSE,,4,,4,2,5,4,2,5,Sci,,Aetherian Harmony,https://stowiki.net/wiki/Aetherian_Harmony,Harmonic Distribution,https://stowiki.net/wiki/Harmonic_Distribution_(starship_trait),Reconstruction Portal,https://stowiki.net/wiki/Console_-_Universal_-_Reconstruction_Portal
,504,Empersa Alliance Miracle Worker Juggernaut,17 Feb 2026,2026,2,Event,Event only,,,X-faction,Alliance,,Juggernaut,Juggernaut,Juggernaut,4,3,2,3,,,,3,4,MW,8,7,6,0,0,0,3,4,2,2,7,1.4,63000,1.3,6.5,0.17,50,10,,10,10,4,Tac,MW,3,Uni,,3,Eng,Tmp,2,Sci,,1,Uni,,,,,8,5,3,Yes,,,3,Yes,5,4,2,1,,,,,,,,,,Cloak,,Yes,Hyper-Generative Repair Matrix,on Hull heal: stacking +max hull,Ionized Antiproton Field Projector,Ultra Rare,Tac,42,58,26,1.5x Critical Rating from ENG and TAC,TRUE,TRUE,FALSE,1,3,,5,4,2,5,4,2,Tac,Basic,Empersa Alliance Miracle Worker Juggernaut,https://stowiki.net/wiki/Empersa_Alliance_Miracle_Worker_Juggernaut,Hyper-Generative Repair Matrix,https://stowiki.net/wiki/Hyper-Generative_Repair_Matrix_(starship_trait),Ionized Antiproton Field Projector,https://stowiki.net/wiki/Console_-_Universal_-_Ionizedd_Antiproton_Field_Projector
,503,Orion Interceptor,13 Jan 2026,2026,1,Lockbox,Lockbox,,,X-faction,Orion (22c),,Raider,Raider,Raider (Not 100% Universal),4,,,3,,,4,3,,Pil,13,9,9,0,0,4,3,0,2,2,7,0.9,40500,1.1,18,0.21,85,10,,,10,4,Tac,Pil,3,Uni,Tmp,3,Uni,,2,Uni,,1,Uni,,,,,6,5,1,Yes,Yes,,2,Yes,5,3,3,,,,,,,,,,,,40%,,Shock Attack Barrage,"during CSV, CRF: cannons deal extra AoE disruptor damage",Energy Disruption Blast Emitter,Ultra Rare,Tac,29,64,33,2.5x Critical Rating from TAC,TRUE,TRUE,FALSE,,2,,5,3,3,5,3,3,Tac,,Orion Interceptor,https://stowiki.net/wiki/Orion_Interceptor,Shock Attack Barrage,https://stowiki.net/wiki/Shock_Attack_Barrage_(starship_trait),Energy Disruption Blast Emitter,https://stowiki.net/wiki/Console_-_Universal_-_Energy_Disruption_Blast_Emitter
,502,Aetherian Salvation,9 Dec 2025,2025,12,Lockbox,Lockbox,,,X-faction,Aetherian,,Battlecruiser,Battlecruiser,Battlecruiser,2,4,3,3,4,,,3,,Int,5,8,6,4,0,0,3,0,2,2,7,1.5,67500,1.3,5.5,0.18,65,10,,,10,4,Eng,Int,3,Uni,Tmp,3,Sci,,2,Tac,,1,Eng,,,,,8,4,4,Yes,,,4,Yes,3,5,3,,Yes,Yes,Yes,,,,,,,,,,Aetheric Matter Manipulation,"on Captain ability: stacking +Exotic, +EPG, +CtrlX, +DrainX",Pentachoric Emitter,Ultra Rare,Eng,61,33,33,Ignores +/- SCI from Events,TRUE,TRUE,FALSE,,4,,3,5,3,3,5,3,Eng,,Aetherian Salvation,https://stowiki.net/wiki/Aetherian_Salvation,Aetheric Matter Manipulation,https://stowiki.net/wiki/Aetheric_Matter_Manipulation_(starship_trait),Pentachoric Emitter,https://stowiki.net/wiki/Console_-_Universal_-_Pentachoric_Emitter
,501,Fek'Ihri Vok'Tar Temporal Science Vessel,9 Dec 2025,2025,12,Event,Event only,,,X-faction,Fek'Ihri,,Science Vessel,Science Vessel,Science Vessel,2,1,4,3,2,,,4,,Tmp,5,4,10,2,0,0,4,0,2,2,6,1.05,47250,1.3,17,0.2,60,,,,20,4,Sci,Tmp,3,Uni,,3,Sci,,2,Tac,Int,1,Eng,,,,,6,3,3,,,,3,Yes,3,3,5,,,,,,Yes,Yes,Yes,,,,,,Hypnotic Mindwave,on Uni console: PBAoE confuse. +dmg vs confused / placated enemies,Eye of Gre'Thor,Ultra Rare,Sci,27,29,70,-10% Maintenance per EngShip or SciShip,TRUE,TRUE,FALSE,,3,,3,3,5,3,3,5,Sci,,Fek'Ihri Vok'Tar Temporal Science Vessel,https://stowiki.net/wiki/Fek%27Ihri_Vok%27Tar_Temporal_Science_Vessel,Hypnotic Mindwave,https://stowiki.net/wiki/Hypnotic_Mindwave_(starship_trait),Eye of Gre'Thor,https://stowiki.net/wiki/Console_-_Universal_-_Eye_of_Gre%27Thor
,500,Legendary Dhelan Pilot Warbird,11 Nov 2025,2025,11,C Store (Leg),C Store (Leg),Legendary Last Stand,,Romulan,Romulan,Dhelan,Tactical WB,Escort,Escort (warbird),4,3,,3,3,,4,,,Pil,10,7,4,3,0,4,0,0,2,2,7,1.175,52875,1.05,16,0.2,70,10,,10,,4,Tac,Pil,3,Uni,,3,Eng,Int,2,Tac,,1,Uni,,,,,7,5,2,Yes,Yes,,2,Yes,5,4,2,,,,,,,,,,Yes,Battle - Rom,,,Parry and Thrust,on Pil / Evasive Maneuvers / Brace for Impact: 5 stacks of +CritD. 1 / second: consume stack to do plasma damage,,Very Rare,Tac,41,59,17,+25 TAC when Alone,TRUE,TRUE,FALSE,,2,,5,4,2,5,4,2,Tac,Battle,Legendary Dhelan Pilot Warbird,https://stowiki.net/wiki/Legendary_Dhelan_Pilot_Warbird,Parry and Thrust,https://stowiki.net/wiki/Parry_and_Thrust_(starship_trait),,
,499,Legendary Nebula Temporal Science Spearhead,11 Nov 2025,2025,11,C Store (Leg),C Store (Leg),Legendary Last Stand,,Federation,Starfleet,Nebula,Science Vessel,Science Spearhead,Science Spearhead,2,,4,3,,,,4,3,Tmp,6,4,11,0,0,0,4,3,2,2,7,1.2,54000,1.35,11,0.18,45,,5,,15,4,Sci,Tmp,3,Uni,MW,3,Sci,,2,Tac,,1,Uni,,,,,7,4,3,Yes,,,3,Yes,3,3,5,,,,,,Yes,Yes,Yes,,,,,,Particle Fluctuation Analysis,"on uni console: stacking +CritH, +CritD, +Crit Healing, +current and max aux, +perception to self and players",,Very Rare,Sci,23,31,63,Ignores +/- SCI from Events,TRUE,TRUE,FALSE,,3,,3,3,5,3,3,5,Sci,,Legendary Nebula Temporal Science Spearhead,https://stowiki.net/wiki/Legendary_Nebula_Temporal_Science_Spearhead,Particle Fluctuation Analysis,https://stowiki.net/wiki/Particle_Fluctuation_Analysis_(starship_trait),,
,498,Legendary Negh'Var Intel Dreadnought Cruiser,11 Nov 2025,2025,11,C Store (Leg),C Store (Leg),Legendary Last Stand,,Klingon,Klingon,Negh'var,Dreadnought Cruiser,Dreadnought Cruiser,Dreadnought Cruiser,3,4,2,3,4,3,,,,Int,7,8,6,4,3,0,0,0,2,2,7,1.45,65250,1.1,10,0.17,30,15,,,5,4,Eng,Int,3,Uni,Cmd,3,Tac,,2,Sci,,1,Uni,,,,,8,5,3,Yes,,1,4,Yes,3,5,3,,Yes,,,Yes,,,,,,Enh Battle,,,Destabilizing Disruptor Enhancer,"on Eng / Cmd / Int: energy weapons apply stacking DoT, explode on max stacks",,Very Rare,Eng,55,36,26,2x Critical Rating from ENG and TAC,TRUE,TRUE,FALSE,,4,,3,5,3,3,5,3,Eng,Enhanced,Legendary Negh'Var Intel Dreadnought Cruiser,https://stowiki.net/wiki/Legendary_Negh%27Var_Intel_Dreadnought_Cruiser,Destabilizing Disruptor Enhancer,https://stowiki.net/wiki/Destabilizing_Disruptor_Enhancer_(starship_trait),,
,497,Omega Miracle Worker Light Battlecruiser,22 Oct 2025,2025,10,Lockbox,Lockbox,,,X-faction,Starfleet (31c) / Borg,,Battlecruiser,Battlecruiser,Battlecruiser,3,4,,3,,,3,,4,MW,8,8,3,0,0,3,0,4,2,2,7,1.3,58500,1,13,0.2,60,15,,15,,4,Eng,MW,3,Uni,,3,Tac,Pil,2,Tac,,1,Eng,,,,,8,4,4,Yes,,,4,Yes,4,5,2,1,Yes,Yes,Yes,,,,,,,,,,Adaptive Throttle,"while full throttle: stacking bonus damage, doubled for aft arc. stacking -weapon cost",Attack Pattern: Kirk-Omega,Ultra Rare,Eng,63,46,17,+20 ENG and TAC when Alone,TRUE,TRUE,FALSE,1,4,,4,5,2,4,5,2,Eng,,Omega Miracle Worker Light Battlecruiser,https://stowiki.net/wiki/Omega_Miracle_Worker_Light_Battlecruiser,Adaptive Throttle,https://stowiki.net/wiki/Adaptive_Throttle_(starship_trait),Attack Pattern: Kirk-Omega,https://stowiki.net/wiki/Console_-_Universal_-_Attack_Pattern:_Kirk-Omega
,496,Voth Stronghold Miracle Worker Dreadnought Cruiser,2 Sep 2025,2025,9,Event,Event only,,,X-faction,Voth,Bulwark,Dreadnought Cruiser,Dreadnought Cruiser,Dreadnought Cruiser,1,4,3,3,3,,,,4,MW,6,9,8,3,0,0,0,4,2,2,7,1.6,72000,1.2,7,0.15,35,10,10,5,5,4,Eng,MW,3,Uni,Int,3,Sci,,2,Uni,,1,Tac,,,,,8,5,3,Yes,,1,4,Yes,3,5,3,1,Yes,,,Yes,,,,,,,,,Asclepius Engine,on Heal: next attacker recieves damage equal to the heal,Enhanced Ward Repair Ship,Ultra Rare,Eng,62,34,30,-25% Maintenance per SciShip,TRUE,TRUE,FALSE,1,4,,3,5,3,3,5,3,Eng,,Voth Stronghold Miracle Worker Dreadnought Cruiser,https://stowiki.net/wiki/Voth_Stronghold_Miracle_Worker_Dreadnought_Cruiser,Asclepius Engine,https://stowiki.net/wiki/Asclepius_Engine_(starship_trait),Enhanced Ward Repair Ship,https://stowiki.net/wiki/Console_-_Universal_-_Enhanced_Ward_Repair_Shipp
,495,Trafalgar Command Juggernaut,2 Sep 2025,2025,9,Lockbox,Lockbox,,,X-faction,Starfleet (23c),Atlas,Juggernaut,Juggernaut,Juggernaut,4,3,2,3,,4,3,,,Cmd,8,7,6,0,4,3,0,0,2,2,7,1.45,65250,1.2,9,0.17,60,15,,5,,4,Tac,Cmd,3,Uni,Pil,3,Eng,,2,Sci,,1,Uni,,,,,8,5,3,Yes,,,3,Yes,5,4,2,,,,,,,,,,,,,,Wild Critical,on dealing or receiving crit: summon Wild Weasel,Spirit of Sacrifice,Ultra Rare,Tac,41,63,22,+10 TAC per EngShip,TRUE,TRUE,FALSE,,3,,5,4,2,5,4,2,Tac,,Trafalgar Command Juggernaut,https://stowiki.net/wiki/Trafalgar_Command_Juggernaut,Wild Critical,https://stowiki.net/wiki/Wild_Critical_(starship_trait),Spirit of Sacrifice,https://stowiki.net/wiki/Console_-_Universal_-_Spirit_of_Sacrifice
,494,Breen Yod-Thot Dreadnought Carrier,29 Jul 2025,2025,7,Promo,Promo,,,X-faction,Breen (32c),,Tactical Carrier,Dreadnought Carrier,Dreadnought Carrier (Tac),4,2,3,3,4,3,,,,Int,8,5,6,4,3,0,0,0,2,2,7,1.7,76500,0.9,5,0.17,40,20,,,,4,Tac,Int,3,Uni,Cmd,3,Sci,,2,Eng,,1,Tac,,,,,7,5,2,Yes,,2,3,Yes,5,3,3,,,,,,,Yes,,,,Cloak - 32c,,,Breen's Free-Fire,FAW gains increased duration,Shield Frequency Overload,Ultra Rare,Tac,31,66,29,2.5x Critical Rating from TAC,TRUE,TRUE,FALSE,,3,,5,3,3,5,3,3,Tac,Basic,Breen Yod-Thot Dreadnought Carrier,https://stowiki.net/wiki/Breen_Yod-Thot_Dreadnought_Carrier,Breen's Free-Fire,https://stowiki.net/wiki/Breen%27s_Free-Fire_(starship_trait),Shield Frequency Overload,https://stowiki.net/wiki/Console_-_Universal_-_Shield_Frequency_Overload
,493,Warden Temporal Multi-Mission Cruiser,8 Jul 2025,2025,7,C Store,C Store,Timeless Legacy,,Federation,Starfleet,Ranger,Cruiser,Multi-Mission Cruiser,Multi-Mission Cruiser,3,4,3,1,,,,4,,Tmp,4,7,4,0,0,0,7,0,1,2,7,1.25,56250,1.15,10,0.17,45,5,5,,10,4,Eng,Tmp,3,Tac,Tmp,3,Sci,,2,Eng,,1,Uni,,,,,8,4,4,Yes,,1,4,Yes,3,5,3,,Yes,Yes,,,,,,,,,,,Hellbore Light,"during BO / CRF: weapons apply shield drain. when shield drops, AoE plasma damage",Expanding Sphere Generator,Very Rare,Eng,56,28,33,Ignores +/- ENG from Events,TRUE,TRUE,FALSE,,4,,3,5,3,3,5,3,Eng,,Warden Temporal Multi-Mission Cruiser,https://stowiki.net/wiki/Warden_Temporal_Multi-Mission_Cruiser,Hellbore Light,https://stowiki.net/wiki/Hellbore_Light_(starship_trait),Expanding Sphere Generator,https://stowiki.net/wiki/Console_-_Universal_-_Expanding_Sphere_Generator
,492,Proxima Miracle Worker Science Dreadnought,8 Jul 2025,2025,7,C Store,C Store,Timeless Legacy,,Federation,Starfleet,Proxima,Science Vessel,Science Dreadnought,Science Dreadnought,3,2,4,3,,,,,4,MW,6,5,8,0,0,0,0,7,1,2,7,1.3,58500,1.3,7,0.18,35,,10,,20,4,Sci,MW,3,Uni,MW,3,Tac,,2,Eng,,1,Sci,,,,,7,4,3,Yes,,1,3,Yes,3,3,5,1,,,,,Yes,Yes,Yes,,,,,,Use of Power,"on Sci / MW: +Shield Pen, +CritH, +CritD",Side Pulse Phasers,Very Rare,Sci,28,33,56,-5% Maintenance per ANY Ship (Not Small Craft),TRUE,TRUE,FALSE,1,3,,3,3,5,3,3,5,Sci,,Proxima Miracle Worker Science Dreadnought,https://stowiki.net/wiki/Proxima_Miracle_Worker_Science_Dreadnought,Use of Power,https://stowiki.net/wiki/Use_of_Power_(starship_trait),Side Pulse Phasers,https://stowiki.net/wiki/Console_-_Universal_-_Side_Pulse_Phasers
,491,Okinawa Pilot Raider,8 Jul 2025,2025,7,C Store,C Store,Timeless Legacy,,Federation,Starfleet,Okinawa,Raider,Raider,Raider (Not 100% Universal),4,,,3,,,4,,,Pil,13,9,9,0,0,7,0,0,1,2,7,0.95,42750,1.25,18,0.2,85,10,,10,,4,Tac,Pil,3,Uni,Pil,3,Uni,,2,Uni,,1,Uni,,,,,6,5,1,Yes,Yes,,2,Yes,4,3,4,,,,,,,,,,,,40%,,Weapons of War,"on firing weapon, +damage for that weapon type",Dual Plasma Charge Launcher,Very Rare,Tac,33,49,35,+35 TAC when Alone,TRUE,TRUE,FALSE,,2,,4,3,4,4,3,4,Tac,,Okinawa Pilot Raider,https://stowiki.net/wiki/Okinawa_Pilot_Raider,Weapons of War,https://stowiki.net/wiki/Weapons_of_War_(starship_trait),Dual Plasma Charge Launcher,https://stowiki.net/wiki/Console_-_Universal_-_Dual_Plasma_Charge_Launcher
,490,Federation Intel Holoship,1 Jul 2025,2025,7,Event,Event only,,,X-faction,Starfleet,,Cruiser,Cruiser,Cruiser (Uni),,,,4,4,,,,3,Int,12,12,12,4,0,0,0,3,2,2,7,1.25,56250,1.15,11,0.2,75,5,,5,10,4,Uni,Int,3,Uni,MW,3,Uni,,2,Uni,,,,,,,,8,4,4,,,,3,Yes,4,4,3,1,,,,,,,,,,Cloak,,,Ouroboros Driver,on Tac/Int: -CD on Eng/MW. onEng/MW: -CD on Tac/Int.,Holomatrix Distortion,Ultra Rare,Eng,48,42,36,2x Critical Rating from Events,TRUE,TRUE,FALSE,1,3,,4,4,3,4,4,3,Eng,Basic,Federation Intel Holoship,https://stowiki.net/wiki/Federation_Intel_Holoship,Ouroboros Driver,https://stowiki.net/wiki/Ouroboros_Driver_(starship_trait),Holomatrix Distortion,https://stowiki.net/wiki/Console_-_Universal_-_Holomatrix_Distortion
,489,Promellian Command Battlecruiser,3 Jun 2025,2025,6,Lockbox,Lockbox,,,X-faction,Promellian,,Battlecruiser,Battlecruiser,Battlecruiser,3,4,,3,3,4,,,,Cmd,7,10,4,3,4,0,0,0,2,2,7,1.35,60750,1.15,8.75,0.13,45,10,5,5,,4,Eng,Cmd,3,Uni,,3,Tac,Int,2,Eng,,1,Uni,,,,,8,5,3,Yes,,,3,Yes,3,5,3,,Yes,Yes,Yes,,,,,,,,,,Gravitic Inversion,"on targeted ENG / CMD: create three anomalies that damage, pull, and slow",Gamma Burst,Ultra Rare,Eng,57,41,28,+20 ENG and TAC when Alone,TRUE,TRUE,FALSE,,3,,3,5,3,3,5,3,Eng,,Promellian Command Battlecruiser,https://stowiki.net/wiki/Promellian_Command_Battlecruiser,Gravitic Inversion,https://stowiki.net/wiki/Gravitic_Inversion_(starship_trait),Gamma Burst,https://stowiki.net/wiki/Console_-_Universal_-_Gamma_Burst
,488,Echelon Intel Science Spearhead,29 Apr 2025,2025,4,Lockbox,Lockbox,,,Federation,Starfleet,Shepard,Science Vessel,Science Spearhead,Science Spearhead,3,3,4,2,4,3,,,,Int,6,6,7,4,3,0,0,0,2,2,7,1.25,56250,1.35,11,0.19,60,5,,10,5,4,Sci,Int,3,Tac,,3,Eng,Cmd,2,Uni,,1,Uni,,,,,7,4,3,Yes,,,3,Yes,3,3,5,,,,,,Yes,Yes,Yes,,,Cloak,,,Persistence Hunters,"on targeted boff ability: stacking -target speed, DRR. on 5 stacks, engine and shield offline",Tracer Payloads Device,Ultra Rare,Sci,35,37,54,+8 SCI per ANY Ship (Not Small Craft),TRUE,TRUE,FALSE,,3,,3,3,5,3,3,5,Sci,Basic,Echelon Intel Science Spearhead,https://stowiki.net/wiki/Echelon_Intel_Science_Spearhead,Persistence Hunters,https://stowiki.net/wiki/Persistence_Hunters_(starship_trait),Tracer Payloads Device,https://stowiki.net/wiki/Console_-_Universal_-_Tracer_Payloads_Device
,487,Pakled Miracle Worker Clumpship,8 Apr 2025,2025,4,Promo,Promo,,,X-faction,Pakled,,Battlecruiser,Battlecruiser,Battlecruiser,3,3,,4,,3,,,4,MW,10,10,7,0,3,0,0,4,2,2,7,1.6,72000,0.95,5.5,0.17,35,10,5,5,10,4,Uni,MW,3,Tac,,3,Eng,Cmd,2,Uni,,1,Uni,,,,,8,4,4,Yes,,,4,Yes,4,4,3,1,Yes,Yes,Yes,,,,,,,,,,Pakled Big!,"on non-spec boff ability: stacking +damage, power, max power, and temporary hull",Pakled Technological Space Hook,Ultra Rare,Eng,60,37,29,Ignores +/- ENG from Events,TRUE,TRUE,FALSE,1,4,,4,4,3,4,4,3,Eng,,Pakled Miracle Worker Clumpship,https://stowiki.net/wiki/Pakled_Miracle_Worker_Clumpship,Pakled Big!,https://stowiki.net/wiki/Pakled_Big!_(starship_trait),Pakled Technological Space Hook,https://stowiki.net/wiki/Console_-_Universal_-_Pakled_Technological_Space_Hook
,486,Kiith Intel Warbird,20 Mar 2025,2025,3,Lockbox,Lockbox,,,Romulan,Romulan,,Tactical WB,Escort,Escort (warbird),4,1,3,3,4,,,3,,Int,9,4,6,4,0,0,3,0,2,2,7,0.95,42750,1.1,17,0.2,70,10,,,10,4,Tac,Int,3,Uni,Tmp,3,Sci,,2,Tac,,1,Eng,,,,,7,5,2,Yes,Yes,,2,Yes,5,2,4,,,,,,,,,,Yes,Enh Battle,,,Corrosive Impact,on decloak: stacking DoT on weapons,Chroniton Flicker,Ultra Rare,Tac,22,63,41,-25% Maintenance per EngShip,TRUE,TRUE,FALSE,,2,,5,2,4,5,2,4,Tac,Enhanced,Kiith Intel Warbird,https://stowiki.net/wiki/Kiith_Intel_Warbird,Corrosive Impact,https://stowiki.net/wiki/Corrosive_Impact_(starship_trait),Chroniton Flicker,https://stowiki.net/wiki/Console_-_Universal_-_Chroniton_Flicker
,485,Ark Royal Intel Science Carrier,11 Mar 2025,2025,3,C Store,C Store,15th Anniversary,,Federation,Starfleet,Ark Royal,Science Carrier,Science Carrier,Science Carrier (secdef),3,1,4,2,4,,,3,,Int,5,3,9,4,0,0,3,0,2,2,7,1.25,56250,1.4,8,0.15,35,5,10,,5,4,Sci,Int,3,Tac,,3,Sci,Tmp,2,Uni,,1,Eng,,,,,6,3,3,Yes,,2,3,Yes,3,3,5,,,,,,Yes,Yes,Yes,,,,,,"Mine, All Mine!","on hangar launch: create mine, and teleport it to furthest enemy in range",Scatterpacks and Weasels,Very Rare,Sci,30,37,51,2.5x Critical Rating from SCI,TRUE,TRUE,FALSE,,3,,3,3,5,3,3,5,Sci,,Ark Royal Intel Science Carrier,https://stowiki.net/wiki/Ark_Royal_Intel_Science_Carrier,"Mine, All Mine!","https://stowiki.net/wiki/Mine,_All_Mine!_(starship_trait)",Scatterpacks and Weasels,https://stowiki.net/wiki/Console_-_Universal_-_Scatterpacks_and_Weasels
,484,Pioneer II Pilot Heavy Frigate,11 Mar 2025,2025,3,C Store,C Store,15th Anniversary,,Federation,Starfleet,Pioneer,Frigate,Frigate,Frigate,,4,,3,,,4,,3,Pil,9,13,9,0,0,4,0,3,2,2,7,1.15,51750,1,15,0.17,55,15,,5,,4,Eng,Pil,3,Uni,MW,3,Uni,,2,Uni,,1,Uni,,,,,8,5,3,Yes,,,4,Yes,4,5,2,,Yes,,Yes,,,,,,,,40%,,A Call to Arms,while multiple nearby enemies: summon up to 3 allies,R.I.D.G.E. System,Very Rare,Eng,58,40,19,-10% Maintenance per EngShip or TacShip,TRUE,TRUE,FALSE,,4,,4,5,2,4,5,2,Eng,,Pioneer II Pilot Heavy Frigate,https://stowiki.net/wiki/Pioneer_II_Pilot_Heavy_Frigate,A Call to Arms,https://stowiki.net/wiki/A_Call_to_Arms_(starship_trait),R.I.D.G.E. System,https://stowiki.net/wiki/Console_-_Universal_-_R.I.D.G.E._System
,483,Kerala Temporal Battlecruiser,11 Mar 2025,2025,3,C Store,C Store,15th Anniversary,,Federation,Starfleet,Shepard,Battlecruiser,Battlecruiser,Battlecruiser,3,4,1,3,,3,,4,,Tmp,8,7,4,0,3,0,4,0,2,2,7,1.4,63000,1.1,8.5,0.15,55,10,,10,,4,Eng,Tmp,3,Uni,Cmd,3,Tac,,2,Tac,,1,Sci,,,,,8,4,4,Yes,,,3,Yes,4,5,2,,Yes,Yes,Yes,,,,,,,,,,Broadside Beam Support,during beam firing mode: beams fire extra broadside shot per cycle,Broadside Combat Module,Very Rare,Eng,58,43,16,+10 ENG per TacShip,TRUE,TRUE,FALSE,,3,,4,5,2,4,5,2,Eng,,Kerala Temporal Battlecruiser,https://stowiki.net/wiki/Kerala_Temporal_Battlecruiser,Broadside Beam Support,https://stowiki.net/wiki/Broadside_Beam_Support_(starship_trait),Broadside Combat Module,https://stowiki.net/wiki/Console_-_Universal_-_Broadside_Combat_Module
,482,Shangri-La Command Warship,11 Mar 2025,2025,3,C Store,C Store,15th Anniversary,,Federation,Starfleet,Connie,Destroyer,Warship,Warship,4,3,,2,,4,3,,,Cmd,10,6,3,0,4,3,0,0,2,2,7,1.15,51750,1,13,0.19,55,15,,5,,4,Tac,Cmd,3,Tac,Pil,3,Eng,,2,Uni,,1,Uni,,,,,8,5,3,Yes,,,3,Yes,5,4,2,,,,,,,,,,,,,,Clear for Action,on Evasive Maneuvers: +haste,Sequential Warhead Loader,Very Rare,Tac,47,56,14,2.5x Critical Rating from TAC,TRUE,TRUE,FALSE,,3,,5,4,2,5,4,2,Tac,,Shangri-La Command Warship,https://stowiki.net/wiki/Shangri-La_Command_Warship,Clear for Action,https://stowiki.net/wiki/Clear_For_Action_(starship_trait),Sequential Warhead Loader,https://stowiki.net/wiki/Console_-_Universal_-_Sequential_Warhead_Loader
,481,Garrett Command Alliance Dreadnought Cruiser,11 Feb 2025,2025,2,Event,Event only,,,X-faction,Alliance,,Dreadnought Cruiser,Dreadnought Cruiser,Dreadnought Cruiser,3,4,2,3,,4,,3,,Cmd,7,8,6,0,4,0,3,0,2,2,7,1.45,65250,1.25,7,0.15,40,,5,10,5,4,Eng,Cmd,3,Uni,Tmp,3,Tac,,2,Sci,,1,Uni,,,,,8,5,3,Yes,,1,4,Yes,4,5,2,,Yes,,,Yes,,,,,,Cloak,,,Together We Stand,"on Captain / Spec ability: +max hull, +max shield to you and allies, scaling with number of allies",Coordinated Engagement Solution,Ultra Rare,Eng,57,40,29,1.25x Critical Rating from All Stats,TRUE,TRUE,FALSE,,4,,4,5,2,4,5,2,Eng,Basic,Garrett Command Alliance Dreadnought Cruiser,https://stowiki.net/wiki/Garrett_Command_Alliance_Dreadnought_Cruiser,Together We Stand,https://stowiki.net/wiki/Together_We_Stand_(starship_trait),Coordinated Engagement Solution,https://stowiki.net/wiki/Console_-_Universal_-_Coordinated_Engagement_Solution
,480,Breen Keth Sarr Intel Courier,28 Jan 2025,2025,1,Lockbox,Lockbox,,,X-faction,Breen (32c),,Raider,Raider,Raider (Extra Weapon),,,,4,4,,3,,,Int,12,12,12,4,0,3,0,0,2,2,7,0.9,40500,0.85,22.5,0.215,85,15,,,5,4,Uni,Int,4,Uni,,3,Uni,Pil,1,Uni,,,,,,,,7,5,2,Yes,Yes,,2,Yes,5,4,2,,,,,,,,,,,Battle - 32c,33%,,Never There,"on Tac / Intel: summon probes to taunt and apply -movement, -accuracy",Aggressive Negotiations,Ultra Rare,Tac,42,56,28,+35 TAC when Alone,TRUE,TRUE,FALSE,,2,,5,4,2,5,4,2,Tac,Battle,Breen Keth Sarr Intel Courier,https://stowiki.net/wiki/Breen_Keth_Sarr_Intel_Courier,Never There,https://stowiki.net/wiki/Never_There_(starship_trait),Aggressive Negotiations,https://stowiki.net/wiki/Console_-_Universal_-_Aggressive_Negotiations
,479,Obena Miracle Worker Heavy Cruiser,3 Dec 2024,2024,12,Lockbox,Lockbox,,,Federation,Starfleet,Excelsior II,Cruiser,Cruiser,Cruiser,3,4,1,3,,3,,,4,MW,6,9,4,0,3,0,0,4,2,2,7,1.45,65250,1.1,7,0.15,40,10,5,10,5,4,Eng,MW,3,Uni,Cmd,3,Tac,,2,Eng,,1,Sci,,,,,8,4,4,,,,4,Yes,4,5,2,1,Yes,Yes,Yes,Yes,,,,,,,,,Industrious Engineers,on ENG / MW: -Eng and MW CDs based on current hull,Antimatter Interweave,Ultra Rare,Eng,61,43,22,2.5x Critical Rating from ENG,TRUE,TRUE,FALSE,1,4,,4,5,2,4,5,2,Eng,,Obena Miracle Worker Heavy Cruiser,https://stowiki.net/wiki/Obena_Miracle_Worker_Heavy_Cruiser,Industrious Engineers,https://stowiki.net/wiki/Industrious_Engineers_(starship_trait),Antimatter Interweave,https://stowiki.net/wiki/Console_-_Universal_-_Antimatter_Interweave
,478,Eleos Intel Scout Vessel,3 Dec 2024,2024,12,Event,Event only,,,X-faction,Starfleet,,Scout Ship,Scout Ship,Scout Ship,,,4,3,4,,,,3,Int,9,9,13,4,0,0,0,3,2,2,7,0.9,40500,1.4,19,0.2,80,,10,10,,4,Sci,Int,3,Uni,MW,3,Uni,,2,Uni,,1,Uni,,,,,6,4,2,Yes,,,2,Yes,3,3,5,,,,,,Yes,Yes,Yes,,,,40%,,Power Specialist Credentials,"on Shield Heal: Shield Regen, +EPG to self and allies",Custom Power Matrix,Ultra Rare,Sci,34,33,59,+6 SCI per ANY Ship (Not Small Craft),TRUE,TRUE,FALSE,,2,,3,3,5,3,3,5,Sci,,Eleos Intel Scout Vessel,https://stowiki.net/wiki/Eleos_Intel_Scout_Vessel,Power Specialist Credentials,https://stowiki.net/wiki/Power_Specialist_Credentials_(starship_trait),Custom Power Matrix,https://stowiki.net/wiki/Console_-_Universal_-_Custom_Power_Matrix
,477,Areore Miracle Worker Juggernaut,14 Nov 2024,2024,11,Lockbox,Lockbox,,,X-faction,Areore,,Juggernaut,Juggernaut,Juggernaut,4,3,2,3,3,,,,4,MW,8,7,6,3,0,0,0,4,2,2,7,1.6,72000,1.15,6.5,0.15,60,20,,10,,4,Tac,MW,3,Uni,,3,Eng,Int,2,Sci,,1,Uni,,,,,8,5,3,Yes,,,3,Yes,5,4,2,1,,,,,,,,,,,,,Beating Wings,"on low hull: confuse and placate enemies, summon 3 fighters",Trinary Strike,Ultra Rare,Tac,43,54,29,1.5x Critical Rating from ENG and TAC,TRUE,TRUE,FALSE,1,3,,5,4,2,5,4,2,Tac,,Areore Miracle Worker Juggernaut,https://stowiki.net/wiki/Areore_Miracle_Worker_Juggernaut,Beating Wings,https://stowiki.net/wiki/Beating_Wings_(starship_trait),Trinary Strike,https://stowiki.net/wiki/Console_-_Universal_-_Trinary_Strike
,476,Lamarr Temporal Science Dreadnought,17 Oct 2024,2024,10,Promo,Promo,,,Federation,Starfleet,Sovereign,Science Vessel,Science Dreadnought,Science Dreadnought,3,3,4,2,,,,4,3,Tmp,6,6,7,0,0,0,4,3,2,2,7,1.3,58500,1.35,7,0.17,35,5,5,5,5,4,Sci,Tmp,3,Tac,MW,3,Eng,,2,Uni,,1,Uni,,,,,7,4,3,Yes,,1,3,Yes,3,3,5,,,,,,Yes,Yes,Yes,,,,,,Starfleet Hopefuls,on Ens Sci: +Aux; on Ens Eng: +power transfer rate; on Ens Tac FIring Mode: +duration,Electromagnetic Echo Pulse Generator,Ultra Rare,Sci,34,38,54,1.5x Critical Rating from ENG and TAC,TRUE,TRUE,FALSE,,3,,3,3,5,3,3,5,Sci,,Lamarr Temporal Science Dreadnought,https://stowiki.net/wiki/Lamarr_Temporal_Science_Dreadnought,Starfleet Hopefuls,https://stowiki.net/wiki/Starfleet_Hopefuls_(starship_trait),Electromagnetic Echo Pulse Generator,https://stowiki.net/wiki/Console_-_Universal_-_Electromagnetic_Echo_Pulse_Generator
,474,Typhoon Temporal Battlecruiser,17 Sep 2024,2024,9,Event,C Store (Mudd),,,Federation,Starfleet,,Battlecruiser,Battlecruiser,Battlecruiser,3,4,3,2,,3,,4,,Tmp,6,7,6,0,3,0,4,0,2,2,7,1.4,63000,1.1,9,0.18,50,10,,,10,4,Eng,Tmp,3,Tac,Cmd,3,Sci,,2,Uni,,1,Uni,,,,,8,5,3,Yes,,,3,Yes,4,4,3,,Yes,Yes,Yes,,,,,,,,,,Piggyback Launch Tubes,on firing torpedo: fire a microcharge,Protonic Snare Projector,Ultra Rare,Eng,49,45,32,+10 SCI per SciShip,TRUE,TRUE,FALSE,,3,,4,4,3,4,4,3,Eng,,Typhoon Temporal Battlecruiser,https://stowiki.net/wiki/Typhoon_Temporal_Battlecruiser,Piggyback Launch Tubes,https://stowiki.net/wiki/Piggyback_Launch_Tubes_(starship_trait),Protonic Snare Projector,https://stowiki.net/wiki/Console_-_Universal_-_Protonic_Snare_Projector
,475,Nova One Pilot Raider,17 Sep 2024,2024,9,Lockbox,Lockbox,,,X-faction,Nova Fleet,,Raider,Raider,Raider (Not 100% Universal),2,3,,4,,,4,,3,Pil,10,11,8,0,0,4,0,3,2,2,7,1.07,48150,1.14,20.3,0.21,80,10,,10,,4,Uni,Pil,3,Uni,,3,Eng,MW,2,Tac,,1,Uni,,,,,6,5,1,Yes,Yes,,2,Yes,5,4,2,,,,,,,,,,,,40%,,Bold Piloting,"on Pilot / Speed boff ability: +speed, +turn, graze damage scaling with current speed",Nova Fleet Recruitment Drive,Ultra Rare,Tac,49,55,22,+20 ENG and TAC when Alone,TRUE,TRUE,FALSE,,2,,5,4,2,5,4,2,Tac,,Nova One Pilot Raider,https://stowiki.net/wiki/Nova_One_Pilot_Raider,Bold Piloting,https://stowiki.net/wiki/Bold_Piloting_(starship_trait),Nova Fleet Recruitment Drive,https://stowiki.net/wiki/Console_-_Universal_-_Nova_Fleet_Recruitment_Drive
,473,Hirogen Predator Heavy Escort,22 Aug 2024,2024,8,Lockbox,Lockbox,,,X-faction,Hirogen,Hunter,Escort,Escort,Escort,4,3,,3,3,,4,,,Pil,10,8,5,3,0,4,0,0,2,2,7,1.3,58500,1.1,17,0.22,75,15,,5,,4,Tac,Pil,3,Uni,Int,3,Eng,,2,Uni,,1,Tac,,,,,7,5,2,Yes,Yes,,2,Yes,5,4,2,,,,,,,,,,,,,,Sure Shot,"for 1s every 10s, for energy weapons: no range penalty, power drain, +CritH, +CritD",Field of Prey,Ultra Rare,Tac,42,65,19,+15 ALL Stats when Alone,TRUE,TRUE,FALSE,,2,,5,4,2,5,4,2,Tac,,Hirogen Predator Heavy Escort,https://stowiki.net/wiki/Hirogen_Predator_Heavy_Escort,Sure Shot,https://stowiki.net/wiki/Sure_Shot_(starship_trait),Field of Prey,https://stowiki.net/wiki/Console_-_Universal_-_Field_of_Prey
,471,Premonition Temporal Science Spearhead,25 Jul 2024,2024,7,C Store,C Store,Heritage,,Federation,Starfleet,,Science Vessel,Science Spearhead,Science Spearhead,3,2,4,3,,,,4,,Tmp,6,5,8,0,0,0,7,0,1,2,7,1.2,54000,1.3,13,0.18,40,5,5,5,5,4,Sci,Tmp,3,Uni,Tmp,3,Tac,,2,Eng,,1,Sci,,,,,7,4,3,Yes,,,3,Yes,3,3,5,,,,,,Yes,Yes,Yes,,,,,,Temporal Stasis Field,on Control boff ability: AoE hold,Gemini Device,Very Rare,Sci,30,24,62,+10 SCI per SciShip,TRUE,TRUE,FALSE,,3,,3,3,5,3,3,5,Sci,,Premonition Temporal Science Spearhead,https://stowiki.net/wiki/Premonition_Temporal_Science_Spearhead,Temporal Stasis Field,https://stowiki.net/wiki/Temporal_Stasis_Field_(starship_trait),Gemini Device,https://stowiki.net/wiki/Console_-_Universal_-_Gemini_Device
,472,Typhon Command Escort Carrier,25 Jul 2024,2024,7,C Store,C Store,Heritage,,Federation,Starfleet,,Tactical Carrier,Dreadnought Carrier,Dreadnought Carrier (Tac),4,3,,3,,4,,,,Cmd,10,7,4,0,7,0,0,0,1,2,7,1.375,61875,1.15,12,0.17,55,10,10,,,4,Tac,Cmd,3,Uni,,3,Eng,Cmd,2,Tac,,1,Uni,,,,,7,4,3,Yes,,2,2,Yes,5,4,2,,,,,,,Yes,,,,,,,Repurposed Cargo Bay Hangar,"on launching hangar pet, also launch Advanced Valkyrie Squadron",Typhon Fortress Mode,Very Rare,Tac,42,59,16,2.5x Critical Rating from TAC,TRUE,TRUE,FALSE,,2,,5,4,2,5,4,2,Tac,,Typhon Command Escort Carrier,https://stowiki.net/wiki/Typhon_Command_Escort_Carrier,Repurposed Cargo Bay Hangar,https://stowiki.net/wiki/Repurposed_Cargo_Bay_Hangar_(starship_trait),Typhon Fortress Mode,https://stowiki.net/wiki/Console_-_Universal_-_Typhon_Fortress_Mode
,470,Achilles Miracle Worker Heavy Destroyer,25 Jul 2024,2024,7,C Store,C Store,Heritage,,Federation,Starfleet,,Destroyer,Destroyer,Destroyer,4,,1,3,,,,,4,MW,12,5,6,0,0,0,0,7,1,2,7,1,45000,1,15,0.18,60,10,,10,,4,Tac,MW,3,Uni,MW,3,Tac,,2,Uni,,1,Sci,,,,,7,5,2,Yes,Yes,,3,Yes,5,2,4,1,,,,,,,,,,,,,Angle on the Bow,"on projectile damage: stacking +projectile shield pen, +projectile damage",Micro-Quantum Torpedoes Phalanx Array,Very Rare,Tac,23,62,32,+15 ALL Stats when Alone,TRUE,TRUE,FALSE,1,3,,5,2,4,5,2,4,Tac,,Achilles Miracle Worker Heavy Destroyer,https://stowiki.net/wiki/Achilles_Miracle_Worker_Heavy_Destroyer,Angle on the Bow,https://stowiki.net/wiki/Angle_On_The_Bow_(starship_trait),Micro-Quantum Torpedoes Phalanx Array,https://stowiki.net/wiki/Console_-_Universal_-_Micro-Quantum_Torpedoes_Phalanx_Array
,468,Vovin Obelisk Carrier,2 Jul 2024,2024,7,Event,C Store (Mudd),,,X-faction,Solonae,Obelisk,Engineering Carrier,Engineering Carrier,Engineering Carrier,2,4,1,3,,4,,,3,Cmd,5,10,4,0,4,0,0,3,2,2,7,1.65,74250,1.1,8,0.15,40,,,,20,4,Eng,Cmd,3,Uni,,3,Eng,MW,2,Tac,,1,Sci,,,,,6,3,3,Yes,,2,4,Yes,3,5,3,,,,,,,Yes,,,,,,,Reconstructive Conversion Wave,"on hull heal / Command: PBAOE AP damage, per target hit: heal over time to self and pets",Subspace Fracture Tunneling Field,Ultra Rare,Eng,53,21,31,-10% Maintenance per EngShip or SciShip,TRUE,TRUE,FALSE,,4,,3,5,3,3,5,3,Eng,,Vovin Obelisk Carrier,https://stowiki.net/wiki/Vovin_Obelisk_Carrier,Reconstructive Conversion Wave,https://stowiki.net/wiki/Reconstructive_Conversion_Wave_(starship_trait),Subspace Fracture Tunneling Field,https://stowiki.net/wiki/Console_-_Universal_-_Subspace_Fracture_Tunneling_Field
,469,Credence Miracle Worker Dreadnought Cruiser,2 Jul 2024,2024,7,Lockbox,Lockbox,,,Federation,Starfleet (32c),,Dreadnought Cruiser,Dreadnought Cruiser,Dreadnought Cruiser,3,4,3,2,,,,3,4,MW,5,7,5,0,0,0,3,4,2,2,7,1.55,69750,1,7.5,0.18,45,10,5,5,10,4,Eng,MW,3,Tac,,3,Sci,Tmp,2,Uni,,1,Eng,,,,,8,5,3,Yes,,1,4,Yes,3,5,3,1,Yes,,,Yes,,,,,,Battle - 32c,,,Surplus Supply,"on EP2X: HoT, +DRR, +all power levels. Launch pods to also buff allies",Dilithium Transporter,Ultra Rare,Eng,59,31,36,-5% Maintenance per ANY Ship (Not Small Craft),TRUE,TRUE,FALSE,1,4,,3,5,3,3,5,3,Eng,Battle,Credence Miracle Worker Dreadnought Cruiser,https://stowiki.net/wiki/Credence_Miracle_Worker_Dreadnought_Cruiser,Surplus Supply,https://stowiki.net/wiki/Surplus_Supply_(starship_trait),Dilithium Transporter,https://stowiki.net/wiki/Console_-_Universal_-_Dilithium_Transporter
,467,Aetherian Revelation,28 May 2024,2024,5,Lockbox,Lockbox,,,X-faction,Aetherian,,Science Vessel,Science Vessel,Science Vessel,2,3,4,3,4,,,,3,Int,5,6,8,4,0,0,0,3,2,2,7,1.525,68625,1.3,7,0.15,60,,,,20,4,Sci,Int,3,Uni,MW,3,Eng,,2,Tac,,1,Sci,,,,,6,3,3,,,,3,Yes,3,3,5,,,,,,Yes,Yes,Yes,,,,,,Unity Shielding,gain stacks of +DRR over time. on taking damage: consume one stack to hold attacker,Fractal Redirection Matrix,Ultra Rare,Sci,41,24,61,+6 ENG per ANY Ship (Not Small Craft),TRUE,TRUE,FALSE,,3,,3,3,5,3,3,5,Sci,,Aetherian Revelation,https://stowiki.net/wiki/Aetherian_Revelation,Unity Shielding,https://stowiki.net/wiki/Unity_Shielding_(starship_trait),Fractal Redirection Matrix,https://stowiki.net/wiki/Console_-_Universal_-_Fractal_Redirection_Matrix
,466,Rallus Temporal Dyson Science Destroyer (Tactical Mode),2 May 2024,2024,5,C Store,C Store,Dyson Science Destroyer,,Romulan,Romulan,Rom Dyson,Science Vessel,Science Destroyer,Science Destroyer,4,2,3,3,3,,,3,,Tmp,8,6,7,3,0,0,3,0,2,2,6,1.1,49500,1.4,12.5,0.18,50,15,5,,,4,Tac,,3,Uni,Int,3,Sci,Tmp,2,Eng,,1,Uni,,,,,7,4,3,Yes,Yes,,3,Yes,3,3,5,,,,,,,,,Yes,,Battle - Rom,,,Siphoned Defenses,on Drain/Tmp boff ability: +secondary shields,Reverberant Shield Inversion Projector,Very Rare,Sci,29,29,59,2.5x Critical Rating from SCI,TRUE,FALSE,FALSE,,3,,3,3,5,3,3,5,Sci,Battle,Rallus Temporal Dyson Science Destroyer (Tactical Mode),https://stowiki.net/wiki/Rallus_Temporal_Dyson_Science_Destroyer,Siphoned Defenses,https://stowiki.net/wiki/Siphoned_Defenses_(starship_trait),Reverberant Shield Inversion Projector,https://stowiki.net/wiki/Console_-_Universal_-_Reverberant_Shield_Inversion_Projector
,465,Rallus Temporal Dyson Science Destroyer (Science Mode),2 May 2024,2024,5,C Store,C Store,Dyson Science Destroyer,,Romulan,Romulan,Rom Dyson,Science Vessel,Science Destroyer,Science Destroyer,3,2,4,3,3,,,4,,Tmp,7,6,8,3,0,0,4,0,2,2,7,1.1,49500,1.4,12.5,0.18,50,,5,,15,4,Sci,Tmp,3,Uni,Int,3,Tac,,2,Eng,,1,Uni,,,,,7,4,3,Yes,,,3,Yes,3,3,5,,,,,,Yes,Yes,Yes,Yes,,Battle - Rom,,,Siphoned Defenses,on Drain/Tmp boff ability: +secondary shields,Reverberant Shield Inversion Projector,Very Rare,Sci,29,29,59,2.5x Critical Rating from SCI,TRUE,FALSE,FALSE,,3,,3,3,5,3,3,5,Sci,Battle,Rallus Temporal Dyson Science Destroyer (Science Mode),https://stowiki.net/wiki/Rallus_Temporal_Dyson_Science_Destroyer,Siphoned Defenses,https://stowiki.net/wiki/Siphoned_Defenses_(starship_trait),Reverberant Shield Inversion Projector,https://stowiki.net/wiki/Console_-_Universal_-_Reverberant_Shield_Inversion_Projector
,464,Rallus Temporal Dyson Science Destroyer,2 May 2024,2024,5,C Store,C Store,Dyson Science Destroyer,,Romulan,Romulan,Rom Dyson,Science Vessel,Science Destroyer,Science Destroyer,4,2,4,3,3,,,4,,Tmp,8,6,8,3,0,0,4,0,2,2,7,1.1,49500,1.4,12.5,0.18,50,,5,,15,4,Sci,Tmp,4,Tac,,3,Uni,Int,2,Eng,,1,Uni,,,,,7,4,3,Yes,Yes,,3,Yes,3,3,5,,,,,,Yes,Yes,Yes,Yes,,Battle - Rom,,,Siphoned Defenses,on Drain/Tmp boff ability: +secondary shields,Reverberant Shield Inversion Projector,Very Rare,Sci,29,29,59,2.5x Critical Rating from SCI,TRUE,TRUE,FALSE,,3,,3,3,5,3,3,5,Sci,Battle,Rallus Temporal Dyson Science Destroyer,https://stowiki.net/wiki/Rallus_Temporal_Dyson_Science_Destroyer,Siphoned Defenses,https://stowiki.net/wiki/Siphoned_Defenses_(starship_trait),Reverberant Shield Inversion Projector,https://stowiki.net/wiki/Console_-_Universal_-_Reverberant_Shield_Inversion_Projector
,463,Lo'laH Intel Dyson Science Destroyer (Tactical Mode),2 May 2024,2024,5,C Store,C Store,Dyson Science Destroyer,,Klingon,Klingon,KDF Dyson,Science Vessel,Science Destroyer,Science Destroyer,4,2,3,3,3,3,,,,Int,8,6,7,3,3,0,0,0,2,2,6,1.2,54000,1.3,12.5,0.18,50,20,,,,4,Tac,,3,Uni,Cmd,3,Sci,Int,2,Eng,,1,Uni,,,,,7,4,3,Yes,Yes,,3,Yes,4,3,4,,,,,,,,,Yes,,Battle,,,Protonic Graviton Exchange,on Tac Team / Int: consume all secondary shields and do equal PBAOE proton damage,Proton Eruptor Module,Very Rare,Sci,29,36,52,2.5x Critical Rating from TAC,TRUE,FALSE,FALSE,,3,,4,3,4,4,3,4,Sci,Battle,Lo'laH Intel Dyson Science Destroyer (Tactical Mode),https://stowiki.net/wiki/Lo'laH_Intel_Dyson_Science_Destroyer,Protonic Graviton Exchange,https://stowiki.net/wiki/Protonic_Graviton_Exchange_(starship_trait),Proton Eruptor Module,https://stowiki.net/wiki/Console_-_Universal_-_Proton_Eruptor_Module
,462,Lo'laH Intel Dyson Science Destroyer (Science Mode),2 May 2024,2024,5,C Store,C Store,Dyson Science Destroyer,,Klingon,Klingon,KDF Dyson,Science Vessel,Science Destroyer,Science Destroyer,3,2,4,3,4,3,,,,Int,7,6,8,4,3,0,0,0,2,2,7,1.2,54000,1.3,12.5,0.18,50,5,,,15,4,Sci,Int,3,Uni,Cmd,3,Tac,,2,Eng,,1,Uni,,,,,7,4,3,Yes,,,3,Yes,4,3,4,,,,,,Yes,Yes,Yes,Yes,,Battle,,,Protonic Graviton Exchange,on Tac Team / Int: consume all secondary shields and do equal PBAOE proton damage,Proton Eruptor Module,Very Rare,Sci,29,36,52,2.5x Critical Rating from TAC,TRUE,FALSE,FALSE,,3,,4,3,4,4,3,4,Sci,Battle,Lo'laH Intel Dyson Science Destroyer (Science Mode),https://stowiki.net/wiki/Lo'laH_Intel_Dyson_Science_Destroyer,Protonic Graviton Exchange,https://stowiki.net/wiki/Protonic_Graviton_Exchange_(starship_trait),Proton Eruptor Module,https://stowiki.net/wiki/Console_-_Universal_-_Proton_Eruptor_Module
,461,Lo'laH Intel Dyson Science Destroyer,2 May 2024,2024,5,C Store,C Store,Dyson Science Destroyer,,Klingon,Klingon,KDF Dyson,Science Vessel,Science Destroyer,Science Destroyer,4,2,4,3,4,3,,,,Int,8,6,8,4,3,0,0,0,2,2,7,1.2,54000,1.3,12.5,0.18,50,5,,,15,4,Sci,Int,4,Tac,,3,Uni,Cmd,2,Eng,,1,Uni,,,,,7,4,3,Yes,Yes,,3,Yes,4,3,4,,,,,,Yes,Yes,Yes,Yes,,Battle,,,Protonic Graviton Exchange,on Tac Team / Int: consume all secondary shields and do equal PBAOE proton damage,Proton Eruptor Module,Very Rare,Sci,29,36,52,2.5x Critical Rating from TAC,TRUE,TRUE,FALSE,,3,,4,3,4,4,3,4,Sci,Battle,Lo'laH Intel Dyson Science Destroyer,https://stowiki.net/wiki/Lo'laH_Intel_Dyson_Science_Destroyer,Protonic Graviton Exchange,https://stowiki.net/wiki/Protonic_Graviton_Exchange_(starship_trait),Proton Eruptor Module,https://stowiki.net/wiki/Console_-_Universal_-_Proton_Eruptor_Module
,460,Kardashev Command Dyson Science Destroyer (Tactical Mode),2 May 2024,2024,5,C Store,C Store,Dyson Science Destroyer,,Federation,Starfleet,Fed Dyson,Science Vessel,Science Destroyer,Science Destroyer,4,2,3,3,,3,,3,,Cmd,8,6,7,0,3,0,3,0,2,2,6,1.2,54000,1.4,12.5,0.18,50,15,,5,,4,Tac,,3,Uni,Tmp,3,Sci,Cmd,2,Eng,,1,Uni,,,,,7,4,3,Yes,Yes,,3,Yes,3,4,4,,,,,,,,,Yes,,,,,Protonic Carrier Wave,"on Proton damage: +DrainX, -Cmd/Drain CDs",Networked Protonic Shield Matrix,Very Rare,Sci,36,29,52,2.5x Critical Rating from ENG,TRUE,FALSE,FALSE,,3,,3,4,4,3,4,4,Sci,,Kardashev Command Dyson Science Destroyer (Tactical Mode),https://stowiki.net/wiki/Kardashev_Command_Dyson_Science_Destroyer,Protonic Carrier Wave,https://stowiki.net/wiki/Protonic_Carrier_Wave_(starship_trait),Networked Protonic Shield Matrix,https://stowiki.net/wiki/Console_-_Universal_-_Networked_Protonic_Shield_Matrix
,459,Kardashev Command Dyson Science Destroyer (Science Mode),2 May 2024,2024,5,C Store,C Store,Dyson Science Destroyer,,Federation,Starfleet,Fed Dyson,Science Vessel,Science Destroyer,Science Destroyer,3,2,4,3,,4,,3,,Cmd,7,6,8,0,4,0,3,0,2,2,7,1.2,54000,1.4,12.5,0.18,50,,,5,15,4,Sci,Cmd,3,Uni,Tmp,3,Tac,,2,Eng,,1,Uni,,,,,7,4,3,Yes,,,3,Yes,3,4,4,,,,,,Yes,Yes,Yes,Yes,,,,,Protonic Carrier Wave,"on Proton damage: +DrainX, -Cmd/Drain CDs",Networked Protonic Shield Matrix,Very Rare,Sci,36,29,52,2.5x Critical Rating from ENG,TRUE,FALSE,FALSE,,3,,3,4,4,3,4,4,Sci,,Kardashev Command Dyson Science Destroyer (Science Mode),https://stowiki.net/wiki/Kardashev_Command_Dyson_Science_Destroyer,Protonic Carrier Wave,https://stowiki.net/wiki/Protonic_Carrier_Wave_(starship_trait),Networked Protonic Shield Matrix,https://stowiki.net/wiki/Console_-_Universal_-_Networked_Protonic_Shield_Matrix
,458,Kardashev Command Dyson Science Destroyer,2 May 2024,2024,5,C Store,C Store,Dyson Science Destroyer,,Federation,Starfleet,Fed Dyson,Science Vessel,Science Destroyer,Science Destroyer,4,2,4,3,,4,,3,,Cmd,8,6,8,0,4,0,3,0,2,2,7,1.2,54000,1.4,12.5,0.18,50,,,5,15,4,Sci,Cmd,4,Tac,,3,Uni,Tmp,2,Eng,,1,Uni,,,,,7,4,3,Yes,Yes,,3,Yes,3,4,4,,,,,,Yes,Yes,Yes,Yes,,,,,Protonic Carrier Wave,"on Proton damage: +DrainX, -Cmd/Drain CDs",Networked Protonic Shield Matrix,Very Rare,Sci,36,29,52,2.5x Critical Rating from ENG,TRUE,TRUE,FALSE,,3,,3,4,4,3,4,4,Sci,,Kardashev Command Dyson Science Destroyer,https://stowiki.net/wiki/Kardashev_Command_Dyson_Science_Destroyer,Protonic Carrier Wave,https://stowiki.net/wiki/Protonic_Carrier_Wave_(starship_trait),Networked Protonic Shield Matrix,https://stowiki.net/wiki/Console_-_Universal_-_Networked_Protonic_Shield_Matrix
,457,Kelvin Constitution II Intel Cruiser,11 Apr 2024,2024,4,Promo,Promo,,,Federation,Starfleet (23c K),Konnie,Cruiser,Cruiser,Cruiser,3,4,1,3,4,,3,,,Int,8,9,6,4,0,3,0,0,2,2,7,1.3,58500,1.1,11,0.17,60,5,5,5,5,4,Eng,Int,3,Uni,,3,Tac,Pil,2,Uni,,1,Sci,,,,,8,5,3,,,,4,Yes,4,4,3,,Yes,Yes,Yes,Yes,,,,,,Cloak,,,Gravitational Nexus,"on boff anomaly: create anomaly granting allies +speed, +turn, +bonus exotic, +bonus projectile",Proximity-Based Anti-Opposition Emitter (P.B.A.O.E.),Ultra Rare,Eng,62,38,27,-10% Maintenance per EngShip or TacShip,TRUE,TRUE,FALSE,,4,,4,4,3,4,4,3,Eng,Basic,Kelvin Constitution II Intel Cruiser,https://stowiki.net/wiki/Kelvin_Timeline_Constitution_II_Intel_Cruiser,Gravitational Nexus,https://stowiki.net/wiki/Gravitational_Nexus_(starship_trait),Proximity-Based Anti-Opposition Emitter (P.B.A.O.E.),https://stowiki.net/wiki/Console_-_Universal_-_Proximity-Based_Anti-Opposition_Emitter_(P.B.A.O.E.)
,456,Orion D'Var Temporal Science Vessel,14 Mar 2024,2024,3,Lockbox,Lockbox,,,X-faction,Orion,,Science Vessel,Science Vessel,Science Vessel,2,3,4,3,3,,,4,,Tmp,5,6,8,3,0,0,4,0,2,2,7,0.9,40500,1.3,11,0.2,60,,,,20,4,Sci,Tmp,3,Uni,,3,Eng,Int,2,Tac,,1,Sci,,,,,6,3,3,,,,3,Yes,2,4,5,,,,,,Yes,Yes,Yes,,,,,,Temporal Artifact Scan,"marked targets drop pickups, +CritD until map move",Temporal Anchor,Ultra Rare,Sci,47,5,74,+35 SCI when Alone,TRUE,TRUE,FALSE,,3,,2,4,5,2,4,5,Sci,,Orion D'Var Temporal Science Vessel,https://stowiki.net/wiki/Orion_D%27Var_Temporal_Science_Vessel,Temporal Artifact Scan,https://stowiki.net/wiki/Temporal_Artifact_Scan_(starship_trait),Temporal Anchor,https://stowiki.net/wiki/Console_-_Universal_-_Temporal_Anchor
,452,Ahwahnee Command Carrier,15 Feb 2024,2024,2,C Store,C Store,14th Anniversary,,Federation,Starfleet,Cheyenne,Science Carrier,Science Carrier,Science Carrier,2,3,4,3,,4,,,3,Cmd,6,7,8,0,4,0,0,3,2,2,7,1.45,65250,1.2,7,0.15,25,,,5,15,4,Sci,Cmd,3,Uni,,3,Eng,MW,2,Tac,,1,Uni,,,,,6,3,3,Yes,,2,4,Yes,1,5,5,,,,,,,Yes,,,,,,,Flagship Staffing,"on Cmd / Heal on ally: +haste, reset cooldown of tac beam, cannon, torp firing modes",Fleet Power Network Array,Very Rare,Sci,52,22,52,+8 ENG and SCI per TacShip,TRUE,TRUE,FALSE,,4,,1,5,5,1,5,5,Sci,,Ahwahnee Command Carrier,https://stowiki.net/wiki/Ahwahnee_Command_Carrier,Flagship Staffing,https://stowiki.net/wiki/Flagship_Staffing_(starship_trait),Fleet Power Network Array,https://stowiki.net/wiki/Console_-_Universal_-_Fleet_Power_Network_Array
,455,Princeton Miracle Worker Cruiser,15 Feb 2024,2024,2,C Store,C Store,14th Anniversary,,Federation,Starfleet,Niagara,Cruiser,Cruiser,Cruiser,3,4,1,3,,3,,,4,MW,6,9,4,0,3,0,0,4,2,2,7,1.45,65250,1.05,8.5,0.16,45,10,10,5,5,4,Eng,MW,3,Uni,,3,Tac,Cmd,2,Eng,,1,Sci,,,,,8,4,4,,,,4,Yes,4,5,2,1,Yes,Yes,Yes,Yes,,,,,,,,,Risk vs Reward,"while below 90% hull, damage target based on incoming healing",Fractal Integrity Bleed,Very Rare,Eng,66,35,16,+10 ENG per EngShip,TRUE,TRUE,FALSE,1,4,,4,5,2,4,5,2,Eng,,Princeton Miracle Worker Cruiser,https://stowiki.net/wiki/Princeton_Miracle_Worker_Cruiser,Risk vs Reward,https://stowiki.net/wiki/Risk_vs_Reward_(starship_trait),Fractal Integrity Bleed,https://stowiki.net/wiki/Console_-_Universal_-_Fractal_Integrity_Bleed
,454,Chekov Intel Science Warship,15 Feb 2024,2024,2,C Store,C Store,14th Anniversary,,Federation,Starfleet,Springfield,Science Vessel,Science Spearhead,Science Spearhead,3,3,4,2,4,,,3,,Int,6,6,7,4,0,0,3,0,2,2,7,1.2,54000,1.2,12,0.2,50,10,,,10,4,Sci,Int,3,Tac,,3,Eng,Tmp,2,Uni,,1,Uni,,,,,7,4,3,Yes,,,3,Yes,4,2,5,,,,,,Yes,Yes,Yes,,,Cloak,,,Threaded Particle Projectors,on Intel / Sci: +EPG scaling with CritD,Fusion Cutting Beam,Very Rare,Sci,23,47,47,+20 ENG and TAC when Alone,TRUE,TRUE,FALSE,,3,,4,2,5,4,2,5,Sci,Basic,Chekov Intel Science Warship,https://stowiki.net/wiki/Chekov_Intel_Science_Warship,Threaded Particle Projectors,https://stowiki.net/wiki/Threaded_Particle_Projectors_(starship_trait),Fusion Cutting Beam,https://stowiki.net/wiki/Console_-_Universal_-_Fusion_Cutting_Beam
,453,Atlantis Temporal Destroyer,15 Feb 2024,2024,2,C Store,C Store,14th Anniversary,,Federation,Starfleet,Challenger,Destroyer,Destroyer,Destroyer,4,1,3,3,3,,,4,,Tmp,9,4,6,3,0,0,4,0,2,2,7,1.15,51750,1.15,15,0.2,60,10,,,10,4,Tac,Tmp,3,Uni,Int,3,Sci,,2,Tac,,1,Eng,,,,,7,5,2,Yes,Yes,,3,Yes,5,2,4,,,,,,,,,,,,,,Temporal Tunneling,on Exotic / Temp: +haste,Disassembler Emitter,Very Rare,Tac,18,59,40,+10 TAC per TacShip,TRUE,TRUE,FALSE,,3,,5,2,4,5,2,4,Tac,,Atlantis Temporal Destroyer,https://stowiki.net/wiki/Atlantis_Temporal_Destroyer,Temporal Tunneling,https://stowiki.net/wiki/Temporal_Tunneling_(starship_trait),Disassembler Emitter,https://stowiki.net/wiki/Console_-_Universal_-_Disassembler_Emitter
,451,Duderstadt Miracle Worker Science Spearhead,23 Jan 2024,2024,1,Lockbox,Lockbox,,,X-faction,Starfleet,,Science Vessel,Science Spearhead,Science Spearhead,3,3,4,2,,,3,,4,MW,6,6,7,0,0,3,0,4,2,2,7,1.35,60750,1.15,13,0.19,55,15,,15,,4,Sci,MW,3,Tac,,3,Eng,Pil,2,Uni,,1,Uni,,,,,7,4,3,Yes,,,3,Yes,2,4,5,1,,,,,Yes,Yes,Yes,,,,,,Active EPS Management,"when missing power: +EPS, when bonus power: -EPS, on energy firing mode: triple EPS perk, +energy damage",Energy Being Habitat,Ultra Rare,Sci,40,36,50,+8 ENG and TAC per SciShip,TRUE,TRUE,FALSE,1,3,,2,4,5,2,4,5,Sci,,Duderstadt Miracle Worker Science Spearhead,https://stowiki.net/wiki/Duderstadt_Miracle_Worker_Science_Spearhead,Active EPS Management,https://stowiki.net/wiki/Active_EPS_Management_(starship_trait),Energy Being Habitat,https://stowiki.net/wiki/Console_-_Universal_-_Energy_Being_Habitat
,450,Alliance Rex Pilot Escort,23 Jan 2024,2024,1,Event,C Store (Mudd),,,X-faction,Alliance,,Escort,Escort,Escort,4,3,1,3,,,3,,2,Pil,9,6,4,0,0,3,0,2,2,2,5,1.1,49500,1.2,16,0.21,60,15,5,,,4,Tac,,3,Uni,,3,Eng,Pil,2,Tac,MW,1,Sci,,,,,7,5,2,Yes,Yes,,3,Yes,5,2,4,,,,,,,,,,,Cloak,,Yes,Inertial Supremacy,on hit during FAW / CSV: -DRR scaling with your speed,Elite Alliance Squadron Beacon,Ultra Rare,Tac,30,60,36,+10 ENG per TacShip,TRUE,TRUE,FALSE,,3,,5,2,4,5,2,4,Tac,Basic,Alliance Rex Pilot Escort,https://stowiki.net/wiki/Alliance_Rex_Pilot_Escort,Inertial Supremacy,https://stowiki.net/wiki/Inertial_Supremacy_(starship_trait),Elite Alliance Squadron Beacon,https://stowiki.net/wiki/Console_-_Universal_-_Elite_Alliance_Squadron_Beacon
,448,Tamarian Deep Space Cruiser,5 Dec 2023,2023,12,Event,C Store (Mudd),,,X-faction,Tamarian,,Cruiser,Cruiser,Cruiser,3,4,2,3,2,3,,,,Cmd,7,8,6,2,3,0,0,0,2,2,5,1.4,63000,1.2,12,0.14,35,10,10,,,4,Eng,,3,Uni,Cmd,3,Tac,,2,Sci,Int,1,Uni,,,,,8,5,3,,,,4,Yes,4,5,2,,Yes,Yes,Yes,Yes,,,,,,,,,Darmok and Jalad,"on hitting unshielded enemy: -enemy damage, -own captain ability cooldowns",Polarity Coil Generator,Ultra Rare,Eng,60,45,21,Ignores +/- ENG from Events,TRUE,TRUE,FALSE,,4,,4,5,2,4,5,2,Eng,,Tamarian Deep Space Cruiser,https://stowiki.net/wiki/Tamarian_Deep_Space_Cruiser,Darmok and Jalad,https://stowiki.net/wiki/Darmok_and_Jalad_(starship_trait),Polarity Coil Generator,https://stowiki.net/wiki/Console_-_Universal_-_Polarity_Coil_Generator
,449,Borg Assimilator Dreadnought Carrier,5 Dec 2023,2023,12,Lockbox,Lockbox,,,X-faction,Borg,,Tactical Carrier,Dreadnought Carrier,Dreadnought Carrier (Eng),3,4,3,2,,3,,,4,MW,6,7,6,0,3,0,0,4,2,2,7,1.45,65250,1,7,0.15,200,5,5,15,15,4,Eng,MW,3,Tac,,3,Sci,Cmd,2,Uni,,1,Uni,,,,,7,5,2,Yes,,2,3,Yes,2,5,4,1,,,,,,Yes,,,,,,,Targeted Excision,on B:O / C:RF: grant level 1 versions to pets,Disassemble and Analyze,Ultra Rare,Eng,66,20,40,+6 TAC per ANY Ship (Not Small Craft),TRUE,TRUE,FALSE,1,3,,2,5,4,2,5,4,Eng,,Borg Assimilator Dreadnought Carrier,https://stowiki.net/wiki/Borg_Assimilator_Dreadnought_Carrier,Targeted Excision,https://stowiki.net/wiki/Targeted_Excision_(starship_trait),Disassemble and Analyze,https://stowiki.net/wiki/Console_-_Universal_-_Disassemble_and_Analyze
,447,Shrike Intel Juggernaut,16 Nov 2023,2023,11,Promo,Promo,,,X-faction,Changeling,,Juggernaut,Juggernaut,Juggernaut,4,3,2,3,4,,,,3,Int,8,7,6,4,0,0,0,3,2,2,7,1.5,67500,0.9,8.5,0.16,50,20,,,,4,Tac,Int,3,Uni,,3,Eng,MW,2,Sci,,1,Uni,,,,,8,5,3,Yes,,,4,Yes,5,4,2,,,,,,,,,,,Cloak,,,Eclectic Collector of Armaments,"on different attack types, stacking +bonus damage, +faster recharge of ship innate weapons",Portal Weapon,Ultra Rare,Tac,39,55,32,4x Critical Rating from TAC,TRUE,TRUE,FALSE,,4,,5,4,2,5,4,2,Tac,Basic,Shrike Intel Juggernaut,https://stowiki.net/wiki/Shrike_Intel_Juggernaut,Eclectic Collector of Armaments,https://stowiki.net/wiki/Eclectic_Collector_of_Armaments_(starship_trait),Portal Weapon,https://stowiki.net/wiki/Console_-_Universal_-_Portal_Weapon
,446,Dauntless II Command Science Dreadnought,12 Oct 2023,2023,10,Lockbox,Lockbox,,,Federation,Starfleet,,Science Vessel,Science Dreadnought,Science Dreadnought,3,3,4,2,,4,,3,,Cmd,6,6,7,0,4,0,3,0,2,2,7,1.2,54000,1.6,7,0.16,35,,5,,15,4,Sci,Cmd,3,Tac,,3,Eng,Tmp,2,Uni,,1,Uni,,,,,7,4,3,Yes,,1,3,Yes,4,2,5,,,,,,Yes,Yes,Yes,,,,,,Vanguard Shield Shaping,"on Torpedo firing mode / exotic ability: +kinetic damage, +forward shield facing",J.D.M.A. Launch Cells,Ultra Rare,Sci,23,42,61,+8 TAC per TacShip or SciShip,TRUE,TRUE,FALSE,,3,,4,2,5,4,2,5,Sci,,Dauntless II Command Science Dreadnought,https://stowiki.net/wiki/Dauntless_II_Command_Science_Dreadnought,Vanguard Shield Shaping,https://stowiki.net/wiki/Vanguard_Shield_Shaping_(starship_trait),J.D.M.A. Launch Cells,https://stowiki.net/wiki/Console_-_Universal_-_J.D.M.A._Launch_Cells
,445,Legendary Bortasqu' Command Battlecruiser,28 Sep 2023,2023,9,C Store (Leg),C Store (Leg),Legendary Battlecruiser,,Klingon,Klingon,Bortasqu',Battlecruiser,Battlecruiser,Battlecruiser,3,4,1,3,3,4,,,,Cmd,8,7,4,3,4,0,0,0,2,2,7,1.5,67500,1.25,7,0.16,40,15,5,,,4,Eng,Cmd,3,Uni,,3,Tac,Int,2,Tac,,1,Sci,,,,,8,5,3,Yes,,,4,Yes,4,5,2,,Yes,Yes,Yes,,,,,,,Enh Battle,,,Thirst for Battle,"on CRF, CSV, cloak: +speed, +turn, +damage",,Very Rare,Tac,40,60,17,2.5x Critical Rating from ENG,TRUE,TRUE,FALSE,,4,,4,5,2,4,5,2,Eng,Enhanced,Legendary Bortasqu' Command Battlecruiser,https://stowiki.net/wiki/Legendary_Bortasqu%27_Command_Battlecruiser,Thirst for Battle,https://stowiki.net/wiki/Thirst_for_Battle_(starship_trait),,
,444,Legendary Avenger Miracle Worker Battlecruiser,28 Sep 2023,2023,9,C Store (Leg),C Store (Leg),Legendary Battlecruiser,,Federation,Starfleet,Avenger,Battlecruiser,Battlecruiser,Battlecruiser,3,4,3,2,3,,,,4,MW,6,7,6,3,0,0,0,4,2,2,7,1.5,67500,0.8,12,0.15,55,20,5,5,,4,Eng,MW,3,Tac,,3,Sci,Int,2,Uni,,1,Uni,,,,,8,5,3,Yes,,,3,Yes,5,4,2,1,Yes,Yes,Yes,,,,,,,,,,Ship of the Line,on EP2X: stacking +CritD,,Very Rare,Tac,35,53,20,+35 ENG when Alone,TRUE,TRUE,FALSE,1,3,,5,4,2,5,4,2,Eng,,Legendary Avenger Miracle Worker Battlecruiser,https://stowiki.net/wiki/Legendary_Avenger_Miracle_Worker_Battlecruiser,Ship of the Line,https://stowiki.net/wiki/Ship_of_the_Line_(starship_trait),,
,443,Protostar Temporal Science Spearhead,12 Sep 2023,2023,9,Lockbox,Lockbox,,,Federation,Starfleet,,Science Vessel,Science Spearhead,Science Spearhead,3,3,4,2,,,,4,3,Tmp,5,5,7,0,0,0,4,3,2,2,7,1,45000,1.6,9,0.21,45,,5,10,5,4,Sci,Tmp,3,Tac,,3,Eng,MW,2,Uni,,1,Sci,,,,,7,4,3,Yes,,,3,Yes,2,4,5,,,,,,Yes,Yes,Yes,,,,,,Hexgrid Shield Focusing,on manual shield distribution: +CritD based on foreward shield capacity,Reformed Living Construct,Ultra Rare,Sci,42,37,47,+35 SCI when Alone,TRUE,TRUE,FALSE,,3,,2,4,5,2,4,5,Sci,,Protostar Temporal Science Spearhead,https://stowiki.net/wiki/Protostar_Temporal_Science_Spearhead,Hexgrid Shield Focusing,https://stowiki.net/wiki/Hexgrid_Shield_Focusing_(starship_trait),Reformed Living Construct,https://stowiki.net/wiki/Console_-_Universal_-_Reformed_Living_Construct
,442,Friendship Command Flight Deck Carrier,10 Aug 2023,2023,8,Lockbox,Lockbox,,,X-faction,Starfleet (32c),,Flight Deck Carrier,Flight Deck Carrier,Flight Deck Carrier,3,4,3,2,3,4,,,,Cmd,6,7,6,3,4,0,0,0,2,2,7,1.4,63000,1.2,8,0.15,30,10,,,10,4,Eng,Cmd,3,Tac,Int,3,Sci,,2,Uni,,1,Uni,,,,,8,4,4,Yes,,2,4,Yes,3,5,3,,,Yes,,Yes,,,,,,Battle - 32c,,,Cooperation is the Dominant Strategy,"on boff or uni console targetting ally: stacking bonus damage, doubled for pets",Power Transfer Emitters,Ultra Rare,Eng,59,47,20,+8 ENG and TAC per SciShip,TRUE,TRUE,FALSE,,4,,3,5,3,3,5,3,Eng,Battle,Friendship Command Flight Deck Carrier,https://stowiki.net/wiki/Friendship_Command_Flight_Deck_Carrier,Cooperation is the Dominant Strategy,https://stowiki.net/wiki/Cooperation_is_the_Dominant_Strategy_(starship_trait),Power Transfer Emitters,https://stowiki.net/wiki/Console_-_Universal_-_Power_Transfer_Emitters
,441,Fleet Justiciar Command Star Cruiser,27 Jul 2023,2023,7,Fleet,Fleet,,,Federation,Starfleet,Emissary,Cruiser,Cruiser,Cruiser,3,4,2,3,,4,,,,Cmd,6,7,6,0,6,0,0,0,1,2,6,1.5,67500,1.1,9,0.15,45,10,,10,,4,Eng,Cmd,3,Uni,,3,Tac,,2,Sci,Cmd,1,Sci,,,,,8,4,4,,,,4,Yes,3,5,3,,Yes,Yes,Yes,Yes,,,,,,,,,,,,Very Rare,Eng,60,29,28,+25 ENG when Alone,TRUE,TRUE,FALSE,,4,,3,5,3,3,5,3,Eng,,Fleet Justiciar Command Star Cruiser,https://stowiki.net/wiki/Fleet_Justiciar_Command_Star_Cruiser,,,,
,438,Justiciar Command Star Cruiser,27 Jul 2023,2023,7,C Store,C Store,Starfleet Flashback,,Federation,Starfleet,Emissary,Cruiser,Cruiser,Cruiser,3,4,2,3,,4,,,,Cmd,6,7,6,0,6,0,0,0,1,2,6,1.36,61200,1,9,0.15,45,10,,10,,4,Eng,Cmd,3,Uni,,3,Tac,,2,Sci,Cmd,1,Sci,,,,,8,4,4,,,,4,,3,5,2,,Yes,Yes,Yes,Yes,,,,,,,,,Specialist Gear,on first use of specialization ability: abilities from this spec can trigger an additional effect on enemy,Micro-warp Bubble Shockwave,Rare,Eng,50,31,27,Ignores +/- TAC from Events,TRUE,TRUE,FALSE,,4,,3,5,2,3,5,2,Eng,,Justiciar Command Star Cruiser,https://stowiki.net/wiki/Justiciar_Command_Star_Cruiser,Specialist Gear,https://stowiki.net/wiki/Specialist_Gear_(starship_trait),Micro-warp Bubble Shockwave,https://stowiki.net/wiki/Console_-_Universal_-_Micro-warp_Bubble_Shockwave
,439,Fleet Augur Temporal Science Vessel,27 Jul 2023,2023,7,Fleet,Fleet,,,Federation,Starfleet,Trident,Science Vessel,Science Vessel,Science Vessel,3,2,4,3,,,,4,,Tmp,7,5,7,0,0,0,6,0,1,2,6,1.0505,47272.5,1.155,15,0.18,60,,,,20,4,Sci,Tmp,3,Uni,,3,Tac,,2,Eng,Tmp,1,Tac,,,,,6,3,3,,,,3,Yes,4,2,5,,,,,,Yes,Yes,Yes,,,,,,,,,Very Rare,Sci,22,43,60,+10 SCI per EngShip,TRUE,TRUE,FALSE,,3,,4,2,5,4,2,5,Sci,,Fleet Augur Temporal Science Vessel,https://stowiki.net/wiki/Fleet_Augur_Temporal_Science_Vessel,,,,
,436,Augur Temporal Science Vessel,27 Jul 2023,2023,7,C Store,C Store,Starfleet Flashback,,Federation,Starfleet,Trident,Science Vessel,Science Vessel,Science Vessel,3,2,4,3,,,,4,,Tmp,7,5,7,0,0,0,6,0,1,2,6,0.955,42975,1.05,15,0.18,60,,,,20,4,Sci,Tmp,3,Uni,,3,Tac,,2,Eng,Tmp,1,Tac,,,,,6,3,3,,,,3,,4,1,5,,,,,,Yes,Yes,Yes,,,,,,Temporal Investigator,on first use of specialization ability: abilities from this spec can trigger other abilities from the same spec,Enforced Timeline Primacy,Very Rare,Sci,22,36,50,+10 SCI per EngShip,TRUE,TRUE,FALSE,,3,,4,1,5,4,1,5,Sci,,Augur Temporal Science Vessel,https://stowiki.net/wiki/Augur_Temporal_Science_Vessel,Temporal Investigator,https://stowiki.net/wiki/Temporal_Investigator_(starship_trait),Enforced Timeline Primacy,https://stowiki.net/wiki/Console_-_Universal_-_Enforced_Timeline_Primacy
,440,Fleet Cyclone Intel Escort,27 Jul 2023,2023,7,Fleet,Fleet,,,Federation,Starfleet,Hermes,Escort,Escort,Escort,4,2,3,3,4,,,,,Int,7,5,7,6,0,0,0,0,1,2,6,1.1,49500,0.95,17,0.23,80,15,,5,,4,Tac,Int,3,Uni,,3,Sci,,2,Eng,Int,1,Sci,,,,,7,5,2,Yes,Yes,,2,Yes,5,2,4,,,,,,,,,,,Battle,,,,,,Very Rare,Tac,15,62,40,1.5x Critical Rating from TAC and SCI,TRUE,TRUE,FALSE,,2,,5,2,4,5,2,4,Tac,Battle,Fleet Cyclone Intel Escort,https://stowiki.net/wiki/Fleet_Cyclone_Intel_Escort,,,,
,437,Cyclone Intel Escort,27 Jul 2023,2023,7,C Store,C Store,Starfleet Flashback,,Federation,Starfleet,Hermes,Escort,Escort,Escort,4,2,3,3,4,,,,,Int,7,5,7,6,0,0,0,0,1,2,6,1,45000,0.87,17,0.23,80,15,,5,,4,Tac,Int,3,Uni,,3,Sci,,2,Eng,Int,1,Sci,,,,,7,5,2,Yes,Yes,,2,,5,1,4,,,,,,,,,,,Battle,,,Adaptive Tactical Algorithms,on first use of specialization ability: abilitys from this spec can trigger an additoinal buff on you,Sensor Phantom Projector,Rare,Tac,15,55,38,+25 TAC when Alone,TRUE,TRUE,FALSE,,2,,5,1,4,5,1,4,Tac,Battle,Cyclone Intel Escort,https://stowiki.net/wiki/Cyclone_Intel_Escort,Adaptive Tactical Algorithms,https://stowiki.net/wiki/Adaptive_Tactical_Algorithms_(starship_trait),Sensor Phantom Projector,https://stowiki.net/wiki/Console_-_Universal_-_Sensor_Phantom_Projector
,434,Hysperian Intel Battlecruiser,28 Jun 2023,2023,6,Event,C Store (Mudd),,,X-faction,Hysperian,,Battlecruiser,Battlecruiser,Battlecruiser,3,4,2,3,3,,2,,,Int,6,7,6,3,0,2,0,0,2,2,5,1.379,62055,1.137,9.73,0.1777,39,10,,10,,4,Eng,,3,Uni,Int,3,Tac,,2,Sci,Pil,1,Sci,,,,,8,5,3,Yes,,,3,Yes,4,5,2,,Yes,Yes,Yes,,,,,,,Battle,,,Five Magicks,"on dealing Fire/Cold/Elec/Rad/Psi damage: +eng power per sec, +bonus damage to those types and disruptor",Dragonsblood Flame Reactor,Ultra Rare,Eng,52,37,37,+2 ALL Stats per ANY Ship (Not Small Craft),TRUE,TRUE,FALSE,,3,,4,5,2,4,5,2,Eng,Battle,Hysperian Intel Battlecruiser,https://stowiki.net/wiki/Hysperian_Intel_Battlecruiser,Five Magicks,https://stowiki.net/wiki/Five_Magicks_(starship_trait),Dragonsblood Flame Reactor,https://stowiki.net/wiki/Console_-_Universal_-_Dragonsblood_Flame_Reactor
,435,Theseus Miracle Worker Destroyer,28 Jun 2023,2023,6,Lockbox,C Store (Bundle),15th Anniversary,,Federation,Starfleet,Theseus,Destroyer,Destroyer,Destroyer,4,3,3,2,,,,3,4,MW,6,6,5,0,0,0,3,4,2,2,7,1.15,51750,0.85,15,0.21,60,20,,10,,4,Tac,MW,3,Eng,Tmp,3,Sci,,2,Uni,,1,Eng,,,,,7,5,2,Yes,Yes,,3,Yes,5,4,2,1,,,,,,,,,,,,,Ship of Theseus,on triggering Inspiration: gain stacking bonuses based on which career triggered which Inspiration ability,Brancher Crystal Fragments,Ultra Rare,Eng,60,34,29,+8 ENG and SCI per EngShip,TRUE,TRUE,FALSE,1,3,,5,4,2,5,4,2,Tac,,Theseus Miracle Worker Destroyer,https://stowiki.net/wiki/Theseus_Miracle_Worker_Destroyer,Ship of Theseus,https://stowiki.net/wiki/Ship_of_Theseus_(starship_trait),Brancher Crystal Fragments,https://stowiki.net/wiki/Console_-_Universal_-_Brancher_Crystal_Fragments
,433,Constitution III Miracle Worker Cruiser,8 Jun 2023,2023,6,Promo,Promo,,,Federation,Starfleet,,Cruiser,Cruiser,Cruiser,3,4,3,2,,,3,,4,MW,6,6,5,0,0,3,0,4,2,2,7,1.4,63000,1.2,9,0.15,40,15,5,10,,4,Eng,MW,3,Tac,,3,Sci,Pil,2,Uni,,1,Tac,,,,,8,4,4,,,,4,Yes,4,5,2,1,Yes,Yes,Yes,Yes,,,,,,Battle,,,Thunder Run,"on FAW, BO, Cloak, or Cloak Ambush: +beam damage, +defense (scales with speed), +threat (in threatening stance)",Bio-Electrical Wave Capacitor,Ultra Rare,Eng,55,30,41,Ignores +/- ENG from Events,TRUE,TRUE,FALSE,1,4,,4,5,2,4,5,2,Eng,Battle,Constitution III Miracle Worker Cruiser,https://stowiki.net/wiki/Constitution_III_Miracle_Worker_Cruiser,Thunder Run,https://stowiki.net/wiki/Thunder_Run_(starship_trait),Bio-Electrical Wave Capacitor,https://stowiki.net/wiki/Console_-_Universal_-_Bio-Electrical_Wave_Capacitor
,432,Gorn Hunter Pilot Raider,9 May 2023,2023,5,Lockbox,Lockbox,,,X-faction,Gorn (23c),,Raider,Raider,Raider (Not 100% Universal),4,,,3,,,4,,3,Pil,13,9,9,0,0,4,0,3,2,2,7,1.2,54000,0.8,20,0.19,70,20,,,,4,Tac,Pil,3,Uni,MW,3,Uni,,2,Uni,,1,Uni,,,,,6,5,1,Yes,Yes,,2,Yes,5,5,1,,,,,,,,,,,Battle,33%,,Complex Plasma Fires,during firing modes: plasma weapons apply stacking DOT. Extra damage when a shield facing is down,Lure Team Command,Ultra Rare,Tac,47,47,29,+8 ENG and TAC per TacShip,TRUE,TRUE,FALSE,,2,,5,5,1,5,5,1,Tac,Battle,Gorn Hunter Pilot Raider,https://stowiki.net/wiki/Gorn_Hunter_Pilot_Raider,Complex Plasma Fires,https://stowiki.net/wiki/Complex_Plasma_Fires_(starship_trait),Lure Team Command,https://stowiki.net/wiki/Console_-_Universal_-_Lure_Team_Command
,430,Legendary Akira Multi-Mission Command Cruiser,12 Apr 2023,2023,4,C Store (Leg),C Store (Leg),Legendary First Strike,,Federation,Starfleet,Akira,Cruiser,Multi-Mission Cruiser,Multi-Mission Cruiser,3,4,3,2,,4,,,3,Cmd,6,6,5,0,4,0,0,3,2,2,7,1.2,54000,1.15,15,0.19,60,,5,10,5,4,Eng,Cmd,3,Tac,,3,Sci,MW,2,Uni,,1,Tac,,,,,8,5,3,Yes,,1,4,Yes,5,4,2,,Yes,Yes,,,,,,,,,,,Torpedo Command and Control,on Cmd: pet kinetic weapons apply stacking kinetic DRR debuff. on MW: your kinetic weapons apply same debuff,,Very Rare,Eng,43,43,22,+20 ENG and TAC when Alone,TRUE,TRUE,FALSE,,4,,5,4,2,5,4,2,Eng,,Legendary Akira Multi-Mission Command Cruiser,https://stowiki.net/wiki/Legendary_Akira_Multi-Mission_Command_Cruiser,Torpedo Command and Control,https://stowiki.net/wiki/Torpedo_Command_and_Control_(starship_trait),,
,431,Legendary Valdore Temporal Ops Strike Wing Escort Warbird,12 Apr 2023,2023,4,C Store (Leg),C Store (Leg),Legendary First Strike,,Romulan,Romulan,Mogai,Tactical WB,Strike Wing Escort,Strike Wing Escort (warbird),4,2,2,3,,,3,4,,Tmp,9,5,5,0,0,3,4,0,2,2,7,1.37,61650,0.75,16,0.21,70,15,,5,,4,Tac,Tmp,3,Uni,Pil,2,Tac,,2,Eng,,2,Sci,,,,,7,5,2,Yes,Yes,1,3,Yes,5,2,4,,,,,,,,,,Yes,Enh Battle,,,Temporal Replication,on Cmd or Entropy Consumer: 20% chance per entropy to apply random consumer ability,,Very Rare,Tac,21,48,48,1.5x Critical Rating from TAC and SCI,TRUE,TRUE,FALSE,,3,,5,2,4,5,2,4,Tac,Enhanced,Legendary Valdore Temporal Ops Strike Wing Escort Warbird,https://stowiki.net/wiki/Legendary_Valdore_Temporal_Ops_Strike_Wing_Escort_Warbird,Temporal Replication,https://stowiki.net/wiki/Temporal_Replication_(starship_trait),,
,429,Texas MW Escort,16 Mar 2023,2023,3,Lockbox,C Store (Mudd),Lower Decks Miraculous - A,,Federation,Starfleet,,Escort,Escort,Escort,4,3,3,2,,,,,4,MW,7,6,6,0,0,0,0,7,1,2,7,1.25,56250,0.85,19,0.21,70,20,,10,,4,Tac,MW,3,Eng,MW,3,Sci,,2,Uni,,1,Uni,,,,,7,4,3,Yes,Yes,,2,Yes,5,3,3,1,,,,,,,,,,,,,Algorithmic Energy Weapon Lensing,"Bonus energy weapon damage, larger for enemies at medium range",V.A.Q. Warhead Multiple Launch System,Ultra Rare,Tac,48,48,30,Ignores +/- ENG from Events,TRUE,TRUE,FALSE,1,2,,5,3,3,5,3,3,Tac,,Texas MW Escort,https://stowiki.net/wiki/Texas_Miracle_Worker_Escort,Algorithmic Energy Weapon Lensing,https://stowiki.net/wiki/Algorithmic_Energy_Weapon_Lensing_(starship_trait),V.A.Q. Warhead Multiple Launch System,https://stowiki.net/wiki/Console_-_Universal_-_V.A.Q._Warhead_Multiple_Launch_System
,428,Terran Sirius Command Dreadnought Cruiser,16 Feb 2023,2023,2,C Store,C Store,13th Anniversary Terran,,X-faction,Starfleet (MU),Galaxy-X,Dreadnought Cruiser,Dreadnought Cruiser,Dreadnought Cruiser,3,4,1,3,,4,,,3,Cmd,6,9,4,0,4,0,0,3,2,2,7,1.425,64125,1.35,6,0.15,30,10,10,,,4,Eng,Cmd,3,Uni,MW,3,Tac,,2,Eng,,1,Sci,,,,,8,4,4,Yes,,1,4,Yes,4,5,2,,Yes,,,Yes,,,,,,,,,The Best Offense,+energy weapon damage based on shield percentage above 50%,Biaxial Graviton Impeller,Rare,Eng,61,40,16,+35 SCI when Alone,TRUE,TRUE,FALSE,,4,,4,5,2,4,5,2,Eng,,Terran Sirius Command Dreadnought Cruiser,https://stowiki.net/wiki/Terran_Sirius_Command_Dreadnought_Cruiser,The Best Offense,https://stowiki.net/wiki/The_Best_Offense_(starship_trait),Biaxial Graviton Impeller,https://stowiki.net/wiki/Console_-_Universal_-_Biaxial_Graviton_Impeller
,427,Terran Monitor MW Carrier,16 Feb 2023,2023,2,C Store,C Store,13th Anniversary Terran,,X-faction,Starfleet (MU),Nebula,Science Carrier,Science Carrier,Science Carrier,3,1,4,3,,,,3,4,MW,6,4,9,0,0,0,3,4,2,2,7,1.275,57375,1.4,8,0.15,35,5,10,5,10,4,Sci,MW,3,Uni,Tmp,3,Tac,,2,Sci,,1,Eng,,,,,6,3,3,Yes,,2,3,Yes,4,2,5,1,,,,,,Yes,,,,,,,Tachyon Piercer,"tachyon beam chains, deals damage, and strips buff",Automated Heavy Tetryon Emitters,Rare,Sci,25,33,59,+35 ENG when Alone,TRUE,TRUE,FALSE,1,3,,4,2,5,4,2,5,Sci,,Terran Monitor MW Carrier,https://stowiki.net/wiki/Terran_Monitor_Miracle_Worker_Carrier,Tachyon Piercer,https://stowiki.net/wiki/Tachyon_Piercer_(starship_trait),Automated Heavy Tetryon Emitters,https://stowiki.net/wiki/Console_-_Universal_-_Automated_Heavy_Tetryon_Emitters
,426,Terran Hydra Intel Destroyer,16 Feb 2023,2023,2,C Store,C Store,13th Anniversary Terran,,X-faction,Starfleet (MU),Prometheus,Destroyer,Destroyer,Destroyer,4,3,2,3,4,,3,,,Int,8,7,6,4,0,3,0,0,2,2,7,1.2,54000,1.05,14,0.18,55,10,,10,,4,Tac,Int,3,Uni,,3,Eng,Pil,2,Sci,,1,Uni,,,,,7,5,2,Yes,Yes,,3,Yes,5,3,3,,,,,,,,,,,Cloak,,,Strike Group Command Authority,pets gain bonus damage based on strongest pet,Harmonic Yield Distribution via Radial Aperture,Rare,Tac,27,70,20,+35 TAC when Alone,TRUE,TRUE,FALSE,,3,,5,3,3,5,3,3,Tac,Basic,Terran Hydra Intel Destroyer,https://stowiki.net/wiki/Terran_Hydra_Intel_Destroyer,Strike Group Command Authority,https://stowiki.net/wiki/Strike_Group_Command_Authority_(starship_trait),Harmonic Yield Distribution via Radial Aperture,https://stowiki.net/wiki/Console_-_Universal_-_Harmonic_Yield_Distribution_via_Radial_Aperture
,425,Terran Eagle Pilot Raider,16 Feb 2023,2023,2,C Store,C Store,13th Anniversary Terran,,X-faction,Starfleet (MU),Aquarius,Raider,Raider,Raider (Not 100% Universal),4,,,3,,3,4,,,Pil,13,9,9,0,3,4,0,0,2,2,7,1.05,47250,0.9,21,0.23,80,,,10,10,4,Tac,Pil,3,Uni,Cmd,3,Uni,,2,Uni,,1,Uni,,,,,6,5,1,Yes,Yes,,2,Yes,5,2,4,,,,,,,,,,,Enh Battle,33%,,Stealth Torpedo Bomber,while cloaked and on pilot maneuver: gain stacks. on max stacks: gain Torp Spread 2,Covert Warhead Module,Rare,Tac,23,47,47,+20 TAC and SCI when Alone,TRUE,TRUE,FALSE,,2,,5,2,4,5,2,4,Tac,Enhanced,Terran Eagle Pilot Raider,https://stowiki.net/wiki/Terran_Eagle_Pilot_Raider,Stealth Torpedo Bomber,https://stowiki.net/wiki/Stealth_Torpedo_Bomber_(starship_trait),Covert Warhead Module,https://stowiki.net/wiki/Console_-_Universal_-_Covert_Warhead_Module
,424,World Razer Temporal Ops Juggernaut,24 Jan 2023,2023,1,Lockbox,Lockbox,,,X-faction,Confederation,Galaxy,Juggernaut,Juggernaut,Juggernaut,4,3,1,3,,3,,4,,Tmp,9,8,6,0,3,0,4,0,2,2,7,1.45,65250,1.15,7,0.16,35,10,,5,5,4,Tac,Tmp,3,Uni,,3,Eng,Cmd,2,Uni,,1,Sci,,,,,8,5,3,Yes,,,3,Yes,5,3,3,,,,,,,,,,,,,,Cultural Conquest,"on firing mode: increased damage, more against target who debuffed you and remove one debuff",Light of Civilization,Ultra Rare,Eng,30,66,30,+8 ENG and SCI per TacShip,TRUE,TRUE,FALSE,,3,,5,3,3,5,3,3,Tac,,World Razer Temporal Ops Juggernaut,https://stowiki.net/wiki/World_Razer_Temporal_Ops_Juggernaut,Cultural Conquest,https://stowiki.net/wiki/Cultural_Conquest_(starship_trait),Light of Civilization,https://stowiki.net/wiki/Console_-_Universal_-_Light_of_Civilization
,423,Compiler Science Dreadnought,24 Jan 2023,2023,1,Event,Phoenix,,,X-faction,V'ger,,Science Vessel,Science Dreadnought,Science Dreadnought,3,1,4,2,,,,3,,,5,3,9,0,0,0,5,0,1,2,5,1.425,64125,1.25,6,0.15,50,,10,,10,4,Sci,,3,Tac,,3,Sci,Tmp,2,Uni,Tmp,1,Eng,,,,,7,4,3,Yes,,1,3,Yes,3,3,5,,,,,,Yes,Yes,Yes,,,,,,Digital Compilation,"on damaging enemy with EPG: when defeated, enemy turns into digitizer probe and seeks enemies",Volatile Digitization Matrix,Ultra Rare,Sci,32,35,59,+35 SCI when Alone,TRUE,TRUE,FALSE,,3,,3,3,5,3,3,5,Sci,,Compiler Science Dreadnought,https://stowiki.net/wiki/Compiler_Science_Dreadnought,Digital Compilation,https://stowiki.net/wiki/Digital_Compilation_(starship_trait),Volatile Digitization Matrix,https://stowiki.net/wiki/Console_-_Universal_-_Volatile_Digitization_Matrix
,422,Excelsior II Intel Heavy Cruiser,6 Dec 2022,2022,12,Lockbox,C Store (Mudd),Masters of Picard Engineering - B,,Federation,Starfleet,Excelsior II,Cruiser,Cruiser,Cruiser,3,4,3,3,4,,,,3,Int,6,7,6,4,0,0,0,3,2,2,7,1.4,63000,1,9,0.16,40,10,,10,,4,Eng,Int,3,Uni,,3,Tac,,3,Sci,MW,,,,,,,8,4,4,,,,4,Yes,4,4,3,,Yes,Yes,Yes,Yes,,,,,,Cloak,,,Calculated Broadside,"on FAW / Intel: +beam damage, +side arc DRR, more DRR if threatening, -threat otherwise",Experimental Power Redirection,Ultra Rare,Eng,69,37,20,-25% Maintenance per EngShip,TRUE,TRUE,FALSE,,4,,4,4,3,4,4,3,Eng,Basic,Excelsior II Intel Heavy Cruiser,https://stowiki.net/wiki/Excelsior_II_Intel_Heavy_Cruiser,Calculated Broadside,https://stowiki.net/wiki/Calculated_Broadside_(starship_trait),Experimental Power Redirection,https://stowiki.net/wiki/Console_-_Universal_-_Experimental_Power_Redirection
,421,Fek'Ihri Byr'Jai Interceptor,6 Dec 2022,2022,12,Event,C Store (Mudd),,,X-faction,Fek'Ihri,,Escort,Escort,Escort,4,1,3,3,2,,,3,,,9,4,6,2,0,0,3,0,2,2,5,0.9,40500,1,20,0.22,80,10,,,10,4,Tac,,3,Uni,Tmp,3,Sci,,2,Tac,Int,1,Eng,,,,,7,5,2,Yes,Yes,,2,Yes,4,2,5,,,,,,,,,,,,,,Tear Open the Gates,anomalies summon Lost Souls,Portal of the Damned,Ultra Rare,Tac,20,55,53,+8 SCI per EngShip or TacShip,TRUE,TRUE,FALSE,,2,,4,2,5,4,2,5,Tac,,Fek'Ihri Byr'Jai Interceptor,https://stowiki.net/wiki/Fek%27Ihri_Byr%27Jai_Interceptor,Tear Open the Gates,https://stowiki.net/wiki/Tear_Open_the_Gates_(starship_trait),Portal of the Damned,https://stowiki.net/wiki/Console_-_Universal_-_Portal_of_the_Damned
,420,Praetor Command Warbird Battlecruiser,15 Nov 2022,2022,11,Lockbox,C Store (Mudd),Unification - C,,Romulan,Romulan,,Engineering WB,Battlecruiser,Battlecruiser (warbird),3,4,1,3,,4,,,2,Cmd,8,9,6,0,4,0,0,2,2,2,6,1.425,64125,1.25,7,0.15,40,10,,10,,4,Eng,Cmd,3,Uni,,3,Tac,,2,Uni,MW,1,Sci,,,,,8,5,3,Yes,,,4,Yes,4,4,3,,,,,,,,,,Yes,Battle - Rom,,,Test Them,"Mark damage foes during ambush. On killing marked foe: +damage, +hull to team until mapchange",Spinal Mount Plasma Torpedo,Ultra Rare,Eng,57,25,44,+6 TAC per ANY Ship (Not Small Craft),TRUE,TRUE,FALSE,,4,,4,4,3,4,4,3,Eng,Battle,Praetor Command Warbird Battlecruiser,https://stowiki.net/wiki/Praetor_Command_Warbird_Battlecruiser,Test Them,https://stowiki.net/wiki/Test_Them_(starship_trait),Spinal Mount Plasma Torpedo,https://stowiki.net/wiki/Console_-_Universal_-_Spinal_Mount_Plasma_Torpedo
,418,Fleet Hiawatha Command Carrier,27 Oct 2022,2022,10,Fleet,Fleet,,,Federation,Starfleet (23c),Hiawatha,Science Carrier,Science Carrier,Science Carrier,3,3,4,2,,4,,,2,Cmd,5,5,7,0,4,0,0,2,2,2,6,1.375,61875,1.485,6.5,0.15,25,,10,,10,4,Sci,Cmd,3,Tac,,3,Eng,,2,Uni,MW,1,Sci,,,,,6,3,3,Yes,,2,4,Yes,3,4,4,,,,,,,Yes,,,,,,,,,,Very Rare,Sci,40,29,47,+25 ENG when Alone,TRUE,TRUE,FALSE,,4,,3,4,4,3,4,4,Sci,,Fleet Hiawatha Command Carrier,https://stowiki.net/wiki/Fleet_Hiawatha_Command_Carrier,,,,
,416,Seneca Command Carrier,27 Oct 2022,2022,10,C Store,C Store,Fed Command Carrier,,Federation,Starfleet,Hiawatha,Science Carrier,Science Carrier,Science Carrier,3,3,4,2,,4,,,2,Cmd,5,5,7,0,4,0,0,2,2,2,6,1.25,56250,1.35,6.5,0.15,25,,10,,10,4,Sci,Cmd,3,Tac,,3,Eng,,2,Uni,MW,1,Sci,,,,,6,3,3,Yes,,2,4,,3,3,4,,,,,,,Yes,,,,,,,Supplementary Coordination Network,on launch hangar pet: recharge captain and command abilities,Non-Baryonic Buffer Field,Rare,Sci,37,27,44,-25% Maintenance per SciShip,TRUE,TRUE,FALSE,,4,,3,3,4,3,3,4,Sci,,Seneca Command Carrier,https://stowiki.net/wiki/Seneca_Command_Carrier,Supplementary Coordination Network,https://stowiki.net/wiki/Supplementary_Coordination_Network_(starship_trait),Non-Baryonic Buffer Field,https://stowiki.net/wiki/Console_-_Universal_-_Non-Baryonic_Buffer_Field
,419,Fleet Norway Command Strike Wing Escort,27 Oct 2022,2022,10,Fleet,Fleet,,,Federation,Starfleet,Norway,Escort,Strike Wing Escort,Strike Wing Escort,4,2,3,2,2,4,,,,Cmd,8,4,5,2,4,0,0,0,2,2,6,1.375,61875,0.99,14,0.18,60,10,,5,5,4,Tac,Cmd,3,Sci,,2,Uni,Int,2,Tac,,2,Eng,,,,,7,5,2,Yes,Yes,1,2,Yes,4,3,4,,,,,,,,,,,,,,,,,Very Rare,Tac,30,54,33,+25 SCI when Alone,TRUE,TRUE,FALSE,,2,,4,3,4,4,3,4,Tac,,Fleet Norway Command Strike Wing Escort,https://stowiki.net/wiki/Fleet_Norway_Command_Strike_Wing_Escort,,,,
,417,Valdres Command Strike Wing Escort,27 Oct 2022,2022,10,C Store,C Store,Fed Command Carrier,,Federation,Starfleet,Norway,Escort,Strike Wing Escort,Strike Wing Escort,4,2,3,2,2,4,,,,Cmd,8,4,5,2,4,0,0,0,2,2,6,1.25,56250,0.9,14,0.18,60,10,,5,5,4,Tac,Cmd,3,Sci,,2,Uni,Int,2,Tac,,2,Eng,,,,,7,5,2,Yes,Yes,1,2,,4,3,3,,,,,,,,,,,,,,Constructive/Destructive Field Interference,"tractor beam drains shields, and restores yours. on activating drain boff ability: -kinetic DRR, -Drain Expertise",Heavy Pulsed Tractor Array,Rare,Tac,29,50,29,-25% Maintenance per TacShip,TRUE,TRUE,FALSE,,2,,4,3,3,4,3,3,Tac,,Valdres Command Strike Wing Escort,https://stowiki.net/wiki/Valdres_Command_Strike_Wing_Escort,Constructive/Destructive Field Interference,https://stowiki.net/wiki/Constructive/Destructive_Field_Interference_(starship_trait),Heavy Pulsed Tractor Array,https://stowiki.net/wiki/Console_-_Universal_-_Heavy_Pulsed_Tractor_Array
,415,Farragut Temporal Cruiser,13 Oct 2022,2022,10,Lockbox,Lockbox,,,Federation,Starfleet (23c),,Cruiser,Cruiser,Cruiser,2,4,3,3,,,3,4,,Tmp,5,8,6,0,0,3,4,0,2,2,7,1.3,58500,1.15,10,0.16,45,,5,5,10,4,Eng,Tmp,3,Uni,Pil,3,Sci,,2,Tac,,1,Eng,,,,,8,4,4,,,,4,Yes,3,4,4,,Yes,Yes,Yes,Yes,,,,,,,,,Damn the Torpedoes,"while throttle > 50%: +DRR vs projectiles (scales with throttle), destroy nearest projectile",Antimatter Bomb Deployment,Ultra Rare,Eng,56,29,41,+10 SCI per TacShip,TRUE,TRUE,FALSE,,4,,3,4,4,3,4,4,Eng,,Farragut Temporal Cruiser,https://stowiki.net/wiki/Farragut_Temporal_Cruiser,Damn the Torpedoes,https://stowiki.net/wiki/Damn_the_Torpedoes_(starship_trait),Antimatter Bomb Deployment,https://stowiki.net/wiki/Console_-_Universal_-_Antimatter_Bomb_Deployment
,413,Terran Somerville Scout Ship,13 Sep 2022,2022,9,Event,C Store (Mudd),,,X-faction,Starfleet (MU),Somerville,Scout Ship,Scout Ship,Scout Ship,,,4,3,,3,,,,,9,9,13,0,3,0,0,0,1,1,3,1.1,49500,1.1,19,0.2,75,5,,5,10,4,Sci,,3,Uni,Cmd,3,Uni,,2,Uni,,1,Uni,,,,,6,3,3,Yes,,,2,Yes,4,2,5,,,,,,Yes,Yes,Yes,,,,33%,,Devious Rerouting,on low average shield capacity: +hull capacity scaling with EPG,Ionic Deflector Inversion,Ultra Rare,Sci,25,46,55,+8 TAC and SCI per TacShip,TRUE,TRUE,FALSE,,2,,4,2,5,4,2,5,Sci,,Terran Somerville Scout Ship,https://stowiki.net/wiki/Terran_Somerville_Scout_Ship,Devious Rerouting,https://stowiki.net/wiki/Devious_Rerouting_(starship_trait),Ionic Deflector Inversion,https://stowiki.net/wiki/Console_-_Universal_-_Ionic_Deflector_Inversion
,414,Courier Pilot Raider,13 Sep 2022,2022,9,Lockbox,Lockbox,,,X-faction,Courier (32c),,Raider,Raider,Raider (Not 100% Universal),4,,,3,,,4,,2,Pil,13,9,9,0,0,4,0,2,2,2,6,0.9,40500,1.1,19,0.22,85,15,5,,,4,Tac,Pil,3,Uni,,3,Uni,,2,Uni,MW,1,Uni,,,,,6,5,1,Yes,Yes,,2,Yes,5,2,4,,,,,,,,,,,,40%,,Special Delivery,"on Pilot / Pilot Maneuver: drop mine. on Pilot Maneuver, reduce Pilot cooldowns",Debris Screen,Ultra Rare,Tac,20,64,42,+10 SCI per EngShip,TRUE,TRUE,FALSE,,2,,5,2,4,5,2,4,Tac,,Courier Pilot Raider,https://stowiki.net/wiki/Courier_Pilot_Raider,Special Delivery,https://stowiki.net/wiki/Special_Delivery_(starship_trait),Debris Screen,https://stowiki.net/wiki/Console_-_Universal_-_Debris_Screen
,412,Sagan Command Cruiser,16 Aug 2022,2022,8,Promo,C Store (Mudd),Masters of Picard Engineering - A,,Federation,Starfleet,,Cruiser,Cruiser,Cruiser,3,4,2,3,,4,,3,,Cmd,7,8,6,0,4,0,3,0,2,2,7,1.3,58500,1.25,8,0.15,45,5,5,5,5,4,Eng,Cmd,3,Uni,Tmp,3,Tac,,2,Sci,,1,Uni,,,,,8,4,4,,,,4,Yes,3,4,4,,Yes,Yes,Yes,Yes,,,,,,,,,Reverberant Shielding,Feedback Pulse and Reverse Shield Polarity apply each other at the same rank,Harmonic Shield Barrier,Ultra Rare,Eng,62,28,36,+6 SCI per ANY Ship (Not Small Craft),TRUE,TRUE,FALSE,,4,,3,4,4,3,4,4,Eng,,Sagan Command Cruiser,https://stowiki.net/wiki/Sagan_Command_Cruiser,Reverberant Shielding,https://stowiki.net/wiki/Reverberant_Shielding_(starship_trait),Harmonic Shield Barrier,https://stowiki.net/wiki/Console_-_Universal_-_Harmonic_Shield_Barrier
,410,Fleet Olympic MW Research Science Vessel,21 Jul 2022,2022,7,Fleet,Fleet,,,Federation,Starfleet,Olympic,Science Vessel,Science Vessel,Science Vessel,2,3,4,3,,,,,4,MW,5,6,8,0,0,0,0,6,1,2,6,1.045,47025,1.43,13,0.16,45,5,10,5,10,4,Sci,MW,3,Uni,,3,Eng,,2,Tac,MW,1,Sci,,,,,6,3,3,,,,3,Yes,2,4,5,1,,,,,Yes,Yes,Yes,,,,,,,,,Very Rare,Sci,41,23,53,Ignores +/- SCI from Events,TRUE,TRUE,FALSE,1,3,,2,4,5,2,4,5,Sci,,Fleet Olympic MW Research Science Vessel,https://stowiki.net/wiki/Fleet_Olympic_Miracle_Worker_Research_Science_Vessel,,,,
,408,Nobel MW Research Science Vessel,21 Jul 2022,2022,7,C Store,C Store,Federation Responder,,Federation,Starfleet,Olympic,Science Vessel,Science Vessel,Science Vessel,2,3,4,3,,,,,4,MW,5,6,8,0,0,0,0,6,1,2,6,0.95,42750,1.3,13,0.16,45,5,10,5,10,4,Sci,MW,3,Uni,,3,Eng,,2,Tac,MW,1,Sci,,,,,6,3,3,,,,3,,2,4,4,1,,,,,Yes,Yes,Yes,,,,,,Trauma Response,"on shield heal self: +max shield, +shield healing. on shield heal other: +shield pen. stacking.",Sphere Separation,Rare,Sci,39,21,48,2.5x Critical Rating from SCI,TRUE,TRUE,FALSE,1,3,,2,4,4,2,4,4,Sci,,Nobel MW Research Science Vessel,https://stowiki.net/wiki/Nobel_Miracle_Worker_Research_Science_Vessel,Trauma Response,https://stowiki.net/wiki/Trauma_Response_(starship_trait),Sphere Separation,https://stowiki.net/wiki/Console_-_Universal_-_Sphere_Separation
,411,Fleet Soyuz Intel Heavy Frigate,21 Jul 2022,2022,7,Fleet,Fleet,,,Federation,Starfleet,Miranda,Frigate,Frigate,Frigate,,4,,3,4,,,,,Int,9,13,9,6,0,0,0,0,1,2,6,1.265,56925,1.045,13,0.17,50,10,,10,,4,Eng,Int,3,Uni,,3,Uni,,2,Uni,Int,1,Uni,,,,,8,5,3,Yes,,,3,Yes,3,5,3,,Yes,,Yes,,,,,,,Cloak,33%,,,,,Very Rare,Eng,53,40,24,Ignores +/- ENG from Events,TRUE,TRUE,FALSE,,3,,3,5,3,3,5,3,Eng,Basic,Fleet Soyuz Intel Heavy Frigate,https://stowiki.net/wiki/Fleet_Soyuz_Intel_Heavy_Frigate#Admiralty_ship,,,,
,406,Bozeman Intel Heavy Frigate,21 Jul 2022,2022,7,C Store,C Store,Federation Responder,,Federation,Starfleet,Miranda,Frigate,Frigate,Frigate,,4,,3,4,,,,,Int,9,13,9,6,0,0,0,0,1,2,6,1.15,51750,0.95,13,0.17,50,10,,10,,4,Eng,Int,3,Uni,,3,Uni,,2,Uni,Int,1,Uni,,,,,8,5,3,Yes,,,3,,3,4,3,,Yes,,Yes,,,,,,,Cloak,33%,,Active: Temporal Surge,"clicky: 100% crit, huge +turn, +flight, untargetable. Reduce cooldown with Intel abilities or being cloaked.",Tachyon Net Drones,Rare,Eng,48,38,22,2.5x Critical Rating from ENG,TRUE,TRUE,FALSE,,3,,3,4,3,3,4,3,Eng,Basic,Bozeman Intel Heavy Frigate,https://stowiki.net/wiki/Bozeman_Intel_Heavy_Frigate,Active: Temporal Surge,https://stowiki.net/wiki/Active:_Temporal_Surge_(starship_trait),Tachyon Net Drones,https://stowiki.net/wiki/Console_-_Universal_-_Tachyon_Net_Drones
,409,Fleet Magee Command Light Escort,21 Jul 2022,2022,7,Fleet,Fleet,,,Federation,Starfleet,Magee,Escort,Escort,Escort,4,3,2,3,,4,,,,Cmd,8,6,5,0,6,0,0,0,1,2,6,1.155,51975,0.99,17,0.2,75,10,5,,5,4,Tac,Cmd,3,Uni,,3,Eng,,2,Sci,Cmd,1,Tac,,,,,7,4,3,Yes,Yes,,2,Yes,5,3,3,,,,,,,,,,,,,,,,,Very Rare,Tac,36,54,27,Ignores +/- TAC from Events,TRUE,TRUE,FALSE,,2,,5,3,3,5,3,3,Tac,,Fleet Magee Command Light Escort,https://stowiki.net/wiki/Fleet_Magee_Command_Light_Escort,,,,
,407,Cabot Command Light Escort,21 Jul 2022,2022,7,C Store,C Store,Federation Responder,,Federation,Starfleet,Magee,Escort,Escort,Escort,4,3,2,3,,4,,,,Cmd,8,6,5,0,6,0,0,0,1,2,6,1.05,47250,0.9,17,0.2,75,10,5,,5,4,Tac,Cmd,3,Uni,,3,Eng,,2,Sci,Cmd,1,Tac,,,,,7,4,3,Yes,Yes,,2,,4,3,3,,,,,,,,,,,,,,Advanced Precision Guided Munitions,on Firing Mode: +kinetic damage to next kinetic weapon. double damage against low shield target.,External Massive Munition Hardpoints,Rare,Tac,34,49,25,2.5x Critical Rating from TAC,TRUE,TRUE,FALSE,,2,,4,3,3,4,3,3,Tac,,Cabot Command Light Escort,https://stowiki.net/wiki/Cabot_Command_Light_Escort,Advanced Precision Guided Munitions,https://stowiki.net/wiki/Advanced_Precision_Guided_Munitions_(starship_trait),External Massive Munition Hardpoints,https://stowiki.net/wiki/Console_-_Universal_-_External_Massive_Munition_Hardpoints
,405,Terran Acheron Dreadnought Carrier,30 Jun 2022,2022,6,Lockbox,C Store (Mudd),Masters of Tactics - B,,X-faction,Starfleet (MU),Styx,Tactical Carrier,Dreadnought Carrier,Dreadnought Carrier (Tac),4,3,,3,,,,4,,Tmp,10,7,4,0,0,0,7,0,1,2,7,1.35,60750,1.2,7,0.16,30,10,,,10,4,Tac,Tmp,3,Uni,Tmp,3,Eng,,2,Tac,,1,Uni,,,,,7,5,2,Yes,,2,3,Yes,5,4,2,,,,,,,Yes,,,,,,,Gravitic Entanglement,during B:FAW / C:SV: foes hit are pulled together. close foes take kinetic damage,Temporal MIRV Launcher,Ultra Rare,Tac,41,64,21,+6 TAC per ANY Ship (Not Small Craft),TRUE,TRUE,FALSE,,3,,5,4,2,5,4,2,Tac,,Terran Acheron Dreadnought Carrier,https://stowiki.net/wiki/Terran_Acheron_Dreadnought_Carrier,Gravitic Entanglement,https://stowiki.net/wiki/Gravitic_Entanglement_(starship_trait),Temporal MIRV Launcher,https://stowiki.net/wiki/Console_-_Universal_-_Temporal_MIRV_Launcher
,404,Cnidarian Defender,30 Jun 2022,2022,6,Event,C Store (Mudd),,,X-faction,Cnidarian,,Cruiser,Cruiser,Cruiser,3,4,3,3,,,,,3,,6,7,6,0,0,0,0,3,1,1,3,1.45,65250,1,7,0.14,30,5,5,5,5,4,Eng,,3,Uni,MW,3,Tac,,3,Sci,,,,,,,,8,4,4,,,,4,Yes,3,5,3,,Yes,Yes,Yes,Yes,,,,,,,,,Gelatinous Membrane,"on hull heal / MW: +physical/kinetic DRR, reflect physical/kinetic to attacker",Cnidarian Defense,Ultra Rare,Eng,60,33,33,+2 ALL Stats per ANY Ship (Not Small Craft),TRUE,TRUE,FALSE,,4,,3,5,3,3,5,3,Eng,,Cnidarian Defender,https://stowiki.net/wiki/Cnidarian_Defender,Gelatinous Membrane,https://stowiki.net/wiki/Gelatinous_Membrane_(starship_trait),Cnidarian Defense,https://stowiki.net/wiki/Console_-_Universal_-_Cnidarian_Defense
,403,Sh'vhal Temporal Science Spearhead,7 Jun 2022,2022,6,Promo,C Store (Mudd),Unification - B,,X-faction,Vulcan,,Science Vessel,Science Spearhead,Science Spearhead,3,1,4,3,,3,,4,,Tmp,6,4,9,0,3,0,4,0,2,2,7,1.25,56250,1.5,7.5,0.17,40,,10,,10,4,Sci,Tmp,3,Uni,Cmd,3,Tac,,2,Sci,,1,Eng,,,,,7,4,3,Yes,,,3,Yes,4,3,4,,,,,,Yes,Yes,Yes,,,,,,Totally Lost All Control,"on shield heal above 80%: +CritH, +CritD",Regenerative Shield Amplifier,Ultra Rare,Sci,24,35,67,+10 TAC per EngShip,TRUE,TRUE,FALSE,,3,,4,3,4,4,3,4,Sci,,Sh'vhal Temporal Science Spearhead,https://stowiki.net/wiki/Sh%27vhal_Temporal_Science_Spearhead,Totally Lost All Control,https://stowiki.net/wiki/Totally_Lost_All_Control_(starship_trait),Regenerative Shield Amplifier,https://stowiki.net/wiki/Console_-_Universal_-_Regenerative_Shield_Amplifier
,402,Legendary Caelian Intel Multi-Mission Explorer,26 May 2022,2022,5,C Store (Leg),C Store (Leg),Legendary Federation (2409) Captain,,Federation,Starfleet,Fed MM,Science Vessel,Multi-mission Science Vessel,Multi-mission Science Vessel,3,2,4,3,4,,,,,Int,6,5,8,7,0,0,0,0,1,2,7,0.95,42750,1.4,12,0.17,55,5,5,,10,4,Sci,Int,3,Uni,Int,3,Tac,,2,Eng,,1,Sci,,,,,6,4,2,Yes,,1,3,Yes,4,2,5,,,,,,Yes,Yes,Yes,,,Cloak,,,Catom Reconstruction,"on Hazard Emitters / Intel: +1 charge. while below 50% hull, consume charge to heal 10%",,Very Rare,Sci,22,41,54,-25% Maintenance per EngShip,TRUE,TRUE,FALSE,,3,,4,2,5,4,2,5,Sci,Basic,Legendary Caelian Intel Multi-Mission Explorer,https://stowiki.net/wiki/Legendary_Caelian_Intel_Multi-Mission_Explorer,Catom Reconstruction,https://stowiki.net/wiki/Catom_Reconstruction_(starship_trait),,
,401,California MW Utility Cruiser,10 May 2022,2022,5,Lockbox,C Store (Mudd),Lower Decks Miraculous - B,,Federation,Starfleet,,Cruiser,Cruiser,Cruiser,,4,,3,,,,,4,MW,6,13,6,0,0,0,0,7,1,2,7,1.25,56250,1.2,11,0.17,50,,10,10,10,4,Eng,MW,3,Uni,MW,3,Eng,,2,Uni,,1,Uni,,,,,8,4,4,,,,4,Yes,3,5,3,1,Yes,Yes,Yes,Yes,,,,,,,,,Lower Decks Initiative,on Ens ability: stacking recharge reduction for Cmdr abilities and Captain abilities,Terraforming Emulsion,Ultra Rare,Eng,62,37,27,2.5x Critical Rating from ENG,TRUE,TRUE,FALSE,1,4,,3,5,3,3,5,3,Eng,,California MW Utility Cruiser,https://stowiki.net/wiki/California_Miracle_Worker_Utility_Cruiser,Lower Decks Initiative,https://stowiki.net/wiki/Lower_Decks_Initiative_(starship_trait),Terraforming Emulsion,https://stowiki.net/wiki/Console_-_Universal_-_Terraforming_Emulsion
,400,Legendary Jem'Hadar Vanguard Pilot Attack Ship,14 Apr 2022,2022,4,C Store (Leg),C Store (Leg),Legendary Dominion Captain,,Dominion,Jem'Hadar,JH Attack,Escort,Escort,Escort,4,2,1,3,3,,4,,,Pil,10,8,7,3,0,4,0,0,2,2,7,1.2,54000,1,20,0.22,70,15,,5,,4,Tac,Pil,3,Uni,Int,3,Uni,,2,Eng,,1,Sci,,,,,7,5,2,Yes,Yes,,2,Yes,5,3,3,,,,,,,,,,,,,Yes,Vanguard Specialists,-Recharge for specialist firing modes,,Very Rare,Tac,38,59,20,Ignores +/- SCI from Events,TRUE,TRUE,FALSE,,2,,5,3,3,5,3,3,Tac,,Legendary Jem'Hadar Vanguard Pilot Attack Ship,https://stowiki.net/wiki/Legendary_Jem%27Hadar_Vanguard_Pilot_Attack_Ship,Vanguard Specialists,https://stowiki.net/wiki/Vanguard_Specialists_(starship_trait),,
,399,Merian Command Science Dreadnought,5 Apr 2022,2022,4,Lockbox,C Store (Mudd),Dread Through the Ages - C,,Federation,Starfleet (32c),,Science Vessel,Science Dreadnought,Science Dreadnought,2,3,4,3,,4,,,,Cmd,5,6,8,0,7,0,0,0,1,2,7,1.45,65250,1.1,7,0.19,65,,,,20,4,Sci,Cmd,3,Uni,,3,Eng,Cmd,2,Tac,,1,Sci,,,,,7,4,3,Yes,,1,3,Yes,3,4,4,,,,,,Yes,Yes,Yes,,,Battle - 32c,,,Scientific Bulwark,"on boff ability that boosts DRR: stacking +CtrlX, +DrainX, +EPG",Reactive Radiometric Shielding,Ultra Rare,Sci,42,30,54,2.5x Critical Rating from SCI,TRUE,TRUE,FALSE,,3,,3,4,4,3,4,4,Sci,Battle,Merian Command Science Dreadnought,https://stowiki.net/wiki/Merian_Command_Science_Dreadnought,Scientific Bulwark,https://stowiki.net/wiki/Scientific_Bulwark_(starship_trait),Reactive Radiometric Shielding,https://stowiki.net/wiki/Console_-_Universal_-_Reactive_Radiometric_Shielding
,398,Section 31 Intel Dreadnought Cruiser,17 Mar 2022,2022,3,Promo,Promo,,,Federation,Starfleet (S31),,Dreadnought Cruiser,Dreadnought Cruiser,Dreadnought Cruiser,3,4,3,2,4,3,,,,Int,5,7,5,4,3,0,0,0,2,2,7,1.55,69750,1.25,6.5,0.13,35,10,5,,5,4,Eng,Int,3,Tac,,3,Sci,Cmd,2,Uni,,1,Eng,,,,,8,4,4,Yes,,1,4,Yes,4,4,3,,Yes,,,Yes,,,,,,Battle - Dark,,,Interference Drones,"on hangar launch: temp HP. while having any temp HP, +pet damage",Invasive Control Mechanisms,Ultra Rare,Eng,52,34,40,2x Critical Rating from Events,TRUE,TRUE,FALSE,,4,,4,4,3,4,4,3,Eng,Battle,Section 31 Intel Dreadnought Cruiser,https://stowiki.net/wiki/Section_31_Intel_Dreadnought_Cruiser,Interference Drones,https://stowiki.net/wiki/Interference_Drones_(starship_trait),Invasive Control Mechanisms,https://stowiki.net/wiki/Console_-_Universal_-_Invasive_Control_Mechanisms
,395,Terran Cygnus Battlecruiser,17 Feb 2022,2022,2,C Store,C Store,12th Anniversary Terran,,X-faction,Starfleet (MU),Galaxy,Battlecruiser,Battlecruiser,Battlecruiser,2,4,2,3,,2,,4,,Tmp,7,7,5,0,2,0,4,0,2,2,6,1.525,68625,1.25,6,0.14,30,10,10,,,4,Eng,Tmp,3,Uni,,2,Tac,Cmd,2,Tac,,2,Sci,,,,,8,5,3,Yes,,,3,Yes,3,5,3,,Yes,Yes,Yes,,,,,,,,,,Controlled Aggression,on Temp / Uni Console: +CtrlX scaling with EPG,Destabilized Dimensional Rip,Very Rare,Eng,48,40,29,+20 TAC and SCI when Alone,TRUE,TRUE,FALSE,,3,,3,5,3,3,5,3,Eng,,Terran Cygnus Battlecruiser,https://stowiki.net/wiki/Terran_Cygnus_Battlecruiser,Controlled Aggression,https://stowiki.net/wiki/Controlled_Aggression_(starship_trait),Destabilized Dimensional Rip,https://stowiki.net/wiki/Console_-_Universal_-_Destabilized_Dimensional_Rip
,396,Terran Lexington Dreadnought Cruiser,17 Feb 2022,2022,2,C Store,C Store,12th Anniversary Terran,,X-faction,Starfleet (MU),Odyssey,Dreadnought Cruiser,Dreadnought Cruiser,Dreadnought Cruiser,3,4,1,3,2,,,,4,MW,8,7,4,2,0,0,0,4,2,2,6,1.375,61875,1.15,8,0.15,35,10,5,10,5,4,Eng,MW,3,Uni,,3,Tac,,2,Tac,Int,1,Sci,,,,,8,4,4,Yes,,1,4,Yes,4,5,2,1,Yes,,,Yes,,,,,,,,,Dimensional Modulation,on DEM / MW: +bonus damage per nearby foe,Multi-Directional Artillery Barrage,Very Rare,Eng,51,49,17,+15 ALL Stats when Alone,TRUE,TRUE,FALSE,1,4,,4,5,2,4,5,2,Eng,,Terran Lexington Dreadnought Cruiser,https://stowiki.net/wiki/Terran_Lexington_Dreadnought_Cruiser,Dimensional Modulation,https://stowiki.net/wiki/Dimensional_Modulation_(starship_trait),Multi-Directional Artillery Barrage,https://stowiki.net/wiki/Console_-_Universal_-_Multi-Directional_Artillery_Barrage
,397,Terran Trailblazer Science Warship,17 Feb 2022,2022,2,C Store,C Store,12th Anniversary Terran,,X-faction,Starfleet (MU),Intrepid,Science Vessel,Science Spearhead,Science Spearhead,3,1,4,3,,4,,,2,Cmd,8,4,7,0,4,0,0,2,2,2,6,1.15,51750,1.3,12,0.18,50,10,,,10,4,Sci,Cmd,3,Uni,,3,Tac,,2,Tac,MW,1,Eng,,,,,7,4,3,Yes,,,3,Yes,4,2,5,,,,,,Yes,Yes,Yes,,,,,,Weaponized Exotic Particles,on Tac Firing Mode: +EPG,Decentralized Immunity,Very Rare,Sci,17,42,58,+20 ENG and TAC when Alone,TRUE,TRUE,FALSE,,3,,4,2,5,4,2,5,Sci,,Terran Trailblazer Science Warship,https://stowiki.net/wiki/Terran_Trailblazer_Science_Warship,Weaponized Exotic Particles,https://stowiki.net/wiki/Weaponized_Exotic_Particles_(starship_trait),Decentralized Immunity,https://stowiki.net/wiki/Console_-_Universal_-_Decentralized_Immunity
,394,Terran Adamant Intel Heavy Raider,17 Feb 2022,2022,2,C Store,C Store,12th Anniversary Terran,,X-faction,Starfleet (MU),Defiant,Raider,Raider,Raider (Not 100% Universal),4,,,3,4,,,2,,Int,13,9,9,4,0,0,2,0,2,2,6,1.15,51750,0.8,20,0.22,75,20,,,,4,Tac,Int,3,Uni,,3,Uni,,2,Uni,Tmp,1,Uni,,,,,6,5,1,Yes,Yes,,2,Yes,5,3,3,,,,,,,,,,,Battle,33%,,Wild Weasel,"on Intel / Evasive Maneuvers: summon shuttle that taunts ships, mines, and torpedoes",Agony Redistributor,Rare,Tac,27,63,27,+20 ENG and SCI when Alone,TRUE,TRUE,FALSE,,2,,5,3,3,5,3,3,Tac,Battle,Terran Adamant Intel Heavy Raider,https://stowiki.net/wiki/Terran_Adamant_Intel_Heavy_Raider,Wild Weasel,https://stowiki.net/wiki/Wild_Weasel_(starship_trait),Agony Redistributor,https://stowiki.net/wiki/Console_-_Universal_-_Agony_Redistributor
,393,Emerald Chain Intel Juggernaut,25 Jan 2022,2022,1,Lockbox,C Store (Mudd),Masters of Tactics - C,,X-faction,Emerald Chain (32c),,Juggernaut,Juggernaut,Juggernaut,4,1,3,3,4,3,,,,Int,9,4,6,4,3,0,0,0,2,2,7,1.65,74250,1.05,5,0.15,35,10,,,10,4,Tac,Int,3,Uni,Cmd,3,Sci,,2,Tac,,1,Eng,,,,,8,4,4,Yes,,,3,Yes,5,2,4,,,,,,,,,,,Battle - Viridian,,,Lash of the Chain,first Cannon firing mode negates shared cooldown for Cannon firing modes,Programmable Matter Projectors,Ultra Rare,Tac,18,70,38,+10 SCI per TacShip,TRUE,TRUE,FALSE,,3,,5,2,4,5,2,4,Tac,Battle,Emerald Chain Intel Juggernaut,https://stowiki.net/wiki/Emerald_Chain_Intel_Juggernaut,Lash of the Chain,https://stowiki.net/wiki/Lash_of_the_Chain_(starship_trait),Programmable Matter Projectors,https://stowiki.net/wiki/Console_-_Universal_-_Programmable_Matter_Projectors
,392,Jarok Alliance Carrier,25 Jan 2022,2022,1,Event,C Store (Mudd),Forged Alliance - B,,X-faction,Alliance,,Science Carrier,Science Carrier,Science Carrier,2,3,4,3,,1,,3,,,5,6,8,0,1,0,3,0,2,2,4,1.2,54000,1.45,8,0.15,35,,10,,10,4,Sci,,3,Uni,Tmp,3,Eng,,2,Tac,,1,Sci,Cmd,,,,6,3,3,Yes,,2,4,Yes,3,4,4,,,,,,,Yes,,,,Cloak,,,Backup Shield Batteries,"on Drain: stores a charge. on shield facing reaching zero: fully restore facing, consume one charge",Sensor Suspension Burst,Ultra Rare,Sci,48,27,51,-25% Maintenance per TacShip,TRUE,TRUE,FALSE,,4,,3,4,4,3,4,4,Sci,Basic,Jarok Alliance Carrier,https://stowiki.net/wiki/Jarok_Alliance_Carrier,Backup Shield Batteries,https://stowiki.net/wiki/Backup_Shield_Batteries_(starship_trait),Sensor Suspension Burst,https://stowiki.net/wiki/Console_-_Universal_-_Sensor_Suspension_Burst
,391,Saturn Intel Science Spearhead,7 Dec 2021,2021,12,Lockbox,C Store (Mudd),Sol System Defense - A,,Federation,Starfleet (32c),,Science Vessel,Science Spearhead,Science Spearhead,3,2,4,3,4,,1,,,Int,7,6,8,4,0,1,0,0,2,2,5,1.35,60750,1.25,9,0.2,50,10,,,10,4,Sci,Int,3,Uni,,3,Tac,,2,Eng,,1,Uni,Pil,,,,7,4,3,Yes,,,3,Yes,4,2,5,,,,,,Yes,Yes,Yes,,,Battle - 32c,,,Automated Triage,"on self or friend low hull: restore some hull instantly, and more over time. on science team / intel: lower cooldown",Chakram Projector,Ultra Rare,Sci,29,46,51,+10 SCI per TacShip,TRUE,TRUE,FALSE,,3,,4,2,5,4,2,5,Sci,Battle,Saturn Intel Science Spearhead,https://stowiki.net/wiki/Saturn_Intel_Science_Spearhead,Automated Triage,https://stowiki.net/wiki/Automated_Triage_(starship_trait),Chakram Projector,https://stowiki.net/wiki/Console_-_Universal_-_Chakram_Projector
,390,Eisenberg Star Cruiser,7 Dec 2021,2021,12,Event,Event only,,,X-faction,Starfleet (32c),,Cruiser,Cruiser,Cruiser,2,4,3,3,,1,,,3,,5,8,6,0,1,0,0,3,2,2,4,1.4,63000,0.95,10,0.18,60,5,5,5,5,4,Eng,,3,Uni,MW,3,Sci,,2,Tac,,1,Eng,Cmd,,,,8,4,4,,,,4,Yes,3,4,4,,Yes,Yes,Yes,Yes,,,,,,Battle - 32c,,,Ingenious Tenacity,on specialist ability: incoming energy damage restores 40% damage to shield facing,Great Material Continuum,Ultra Rare,Eng,60,26,40,+6 ENG per ANY Ship (Not Small Craft),TRUE,TRUE,FALSE,,4,,3,4,4,3,4,4,Eng,Battle,Eisenberg Star Cruiser,https://stowiki.net/wiki/Eisenberg_Star_Cruiser,Ingenious Tenacity,https://stowiki.net/wiki/Ingenious_Tenacity_(starship_trait),Great Material Continuum,https://stowiki.net/wiki/Console_-_Universal_-_Great_Material_Continuum
,389,United Earth Defense Force Vessel,16 Nov 2021,2021,11,Lockbox,C Store (Mudd),Sol System Defense - B,,X-faction,United Earth (32c),,Destroyer,Warship,Warship,4,3,2,4,,4,,,,Cmd,8,7,6,0,7,0,0,0,1,2,7,1.25,56250,1.4,8,0.16,75,10,10,,,4,Uni,,4,Tac,Cmd,3,Eng,Cmd,2,Sci,,,,,,,,8,4,4,Yes,,,3,Yes,5,3,3,,,,,,,,,,,,,,Interlaced Emitters,"on boff shield heal: target gains +shield hardness, shield drain immunity, auto redistribute shields",Mobile Defense Net,Ultra Rare,Tac,37,59,30,+6 SCI per ANY Ship (Not Small Craft),TRUE,TRUE,FALSE,,3,,5,3,3,5,3,3,Tac,,United Earth Defense Force Vessel,https://stowiki.net/wiki/United_Earth_Defense_Force_Vessel,Interlaced Emitters,https://stowiki.net/wiki/Interlaced_Emitters_(starship_trait),Mobile Defense Net,https://stowiki.net/wiki/Console_-_Universal_-_Mobile_Defense_Net
,388,Fleet Saber MW Escort,4 Nov 2021,2021,11,Fleet,Fleet,,,Federation,Starfleet,Saber,Escort,Escort,Escort,4,3,1,2,,,,,4,MW,9,5,3,0,0,0,0,4,1,1,4,1.21,54450,0.99,16,0.2,65,10,5,10,5,4,Tac,MW,3,Tac,,3,Eng,,2,Uni,,1,Sci,,,,,7,4,3,Yes,Yes,,2,Yes,4,4,3,1,,,,,,,,,,,,,,,,Very Rare,Tac,42,53,22,+20 ENG and TAC when Alone,TRUE,TRUE,FALSE,1,2,,4,4,3,4,4,3,Tac,,Fleet Saber MW Escort,https://stowiki.net/wiki/Fleet_Saber_Miracle_Worker_Escort,,,,
,385,Da Vinci MW Escort,4 Nov 2021,2021,11,C Store,C Store,Agile Classics,,Federation,Starfleet,Saber,Escort,Escort,Escort,4,3,1,2,,,,,4,MW,9,5,3,0,0,0,0,4,1,1,4,1.1,49500,0.9,16,0.2,65,10,5,10,5,4,Tac,MW,3,Tac,,3,Eng,,2,Uni,,1,Sci,,,,,7,4,3,Yes,Yes,,2,,4,3,3,1,,,,,,,,,,,,,Energy Overdrive,"on B:O / B:FAW / ERL: +speed, turn, energy weapon damage based on proximity",Troyius Protocol,Rare,Tac,37,50,21,2.5x Critical Rating from ENG,TRUE,TRUE,FALSE,1,2,,4,3,3,4,3,3,Tac,,Da Vinci MW Escort,https://stowiki.net/wiki/Da_Vinci_Miracle_Worker_Escort,Energy Overdrive,https://stowiki.net/wiki/Energy_Overdrive_(starship_trait),Troyius Protocol,https://stowiki.net/wiki/Console_-_Universal_-_Troyius_Protocol
,387,Fleet Nova Pilot Scout Ship,4 Nov 2021,2021,11,Fleet,Fleet,,,Federation,Starfleet,Nova,Scout Ship,Scout Ship,Scout Ship,,,4,3,,,4,,,Pil,9,9,13,0,0,4,0,0,1,1,4,0.99,44550,1.32,16,0.2,75,5,,5,10,4,Sci,Pil,3,Uni,,3,Uni,,2,Uni,,1,Uni,,,,,6,4,2,Yes,,,2,Yes,3,3,5,,,,,,Yes,Yes,Yes,,,,33%,,,,,Very Rare,Sci,23,30,64,+10 ENG per TacShip,TRUE,TRUE,FALSE,,2,,3,3,5,3,3,5,Sci,,Fleet Nova Pilot Scout Ship,https://stowiki.net/wiki/Fleet_Nova_Pilot_Scout_Ship,,,,
,386,Equinox Pilot Scout Ship,4 Nov 2021,2021,11,C Store,C Store,Agile Classics,,Federation,Starfleet,Nova,Scout Ship,Scout Ship,Scout Ship,,,4,3,,,4,,,Pil,9,9,13,0,0,4,0,0,1,1,4,0.9,40500,1.2,16,0.2,75,5,,5,10,4,Sci,Pil,3,Uni,,3,Uni,,2,Uni,,1,Uni,,,,,6,4,2,Yes,,,2,,3,2,5,,,,,,Yes,Yes,Yes,,,,33%,,Synthetic Good Fortune,"+ sector speed. on Pilot / Control: stacking +CritH, +CtrlX",Nucleogenic Igniter,Rare,Sci,21,28,59,+10 TAC per EngShip,TRUE,TRUE,FALSE,,2,,3,2,5,3,2,5,Sci,,Equinox Pilot Scout Ship,https://stowiki.net/wiki/Equinox_Pilot_Scout_Ship,Synthetic Good Fortune,https://stowiki.net/wiki/Synthetic_Good_Fortune_(starship_trait),Nucleogenic Igniter,https://stowiki.net/wiki/Console_-_Universal_-_Nucleogenic_Igniter
,384,Kirk Temporal Heavy Battlecruiser,13 Oct 2021,2021,10,Promo,C Store (Mudd),32nd Century Legacy - A,,Federation,Starfleet (32c),,Battlecruiser,Battlecruiser,Battlecruiser,2,4,3,3,,3,,4,,Tmp,6,7,6,0,3,0,4,0,2,2,7,1.55,69750,0.95,9,0.18,45,10,,,10,4,Eng,Tmp,3,Uni,Cmd,3,Sci,,2,Tac,,1,Tac,,,,,8,5,3,Yes,,,3,Yes,4,4,3,,Yes,Yes,Yes,,,,,,,Battle - 32c,,,Risk Is Our Business,on captain ability: stacking Temp HP per nearby foe. +threat in Threatening Stance,Field-Replicated Buster Pods,Ultra Rare,Eng,49,44,32,-5% Maintenance per ANY Ship (Not Small Craft),TRUE,TRUE,FALSE,,3,,4,4,3,4,4,3,Eng,Battle,Kirk Temporal Heavy Battlecruiser,https://stowiki.net/wiki/Kirk_Temporal_Heavy_Battlecruiser,Risk Is Our Business,https://stowiki.net/wiki/Risk_Is_Our_Business_(starship_trait),Field-Replicated Buster Pods,https://stowiki.net/wiki/Console_-_Universal_-_Field-Replicated_Buster_Pods
,383,Appalachia Blockade Runner Escort,1 Oct 2021,2021,10,C Store,C Store,,,Federation,Starfleet,Steamrunner,Escort,Escort,Escort,4,3,1,2,2,3,,,,,9,5,3,2,3,0,0,0,2,2,5,1.15,51750,1,16,0.21,60,15,,5,,4,Tac,,3,Tac,Cmd,3,Eng,,2,Uni,Int,1,Sci,,,,,7,4,3,Yes,Yes,,2,Yes,5,4,2,,,,,,,,,,,,,,Piercing Projectiles,"on torp / mine firing mode: +shield pen, +hull pen",Tricobalt Tear Launcher,Very Rare,Tac,37,62,18,+35 TAC when Alone,TRUE,TRUE,FALSE,,2,,5,4,2,5,4,2,Tac,,Appalachia Blockade Runner Escort,https://stowiki.net/wiki/Appalachia_Blockade_Runner_Escort,Piercing Projectiles,https://stowiki.net/wiki/Piercing_Projectiles_(starship_trait),Tricobalt Tear Launcher,https://stowiki.net/wiki/Console_-_Universal_-_Tricobalt_Tear_Launcher
,382,Parliament MW Surveyor Cruiser,14 Sep 2021,2021,9,Lockbox,C Store (Mudd),Lower Decks Miraculous - C,,Federation,Starfleet,,Cruiser,Cruiser,Cruiser,2,4,3,2,,,,,4,MW,4,8,5,0,0,0,0,6,1,2,6,1.45,65250,1.125,8.5,0.15,40,10,5,5,10,4,Eng,MW,3,Sci,,2,Uni,MW,2,Tac,,2,Eng,,,,,8,4,4,,,,4,Yes,2,5,4,1,Yes,Yes,Yes,Yes,,,,,,,,,Efficient Demolition,on defeating enemy: +power to lowest subsystem. stacks for a duration.,Controlled Gravimetric Demolition,Ultra Rare,Eng,71,20,35,+20 ENG and SCI when Alone,TRUE,TRUE,FALSE,1,4,,2,5,4,2,5,4,Eng,,Parliament MW Surveyor Cruiser,https://stowiki.net/wiki/Parliament_Miracle_Worker_Surveyor_Cruiser,Efficient Demolition,https://stowiki.net/wiki/Efficient_Demolition_(starship_trait),Controlled Gravimetric Demolition,https://stowiki.net/wiki/Console_-_Universal_-_Controlled_Gravimetric_Demolition
,381,Mirror Gagarin Warship,14 Sep 2021,2021,9,Event,C Store (Mudd),,,X-faction,Starfleet (MU),Shepard,Destroyer,Warship,Warship,4,3,1,3,,3,,,,,9,6,4,0,3,0,0,0,1,1,3,1.25,56250,0.9,12,0.18,45,10,10,,,4,Tac,,3,Uni,Cmd,3,Eng,,2,Tac,,1,Sci,,,,,8,4,4,Yes,,,3,Yes,5,4,2,,,,,,,,,,,,,,Protomatter Precursor Shields,"on captain ability: front shields are immune for 5 seconds, and regen",Destructive Protomatter Wave Projector,Ultra Rare,Tac,43,63,20,+8 ENG and SCI per TacShip,TRUE,TRUE,FALSE,,3,,5,4,2,5,4,2,Tac,,Mirror Gagarin Warship,https://stowiki.net/wiki/Mirror_Gagarin_Warship,Protomatter Precursor Shields,https://stowiki.net/wiki/Protomatter_Precursor_Shields_(starship_trait),Destructive Protomatter Wave Projector,https://stowiki.net/wiki/Console_-_Universal_-_Destructive_Protomatter_Wave_Projector
,380,Legendary Miranda Multi-Mission Cruiser,8 Sep 2021,2021,9,C Store (Leg),C Store (Leg),Legendary TOS Captain,,Federation,Starfleet,Miranda,Cruiser,Multi-Mission Cruiser,Multi-Mission Cruiser,3,4,3,2,,,3,4,,Tmp,6,7,6,0,0,3,4,0,2,2,7,1.375,61875,1.21,10.5,0.17,45,10,,,10,4,Eng,Tmp,3,Tac,,3,Sci,Pil,2,Uni,,1,Uni,,,,,8,5,3,Yes,,1,4,Yes,3,4,4,,Yes,Yes,,,,,,,,,,,One Big Happy Fleet,on first hit of combat: shields offline to enemy. during combat: stacking shield pen with energy weapons,,Very Rare,Eng,56,36,35,+10 SCI per EngShip,TRUE,TRUE,FALSE,,4,,3,4,4,3,4,4,Eng,,Legendary Miranda Multi-Mission Cruiser,https://stowiki.net/wiki/Legendary_Miranda_Multi-Mission_Cruiser,One Big Happy Fleet,https://stowiki.net/wiki/One_Big_Happy_Fleet_(starship_trait),,
,379,Mars Pilot Escort,24 Aug 2021,2021,8,Lockbox,C Store (Mudd),Sol System Defense - C,,Federation,Starfleet (32c),,Escort,Escort,Escort,4,3,2,2,2,,4,,,Pil,8,5,4,2,0,4,0,0,2,2,6,1.15,51750,0.8,18,0.23,75,10,,10,,4,Tac,Pil,3,Eng,,2,Uni,Int,2,Tac,,2,Sci,,,,,7,5,2,Yes,Yes,,2,Yes,5,3,3,,,,,,,,,,,Battle - 32c,,,Improved Lock Trajectory,remove cooldown on lock trajectory. on energy hit to forward enemy: recharge CRF/ CSV / Pil,Subspace Cavitation Matrix,Ultra Rare,Tac,34,63,29,-25% Maintenance per SciShip,TRUE,TRUE,FALSE,,2,,5,3,3,5,3,3,Tac,Battle,Mars Pilot Escort,https://stowiki.net/wiki/Mars_Pilot_Escort,Improved Lock Trajectory,https://stowiki.net/wiki/Improved_Lock_Trajectory_(starship_trait),Subspace Cavitation Matrix,https://stowiki.net/wiki/Console_-_Universal_-_Subspace_Cavitation_Matrix
,378,Legendary Scimitar Intel Dreadnought Warbird,12 Aug 2021,2021,8,C Store (Leg),C Store (Leg),Legendary Romulan Warbird,,Romulan,Reman,Scimitar,Tactical WB,Scimitar,Scimitar,4,3,,3,4,3,,,,Int,10,9,6,4,3,0,0,0,2,2,7,1.4,63000,1.15,7.5,0.15,30,15,,5,,4,Tac,Int,3,Uni,,3,Eng,Cmd,2,Uni,,1,Uni,,,,,8,5,3,Yes,,1,4,Yes,5,3,3,,,,,,,,,,Yes,Battle - Scim,,,She's a Predator,"on Attack Pattern: % hull heal, gain ambush buff, +cloak recharge speed",,Very Rare,Tac,39,54,24,+10 TAC per EngShip,TRUE,TRUE,FALSE,,4,,5,3,3,5,3,3,Tac,Battle,Legendary Scimitar Intel Dreadnought Warbird,https://stowiki.net/wiki/Legendary_Scimitar_Intel_Dreadnought_Warbird,She's a Predator,https://stowiki.net/wiki/She%27s_a_Predator_(starship_trait),,
,377,Legendary D'deridex MW Warbird Battlecruiser,12 Aug 2021,2021,8,C Store (Leg),C Store (Leg),Legendary Romulan Warbird,,Romulan,Romulan,D'deridex,Engineering WB,Battlecruiser,Battlecruiser (warbird),3,4,3,2,,,,3,4,MW,6,7,6,0,0,0,3,4,2,2,7,1.55,69750,1.15,6,0.16,45,15,5,10,,4,Eng,MW,3,Tac,Tmp,3,Sci,,2,Uni,,1,Uni,,,,,8,4,4,Yes,,,4,Yes,3,5,3,1,,,,,,,,,Yes,Battle - Rom,,,Rapid-Emitting Armaments,"on Tractor Beam: +bonus torpedo damage, fire 3 heavy plasma torpedos",,Very Rare,Eng,54,39,24,+10 ENG per TacShip,TRUE,TRUE,FALSE,1,4,,3,5,3,3,5,3,Eng,Battle,Legendary D'deridex MW Warbird Battlecruiser,https://stowiki.net/wiki/Legendary_D%27deridex_Miracle_Worker_Warbird_Battlecruiser,Rapid-Emitting Armaments,https://stowiki.net/wiki/Rapid-Emitting_Armaments_(starship_trait),,
,376,Courage Command Science Destroyer (Tactical Mode),27 Jul 2021,2021,7,Promo,C Store (Mudd),32nd Century Legacy - C,,Federation,Starfleet (32c),,Science Vessel,Science Destroyer,Science Destroyer,4,2,3,3,,4,,,,Cmd,8,6,7,0,7,0,0,0,1,2,7,1.45,65250,1.15,10,0.2,65,5,,,15,4,Tac,Cmd,3,Uni,,3,Sci,Cmd,2,Eng,,1,Uni,,,,,7,4,3,Yes,Yes,,3,Yes,4,3,4,,,,,,,,,Yes,,Battle - 32c,,,Directional Bias,"on front damage: +stacking exotic, on back damage: +stacking regen and outgoing heal",Force Translator,Ultra Rare,Sci,20,48,59,2.5x Critical Rating from TAC,TRUE,FALSE,FALSE,,3,,4,3,4,4,3,4,Sci,Battle,Courage Command Science Destroyer (Tactical Mode),https://stowiki.net/wiki/Courage_Command_Science_Destroyer,Directional Bias,https://stowiki.net/wiki/Directional_Bias_(starship_trait),Force Translator,https://stowiki.net/wiki/Console_-_Universal_-_Force_Translator
,375,Courage Command Science Destroyer (Science Mode),27 Jul 2021,2021,7,Promo,C Store (Mudd),32nd Century Legacy - C,,Federation,Starfleet (32c),,Science Vessel,Science Destroyer,Science Destroyer,3,2,4,3,,4,,,,Cmd,7,6,8,0,7,0,0,0,1,2,7,1.45,65250,1.15,10,0.2,65,5,,,15,4,Sci,Cmd,3,Uni,,3,Tac,Cmd,2,Eng,,1,Uni,,,,,7,4,3,Yes,,,3,Yes,4,3,4,,,,,,Yes,Yes,Yes,Yes,,Battle - 32c,,,Directional Bias,"on front damage: +stacking exotic, on back damage: +stacking regen and outgoing heal",Force Translator,Ultra Rare,Sci,20,48,59,2.5x Critical Rating from TAC,TRUE,FALSE,FALSE,,3,,4,3,4,4,3,4,Sci,Battle,Courage Command Science Destroyer (Science Mode),https://stowiki.net/wiki/Courage_Command_Science_Destroyer,Directional Bias,https://stowiki.net/wiki/Directional_Bias_(starship_trait),Force Translator,https://stowiki.net/wiki/Console_-_Universal_-_Force_Translator
,374,Courage Command Science Destroyer,27 Jul 2021,2021,7,Promo,C Store (Mudd),32nd Century Legacy - C,,Federation,Starfleet (32c),,Science Vessel,Science Destroyer,Science Destroyer,4,2,4,3,,4,,,,Cmd,8,6,8,0,8,0,0,0,1,2,8,1.45,65250,1.15,10,0.2,65,5,,,15,4,Tac,Cmd,4,Sci,Cmd,3,Uni,,2,Eng,,1,Uni,,,,,7,4,3,Yes,Yes,,3,Yes,4,3,4,,,,,,Yes,Yes,Yes,Yes,,Battle - 32c,,,Directional Bias,"on front damage: +stacking exotic, on back damage: +stacking regen and outgoing heal",Force Translator,Ultra Rare,Sci,20,48,59,2.5x Critical Rating from TAC,TRUE,TRUE,FALSE,,3,,4,3,4,4,3,4,Sci,Battle,Courage Command Science Destroyer,https://stowiki.net/wiki/Courage_Command_Science_Destroyer,Directional Bias,https://stowiki.net/wiki/Directional_Bias_(starship_trait),Force Translator,https://stowiki.net/wiki/Console_-_Universal_-_Force_Translator
,373,Risian Luxury Cruiser,1 Jul 2021,2021,7,Event,C Store (Mudd),,,X-faction,Risian,,Cruiser,Cruiser,Cruiser,3,4,2,3,,,,3,,,6,8,5,0,0,0,3,0,1,1,3,1.38,62100,1.1,10,0.16,40,,10,10,,4,Eng,,3,Uni,Tmp,3,Tac,,2,Sci,,1,Eng,,,,,8,4,4,,,,4,Yes,3,5,3,,Yes,Yes,Yes,Yes,,,,,,,,,Leisurely Pace,"on low throttle: stacking +EPG, +CtrlX",Soliton Wave Generator,Ultra Rare,Eng,72,28,26,Ignores +/- ENG from Events,TRUE,TRUE,FALSE,,4,,3,5,3,3,5,3,Eng,,Risian Luxury Cruiser,https://stowiki.net/wiki/Risian_Luxury_Cruiser_(T6),Leisurely Pace,https://stowiki.net/wiki/Leisurely_Pace_(starship_trait),Soliton Wave Generator,https://stowiki.net/wiki/Console_-_Universal_-_Soliton_Wave_Generator
,371,Fleet Malachowski Multi-Mission Command Cruiser,24 Jun 2021,2021,6,Fleet,Fleet,,,Federation,Starfleet (23c),Miranda,Cruiser,Multi-Mission Cruiser,Multi-Mission Cruiser,2,4,3,3,,4,,,,Cmd,5,8,6,0,4,0,0,0,1,1,4,1.375,61875,1.21,9.5,0.16,35,5,5,,10,4,Eng,Cmd,3,Uni,,3,Sci,,2,Tac,,1,Eng,,,,,8,4,4,Yes,,1,4,Yes,3,4,4,,Yes,Yes,,,,,,,,,,,,,,Very Rare,Eng,55,30,32,2x Critical Rating from Events,TRUE,TRUE,FALSE,,4,,3,4,4,3,4,4,Eng,,Fleet Malachowski Multi-Mission Command Cruiser,https://stowiki.net/wiki/Fleet_Malachowski_Multi-Mission_Command_Cruiser,,,,
,369,Clarke Multi-Mission Command Cruiser,24 Jun 2021,2021,6,C Store,C Store,New Genesis,,Federation,Starfleet,Miranda,Cruiser,Multi-Mission Cruiser,Multi-Mission Cruiser,2,4,3,3,,4,,,,Cmd,5,8,6,0,4,0,0,0,1,1,4,1.25,56250,1.1,9.5,0.16,35,5,5,,10,4,Eng,Cmd,3,Uni,,3,Sci,,2,Tac,,1,Eng,,,,,8,4,4,Yes,,1,4,,3,4,3,,Yes,Yes,,,,,,,,,,,Greater Than the Sum,"on EP2A / Cmd: +power, hull regen, shield regen to self and allies, based on # allies",Genesis Seed,Rare,Eng,50,28,30,+6 ENG per ANY Ship (Not Small Craft),TRUE,TRUE,FALSE,,4,,3,4,3,3,4,3,Eng,,Clarke Multi-Mission Command Cruiser,https://stowiki.net/wiki/Clarke_Multi-Mission_Command_Cruiser,Greater Than the Sum,https://stowiki.net/wiki/Greater_Than_The_Sum_(starship_trait),Genesis Seed,https://stowiki.net/wiki/Console_-_Universal_-_Genesis_Seed
,372,Fleet Oberth Light Science Vessel,24 Jun 2021,2021,6,Fleet,Fleet,,,Federation,Starfleet (23c),Oberth,Science Vessel,Science Vessel,Science Vessel,2,3,4,1,,,,4,,Tmp,3,4,8,0,0,0,4,0,1,1,4,0.935,42075,1.52,13,0.15,50,,5,,15,4,Sci,Tmp,3,Eng,,3,Sci,,2,Tac,,1,Uni,,,,,6,3,3,,,,3,Yes,2,4,5,,,,,,Yes,Yes,Yes,,,,,,,,,Very Rare,Sci,39,20,58,Ignores +/- SCI from Events,TRUE,TRUE,FALSE,,3,,2,4,5,2,4,5,Sci,,Fleet Oberth Light Science Vessel,https://stowiki.net/wiki/Fleet_Oberth_Light_Science_Vessel,,,,
,370,Grissom Light Science Vessel,24 Jun 2021,2021,6,C Store,C Store,New Genesis,,Federation,Starfleet,Oberth,Science Vessel,Science Vessel,Science Vessel,2,3,4,1,,,,4,,Tmp,3,4,8,0,0,0,4,0,1,1,4,0.85,38250,1.4,13,0.15,50,,5,,15,4,Sci,Tmp,3,Eng,,3,Sci,,2,Tac,,1,Uni,,,,,6,3,3,,,,3,,2,4,4,,,,,,Yes,Yes,Yes,,,,,,By the Book,on Anomaly / Tmp: +2 seconds to active anomalies,Phased-Space Membrane,Rare,Sci,36,18,54,2.5x Critical Rating from SCI,TRUE,TRUE,FALSE,,3,,2,4,4,2,4,4,Sci,,Grissom Light Science Vessel,https://stowiki.net/wiki/Grissom_Light_Science_Vessel,By the Book,https://stowiki.net/wiki/By_The_Book_(starship_trait),Phased-Space Membrane,https://stowiki.net/wiki/Console_-_Universal_-_Phased-Space_Membrane
,368,Crossfield Science Spearhead Refit,25 May 2021,2021,5,Lockbox,C Store (Mudd),Masters of Science - A,,Federation,Starfleet (32c),Crossfield,Science Vessel,Science Spearhead,Science Spearhead,3,1,4,3,,2,,,4,MW,8,6,9,0,2,0,0,4,2,2,6,1.4,63000,1.1,11,0.2,60,5,5,5,15,4,Sci,MW,3,Uni,,3,Tac,,2,Uni,Cmd,1,Eng,,,,,7,4,3,Yes,,,3,Yes,3,3,5,1,,,,,Yes,Yes,Yes,,,Battle - 32c,,,Universal Designs,"on Universal Console ability: stacking +CritH, +CritD",Kwejian Assault Craft,Ultra Rare,Sci,37,30,59,+8 ENG and SCI per TacShip,TRUE,TRUE,FALSE,1,3,,3,3,5,3,3,5,Sci,Battle,Crossfield Science Spearhead Refit,https://stowiki.net/wiki/Crossfield_Science_Spearhead_Refit,Universal Designs,https://stowiki.net/wiki/Universal_Designs_(starship_trait),Kwejian Assault Craft,https://stowiki.net/wiki/Console_-_Universal_-_Kwejian_Assault_Craft
,367,Kwejian Pilot Frigate,4 May 2021,2021,5,Lockbox,C Store (Mudd),Fighter Pilot - C,,X-faction,Kwejian (32c),,Frigate,Frigate,Frigate,,4,,3,,2,4,,,Pil,9,13,9,0,2,4,0,0,2,2,6,1.15,51750,0.8,18,0.19,80,10,,10,,4,Eng,Pil,3,Uni,,3,Uni,,2,Uni,Cmd,1,Uni,,,,,8,5,3,Yes,,,3,Yes,4,4,3,,Yes,,Yes,,,,,,,Battle - 32c,33%,,Proximity Alert,"based on largest enemy ship: +defense, +phys/kinetic resist, +regen, -threat generation",Smasher Assembly,Ultra Rare,Eng,55,51,20,-25% Maintenance per SciShip,TRUE,TRUE,FALSE,,3,,4,4,3,4,4,3,Eng,Battle,Kwejian Pilot Frigate,https://stowiki.net/wiki/Kwejian_Pilot_Frigate,Proximity Alert,https://stowiki.net/wiki/Proximity_Alert_(starship_trait),Smasher Assembly,https://stowiki.net/wiki/Console_-_Universal_-_Smasher_Assembly
,366,Jovian Intel Heavy Raider,15 Apr 2021,2021,4,Lockbox,C Store (Mudd),Disco Inferno - B,,X-faction,Jovian (32c),,Raider,Raider,Raider (Not 100% Universal),4,,,3,4,,,,2,Int,13,9,9,4,0,0,0,2,2,2,6,1.15,51750,0.85,18,0.23,75,15,,,5,4,Tac,Int,3,Uni,,3,Uni,,2,Uni,MW,1,Uni,,,,,6,5,1,Yes,Yes,,2,Yes,5,3,3,,,,,,,,,,,,40%,,Precision Scrapper,on hit with SS / BO / Tractor Beam: random buff to all nearby teammates,Harvester Mode,Ultra Rare,Tac,29,66,31,-25% Maintenance per EngShip,TRUE,TRUE,FALSE,,2,,5,3,3,5,3,3,Tac,,Jovian Intel Heavy Raider,https://stowiki.net/wiki/Jovian_Intel_Heavy_Raider,Precision Scrapper,https://stowiki.net/wiki/Precision_Scrapper_(starship_trait),Harvester Mode,https://stowiki.net/wiki/Console_-_Universal_-_Harvester_Mode
,365,Legendary D7 Intel Battlecruiser,1 Apr 2021,2021,4,C Store (Leg),C Store (Leg),Legendary KDF Captain,,Klingon,Klingon (23c),D7,Battlecruiser,Battlecruiser,Battlecruiser,3,4,2,3,4,,,,3,Int,7,8,6,4,0,0,0,3,2,2,7,1.4,63000,1.2,12,0.17,60,10,,10,,4,Eng,Int,3,Uni,MW,3,Tac,,2,Sci,,1,Uni,,,,,8,5,3,Yes,,,3,Yes,4,4,3,,Yes,Yes,Yes,,,,,,,Battle,,,Shall We Not Revenge,on hull heal / intel: stacking reflected energy damage,,Very Rare,Eng,56,43,26,2x Critical Rating from ENG and TAC,TRUE,TRUE,FALSE,,3,,4,4,3,4,4,3,Eng,Battle,Legendary D7 Intel Battlecruiser,https://stowiki.net/wiki/Legendary_D7_Intel_Battlecruiser,Shall We Not Revenge,https://stowiki.net/wiki/Shall_We_Not_Revenge_(starship_trait),,
,364,Janeway Command Science Vessel,4 Mar 2021,2021,3,Promo,C Store (Mudd),32nd Century Legacy - B,,Federation,Starfleet (32c),,Science Vessel,Science Vessel,Science Vessel,3,1,4,2,,4,,,2,Cmd,5,3,9,0,4,0,0,2,2,2,6,1.3,58500,1.1,14,0.22,60,,,5,15,4,Sci,Cmd,3,Tac,,3,Sci,,2,Uni,MW,1,Eng,,,,,6,4,2,,,,3,Yes,4,2,5,,,,,,Yes,Yes,Yes,,,Battle - 32c,,,Enhanced Cloaking Integration,"on cloak: hull regen, +maneuverability. on declaok: firing cycle haste",Photonic Cannon,Ultra Rare,Sci,21,37,68,+25 TAC when Alone,TRUE,TRUE,FALSE,,3,,4,2,5,4,2,5,Sci,Battle,Janeway Command Science Vessel,https://stowiki.net/wiki/Janeway_Command_Science_Vessel,Enhanced Cloaking Integration,https://stowiki.net/wiki/Enhanced_Cloaking_Integration_(starship_trait),Photonic Cannon,https://stowiki.net/wiki/Console_-_Universal_-_Photonic_Cannon
,363,Legendary Vor'cha Command Support Battlecruiser,18 Feb 2021,2021,2,C Store (Leg),C Store (Leg),Legendary 11th,,Klingon,Klingon,Vor'cha,Battlecruiser,Battlecruiser,Battlecruiser,3,4,1,3,,4,,,2,Cmd,8,9,6,0,4,0,0,2,2,2,6,1.45,65250,1.1,10,0.15,30,10,,10,,4,Eng,Cmd,3,Uni,,3,Tac,,2,Uni,MW,1,Sci,,,,,8,5,3,Yes,,,3,Yes,4,4,3,,Yes,Yes,Yes,,,,,,,Battle,,,Good Day to Die,"on taking damage (1/sec): +damage, +incoming healing",,Very Rare,Eng,56,39,22,+10 ENG per EngShip,TRUE,TRUE,FALSE,,3,,4,4,3,4,4,3,Eng,Battle,Legendary Vor'cha Command Support Battlecruiser,https://stowiki.net/wiki/Legendary_Vor%27cha_Command_Support_Battlecruiser,Good Day to Die,https://stowiki.net/wiki/Good_Day_to_Die_(starship_trait),,
,362,Legendary Excelsior MW Heavy Cruiser,18 Feb 2021,2021,2,C Store (Leg),C Store (Leg),Legendary 11th,,Federation,Starfleet,Excelsior,Cruiser,Cruiser,Cruiser,3,4,,2,,,3,,4,MW,6,10,3,0,0,3,0,4,2,2,7,1.45,65250,1.1,8,0.15,35,10,10,5,5,4,Eng,MW,3,Tac,,3,Eng,Pil,2,Uni,,1,Uni,,,,,8,4,4,,,,4,Yes,4,5,2,1,Yes,Yes,Yes,Yes,,,,,,,,,That's a Big Ship,"on Eng / Capt: stacking +hull, +DRR",,Very Rare,Eng,65,32,20,+35 ENG when Alone,TRUE,TRUE,FALSE,1,4,,4,5,2,4,5,2,Eng,,Legendary Excelsior MW Heavy Cruiser,https://stowiki.net/wiki/Legendary_Excelsior_Miracle_Worker_Heavy_Cruiser,That's a Big Ship,https://stowiki.net/wiki/That%27s_a_Big_Ship_(starship_trait),,
,360,Legendary Ambassador Intel Support Cruiser,18 Feb 2021,2021,2,C Store (Leg),C Store (Leg),Legendary 11th,,Federation,Starfleet,Ambassador,Cruiser,Cruiser,Cruiser,2,4,3,3,4,,,3,,Int,6,8,7,4,0,0,3,0,2,2,7,1.485,66825,1.2,7.5,0.15,40,5,5,,10,4,Eng,Int,3,Uni,Tmp,3,Sci,,2,Tac,,1,Uni,,,,,8,4,4,,,,4,Yes,3,4,4,,Yes,Yes,Yes,Yes,,,,,,Cloak,,,Lost in Time,"on low hull, -CDs, -boff and captain ability recharge, unkillable",,Very Rare,Eng,56,26,35,+35 SCI when Alone,TRUE,TRUE,FALSE,,4,,3,4,4,3,4,4,Eng,Basic,Legendary Ambassador Intel Support Cruiser,https://stowiki.net/wiki/Legendary_Ambassador_Intel_Support_Cruiser,Lost in Time,https://stowiki.net/wiki/Lost_in_Time_(starship_trait),,
,361,Legendary B'rel Pilot Bird-of-Prey,18 Feb 2021,2021,2,C Store (Leg),C Store (Leg),Legendary 11th,,Klingon,Klingon,B'rel,Raider,Raider,Raider (100% Universal),,,,4,3,,4,,,Pil,12,12,12,3,0,4,0,0,2,2,7,0.95,42750,0.85,23.5,0.2,80,15,,,5,4,Uni,Pil,3,Uni,Int,3,Uni,,2,Uni,,,,,,,,6,4,2,Yes,Yes,,2,Yes,5,4,2,,,,,,,,,,,Enh Battle,33%,,Deadly Appearances,on decloak: +shield pen and haste. applies during enh battle cloak.,,Very Rare,Tac,37,58,22,+35 TAC when Alone,TRUE,TRUE,FALSE,,2,,5,4,2,5,4,2,Tac,Enhanced,Legendary B'rel Pilot Bird-of-Prey,https://stowiki.net/wiki/Legendary_B%27rel_Pilot_Bird-of-Prey,Deadly Appearances,https://stowiki.net/wiki/Deadly_Appearances_(starship_trait),,
,359,Dhailkhina Command Strike Wing Warbird,26 Jan 2021,2021,1,Lockbox,C Store (Mudd),Primary Faction - C,,Romulan,Romulan,,Tactical WB,Strike Wing Escort,Strike Wing Escort (warbird),4,3,,3,3,4,,,,Cmd,10,7,4,3,4,0,0,0,2,2,7,1.25,56250,1,15,0.2,65,10,,5,5,4,Tac,Cmd,3,Uni,Int,3,Eng,,2,Tac,,1,Uni,,,,,7,5,2,Yes,Yes,1,3,Yes,5,4,2,,,,,,,,,,Yes,Battle - Rom,,,Commanded Singularities,on Cmd / Singularity: create singularity that does kinetic damage and pulls.,Bombing Run,Ultra Rare,Tac,43,65,18,+10 TAC per TacShip,TRUE,TRUE,FALSE,,3,,5,4,2,5,4,2,Tac,Battle,Dhailkhina Command Strike Wing Warbird,https://stowiki.net/wiki/Dhailkhina_Command_Strike_Wing_Warbird,Commanded Singularities,https://stowiki.net/wiki/Commanded_Singularities_(starship_trait),Bombing Run,https://stowiki.net/wiki/Console_-_Universal_-_Bombing_Run
,358,Temer Alliance Raider,26 Jan 2021,2021,1,Event,C Store (Mudd),Forged Alliance - C,,X-faction,Alliance,,Raider,Raider,Raider (Not 100% Universal),4,,,3,,3,,,,,13,9,9,0,3,0,0,0,1,1,3,1,45000,1,19,0.2,80,15,,5,,4,Tac,,3,Uni,Cmd,3,Uni,,2,Uni,,1,Uni,,,,,6,5,1,Yes,Yes,,3,Yes,5,4,2,,,,,,,,,,,Enh Battle,33%,,Sniper,on torpedo from over 5km: +CritH. long range torpedos do more damage,Alliance Tactics,Ultra Rare,Tac,39,67,20,+8 TAC per EngShip or SciShip,TRUE,TRUE,FALSE,,3,,5,4,2,5,4,2,Tac,Enhanced,Temer Alliance Raider,https://stowiki.net/wiki/Temer_Alliance_Raider,Sniper,https://stowiki.net/wiki/Sniper_(starship_trait),Alliance Tactics,https://stowiki.net/wiki/Console_-_Universal_-_Alliance_Tactics
,357,M'Chla Bird-of-Prey Refit,26 Jan 2021,2021,1,Event,Event only,,,Klingon,Klingon,M'Chla,Raider,Raider,Raider (100% Universal),,,,4,,,,,,,12,12,12,0,0,0,0,0,,0,,0.95,42750,0.8,20,0.21,85,15,,5,,4,Uni,,3,Uni,,3,Uni,,2,Uni,,,,,,,,6,4,2,Yes,Yes,,2,,4,3,3,,,,,,,,,,,Enh Battle,33%,,Withering Barrage,C:SV gains increased duration,Enhanced Induction Coils,Rare,Tac,33,54,21,+35 TAC when Alone,TRUE,TRUE,FALSE,,2,,4,3,3,4,3,3,Tac,Enhanced,M'Chla Bird-of-Prey Refit,https://stowiki.net/wiki/M%27Chla_Bird-of-Prey_Refit,Withering Barrage,https://stowiki.net/wiki/Withering_Barrage_(starship_trait),Enhanced Induction Coils,https://stowiki.net/wiki/Console_-_Universal_-_Enhanced_Induction_Coils
,356,Fleet Rahhae Recon Warbird,18 Dec 2020,2020,12,Fleet,Fleet,,,Romulan,Romulan,Rahhae,Tactical WB,Destroyer,Escort (warbird),4,2,3,3,3,,,,,,8,5,6,3,0,0,0,0,1,1,3,0.99,44550,1.32,14,0.18,60,10,,,10,4,Tac,,3,Uni,Int,3,Sci,,2,Eng,,1,Tac,,,,,7,4,3,Yes,Yes,,3,Yes,5,2,4,,,,,,,,,,Yes,Battle - Rom,,,,,,Very Rare,Tac,20,58,39,+10 SCI per TacShip,TRUE,TRUE,FALSE,,3,,5,2,4,5,2,4,Tac,Battle,Fleet Rahhae Recon Warbird,https://stowiki.net/wiki/Fleet_Rahhae_Recon_Warbird,,,,
,355,Fleet Jem'Hadar Vanguard Recon Destroyer,18 Dec 2020,2020,12,Fleet,Fleet,,,Dominion,Jem'Hadar,JH Recon,Destroyer,Destroyer,Destroyer,4,2,3,3,3,,,,,,8,5,6,3,0,0,0,0,1,1,3,0.825,37125,1.375,14,0.18,60,10,,,10,4,Tac,,3,Uni,Int,3,Sci,,2,Eng,,1,Tac,,,,,7,4,3,Yes,Yes,,3,Yes,5,2,4,,,,,,,,,,,,,Yes,,,,Very Rare,Tac,20,58,39,+10 SCI per TacShip,TRUE,TRUE,FALSE,,3,,5,2,4,5,2,4,Tac,,Fleet Jem'Hadar Vanguard Recon Destroyer,https://stowiki.net/wiki/Fleet_Jem%27Hadar_Vanguard_Recon_Destroyer,,,,
,354,Rahhae Recon Warbird,18 Dec 2020,2020,12,C Store,C Store,Cross-Faction Recon 4 / Rom-Dom,,Romulan,Romulan,Rahhae,Tactical WB,Destroyer,Escort (warbird),4,2,3,3,3,,,,,,8,5,6,3,0,0,0,0,1,1,3,0.9,40500,1.2,14,0.18,60,10,,,10,4,Tac,,3,Uni,Int,3,Sci,,2,Eng,,1,Tac,,,,,7,4,3,Yes,Yes,,3,,4,2,4,,,,,,,,,,Yes,Battle - Rom,,,Jubilant Cadence,"on kill enemy / heal ally: stacking +Speed, +Turn, on full stacks: -Recharge",Hyper-focusing Trinary Arrays,Rare,Tac,19,52,37,+35 SCI when Alone,TRUE,TRUE,FALSE,,3,,4,2,4,4,2,4,Tac,Battle,Rahhae Recon Warbird,https://stowiki.net/wiki/Rahhae_Recon_Warbird,Jubilant Cadence,https://stowiki.net/wiki/Jubilant_Cadence_(starship_trait),Hyper-focusing Trinary Arrays,https://stowiki.net/wiki/Console_-_Universal_-_Hyper-focusing_Trinary_Arrays
,353,Jem'Hadar Vanguard Recon Destroyer,18 Dec 2020,2020,12,C Store,C Store,Cross-Faction Recon 4 / Rom-Dom,,Dominion,Jem'Hadar,JH Recon,Destroyer,Destroyer,Destroyer,4,2,3,3,3,,,,,,8,5,6,3,0,0,0,0,1,1,3,0.75,33750,1.25,14,0.18,60,10,,,10,4,Tac,,3,Uni,Int,3,Sci,,2,Eng,,1,Tac,,,,,7,4,3,Yes,Yes,,3,,4,2,4,,,,,,,,,,,,,Yes,Jubilant Cadence,"on kill enemy / heal ally: stacking +Speed, +Turn, on full stacks: -Recharge",Hyper-focusing Trinary Arrays,Rare,Tac,19,52,37,+35 SCI when Alone,TRUE,TRUE,FALSE,,3,,4,2,4,4,2,4,Tac,,Jem'Hadar Vanguard Recon Destroyer,https://stowiki.net/wiki/Jem%27Hadar_Vanguard_Recon_Destroyer,Jubilant Cadence,https://stowiki.net/wiki/Jubilant_Cadence_(starship_trait),Hyper-focusing Trinary Arrays,https://stowiki.net/wiki/Console_-_Universal_-_Hyper-focusing_Trinary_Arrays
,351,Fek'Ihri Gok'tad Carrier,8 Dec 2020,2020,12,Event,C Store (Mudd),,,X-faction,Fek'Ihri,Kar'Fi,Science Carrier,Science Carrier,Battle Carrier,3,2,4,3,,3,,,,,6,5,8,0,3,0,0,0,1,1,3,1.265,56925,1.32,8,0.15,25,10,,,10,4,Sci,,3,Uni,,3,Tac,Cmd,2,Eng,,1,Sci,,,,,7,4,3,Yes,,2,3,Yes,4,3,4,,,,,,,Yes,,,,,,,Gre'thor's Fire,"on hangar launch: +fire damage to weapons, scales with enemy missing hull",Fiery Charge,Ultra Rare,Sci,24,40,62,+10 TAC per SciShip,TRUE,TRUE,FALSE,,3,,4,3,4,4,3,4,Sci,,Fek'Ihri Gok'tad Carrier,https://stowiki.net/wiki/Fek%27Ihri_Gok%27tad_Carrier,Gre'thor's Fire,https://stowiki.net/wiki/Gre%27thor%27s_Fire_(starship_trait),Fiery Charge,https://stowiki.net/wiki/Console_-_Universal_-_Fiery_Charge
,352,Deimos Pilot Destroyer,8 Dec 2020,2020,12,Lockbox,C Store (Mudd),Fighter Pilot - A,,Federation,Starfleet,,Destroyer,Destroyer,Destroyer,4,3,2,1,3,,4,,,Pil,8,4,3,3,0,4,0,0,2,2,7,1.15,51750,0.95,17,0.21,70,10,,10,,4,Tac,Pil,3,Tac,Int,3,Eng,,2,Sci,,1,Uni,,,,,7,5,2,Yes,Yes,,3,Yes,5,4,2,,,,,,,,,,,,,,Formation Flying,"on distress call, summon two synth destroyers. phaser lance synced with yours.",Immolating Phaser Lance,Ultra Rare,Tac,41,65,20,+10 TAC per TacShip,TRUE,TRUE,FALSE,,3,,5,4,2,5,4,2,Tac,,Deimos Pilot Destroyer,https://stowiki.net/wiki/Deimos_Pilot_Destroyer,Formation Flying,https://stowiki.net/wiki/Formation_Flying_(starship_trait),Immolating Phaser Lance,https://stowiki.net/wiki/Console_-_Universal_-_Immolating_Phaser_Lance
,350,Fleet Comet Science Destroyer (Tactical Mode),20 Nov 2020,2020,11,Fleet,Fleet,,,Federation,Starfleet,Luna,Science Vessel,Science Destroyer,Science Destroyer,4,2,3,,,3,,,,,5,2,6,0,3,0,0,0,1,1,3,1.21,54450,1.4575,13,0.15,55,15,,,5,4,Tac,,3,Sci,Cmd,3,Sci,,2,Eng,,1,Tac,,,,,7,4,3,Yes,Yes,,3,Yes,4,2,5,,,,,,,,,Yes,,,,,,,,Very Rare,Sci,16,44,57,+10 TAC per SciShip,TRUE,FALSE,FALSE,,3,,4,2,5,4,2,5,Sci,,Fleet Comet Science Destroyer (Tactical Mode),https://stowiki.net/wiki/Fleet_Comet_Science_Destroyer,,,,
,349,Fleet Comet Science Destroyer (Science Mode),20 Nov 2020,2020,11,Fleet,Fleet,,,Federation,Starfleet,Luna,Science Vessel,Science Destroyer,Science Destroyer,3,2,4,,,3,,,,,4,2,7,0,3,0,0,0,1,1,3,1.21,54450,1.4575,13,0.15,55,5,,,15,4,Sci,,3,Tac,,3,Sci,Cmd,2,Eng,,1,Tac,,,,,7,4,3,Yes,,,3,Yes,4,2,5,,,,,,Yes,Yes,Yes,Yes,,,,,,,,Very Rare,Sci,16,44,57,+10 TAC per SciShip,TRUE,FALSE,FALSE,,3,,4,2,5,4,2,5,Sci,,Fleet Comet Science Destroyer (Science Mode),https://stowiki.net/wiki/Fleet_Comet_Science_Destroyer,,,,
,348,Fleet Comet Science Destroyer,20 Nov 2020,2020,11,Fleet,Fleet,,,Federation,Starfleet,Luna,Science Vessel,Science Destroyer,Science Destroyer,4,2,4,,,3,,,,,5,2,7,0,3,0,0,0,1,1,3,1.21,54450,1.4575,13,0.15,55,5,,,15,4,Tac,,4,Sci,,3,Sci,Cmd,2,Eng,,1,Tac,,,,,7,4,3,Yes,Yes,,3,Yes,4,2,5,,,,,,Yes,Yes,Yes,Yes,,,,,,,,Very Rare,Sci,16,44,57,+10 TAC per SciShip,TRUE,TRUE,FALSE,,3,,4,2,5,4,2,5,Sci,,Fleet Comet Science Destroyer,https://stowiki.net/wiki/Fleet_Comet_Science_Destroyer,,,,
,347,Titan Science Destroyer (Tactical Mode),20 Nov 2020,2020,11,C Store,C Store,,,Federation,Starfleet,Luna,Science Vessel,Science Destroyer,Science Destroyer,4,2,3,,,3,,,,,5,2,6,0,3,0,0,0,1,1,3,1.1,49500,1.325,13,0.15,55,15,,,5,4,Tac,,3,Sci,Cmd,3,Sci,,2,Eng,,1,Tac,,,,,7,4,3,Yes,Yes,,3,,4,2,4,,,,,,,,,Yes,,,,,It's Another Enterprise,"on Eng, Tac, Sci Fleet: summon faction flagship",Opening Salvo,Rare,Sci,15,41,52,+10 SCI per TacShip,TRUE,FALSE,FALSE,,3,,4,2,4,4,2,4,Sci,,Titan Science Destroyer (Tactical Mode),https://stowiki.net/wiki/Titan_Science_Destroyer,It's Another Enterprise,https://stowiki.net/wiki/It%27s_Another_Enterprise_(starship_trait),Opening Salvo,https://stowiki.net/wiki/Console_-_Universal_-_Opening_Salvo
,346,Titan Science Destroyer (Science Mode),20 Nov 2020,2020,11,C Store,C Store,,,Federation,Starfleet,Luna,Science Vessel,Science Destroyer,Science Destroyer,3,2,4,,,3,,,,,4,2,7,0,3,0,0,0,1,1,3,1.1,49500,1.325,13,0.15,55,5,,,15,4,Sci,,3,Tac,,3,Sci,Cmd,2,Eng,,1,Tac,,,,,7,4,3,Yes,,,3,,4,2,4,,,,,,Yes,Yes,Yes,Yes,,,,,It's Another Enterprise,"on Eng, Tac, Sci Fleet: summon faction flagship",Opening Salvo,Rare,Sci,15,41,52,+10 SCI per TacShip,TRUE,FALSE,FALSE,,3,,4,2,4,4,2,4,Sci,,Titan Science Destroyer (Science Mode),https://stowiki.net/wiki/Titan_Science_Destroyer,It's Another Enterprise,https://stowiki.net/wiki/It%27s_Another_Enterprise_(starship_trait),Opening Salvo,https://stowiki.net/wiki/Console_-_Universal_-_Opening_Salvo
,345,Titan Science Destroyer,20 Nov 2020,2020,11,C Store,C Store,,,Federation,Starfleet,Luna,Science Vessel,Science Destroyer,Science Destroyer,4,2,4,,,3,,,,,5,2,7,0,3,0,0,0,1,1,3,1.1,49500,1.325,13,0.15,55,5,,,15,4,Tac,,4,Sci,,3,Sci,Cmd,2,Eng,,1,Tac,,,,,7,4,3,Yes,Yes,,3,,4,2,4,,,,,,Yes,Yes,Yes,Yes,,,,,It's Another Enterprise,"on Eng, Tac, Sci Fleet: summon faction flagship",Opening Salvo,Rare,Sci,15,41,52,+10 SCI per TacShip,TRUE,TRUE,FALSE,,3,,4,2,4,4,2,4,Sci,,Titan Science Destroyer,https://stowiki.net/wiki/Titan_Science_Destroyer,It's Another Enterprise,https://stowiki.net/wiki/It%27s_Another_Enterprise_(starship_trait),Opening Salvo,https://stowiki.net/wiki/Console_-_Universal_-_Opening_Salvo
,344,Legendary Walker Light Battlecruiser,12 Nov 2020,2020,11,C Store (Leg),C Store (Leg),Legendary Discovery Captain,,Federation,Starfleet,Walker,Battlecruiser,Battlecruiser,Battlecruiser,3,4,2,2,,4,2,,,Cmd,5,8,4,0,4,2,0,0,2,2,6,1.425,64125,1.1,10,0.16,45,10,,10,,4,Eng,Cmd,3,Tac,,2,Uni,Pil,2,Eng,,2,Sci,,,,,8,5,3,Yes,,,4,Yes,4,4,3,,Yes,Yes,Yes,,,,,,,,,,Time of Need,+incoming healing as hull is lower. on heal: +DRR,,Very Rare,Eng,55,33,29,+35 ENG when Alone,TRUE,TRUE,FALSE,,4,,4,4,3,4,4,3,Eng,,Legendary Walker Light Battlecruiser,https://stowiki.net/wiki/Legendary_Walker_Light_Battlecruiser,Time of Need,https://stowiki.net/wiki/Time_of_Need_(starship_trait),,
,343,Legendary Galaxy Dreadnought Cruiser,21 Oct 2020,2020,10,C Store (Leg),C Store (Leg),Legendary Mirror Universe,,Federation,Starfleet (MU),Galaxy-X,Dreadnought Cruiser,Dreadnought Cruiser,Dreadnought Cruiser,3,4,2,3,4,3,,,,Int,7,8,6,4,3,0,0,0,2,2,7,1.5,67500,1.1,5.5,0.15,25,10,5,5,,4,Eng,Int,3,Uni,Cmd,3,Tac,,2,Sci,,1,Uni,,,,,8,5,3,Yes,,1,4,Yes,4,5,2,,Yes,,,Yes,,,,,,,,,Best Hope of the Empire,"on BO, Lance, Javelin: bonus damage, temporary HP",,Very Rare,Eng,66,34,17,+35 TAC when Alone,TRUE,TRUE,FALSE,,4,,4,5,2,4,5,2,Eng,,Legendary Galaxy Dreadnought Cruiser,https://stowiki.net/wiki/Legendary_Galaxy_Dreadnought_Cruiser,Best Hope of the Empire,https://stowiki.net/wiki/Best_Hope_of_the_Empire_(starship_trait),,
,342,Mirror Constitution Warship,6 Oct 2020,2020,10,Lockbox,C Store (Mudd),Masters of Tactics - A,,Federation,Starfleet (MU),Donnie,Destroyer,Warship,Warship,4,4,,3,3,,,,,,9,8,4,3,0,0,0,0,1,1,3,1.3,58500,0.95,13.5,0.18,50,10,5,5,,4,Tac,,4,Eng,,3,Uni,Int,1,Uni,,1,Tac,,,,,8,5,3,Yes,,,3,Yes,5,4,2,,,,,,,,,,,,,,Terran Goodbye,"on kill: stacking CritH, accuracy",Interphasic Rift Generator,Ultra Rare,Tac,51,57,18,+10 ENG per TacShip,TRUE,TRUE,FALSE,,3,,5,4,2,5,4,2,Tac,,Mirror Constitution Warship,https://stowiki.net/wiki/Mirror_Constitution_Warship,Terran Goodbye,https://stowiki.net/wiki/Terran_Goodbye_(starship_trait),Interphasic Rift Generator,https://stowiki.net/wiki/Console_-_Universal_-_Interphasic_Rift_Generator
,341,Inquiry Battlecruiser,8 Sep 2020,2020,9,Promo,C Store (Mudd),Masters of Picard Engineering - C,,Federation,Starfleet,Avenger,Battlecruiser,Battlecruiser,Battlecruiser,3,4,2,3,3,,,,4,MW,7,8,6,3,0,0,0,4,2,2,7,1.45,65250,1.15,8,0.15,40,15,5,10,,4,Eng,MW,3,Uni,Int,3,Tac,,2,Sci,,1,Uni,,,,,8,5,3,Yes,,,3,Yes,4,5,2,1,Yes,Yes,Yes,,,,,,,,,,"Weapons Hot, Deflectors to Full","on EP2S: secondary shields, haste",Variable Assault Deflector Array,Ultra Rare,Eng,64,44,18,+10 TAC per EngShip,TRUE,TRUE,FALSE,1,3,,4,5,2,4,5,2,Eng,,Inquiry Battlecruiser,https://stowiki.net/wiki/Inquiry_Battlecruiser,"Weapons Hot, Deflectors to Full",https://stowiki.net/wiki/Weapons_Hot%2C_Deflectors_to_Full_(starship_trait),Variable Assault Deflector Array,https://stowiki.net/wiki/Console_-_Universal_-_Variable_Assault_Deflector_Array
,340,Fleet Vo'Quv Carrier,20 Aug 2020,2020,8,Fleet,Fleet,,,Klingon,Klingon,Vo'Quv,Science Carrier,Science Carrier,Science Carrier,3,3,4,3,,3,,,,,6,6,7,0,3,0,0,0,1,1,3,1.595,71775,1.32,5,0.15,20,10,,,10,4,Sci,,3,Uni,Cmd,3,Tac,,3,Eng,,,,,,,,6,3,3,Yes,,2,4,Yes,3,4,4,,,,,,,Yes,,,,Cloak,,,,,,Very Rare,Sci,29,29,60,+8 SCI per ANY Ship (Not Small Craft),TRUE,TRUE,FALSE,,4,,3,4,4,3,4,4,Sci,Basic,Fleet Vo'Quv Carrier,https://stowiki.net/wiki/Fleet_Vo%27Quv_Carrier_(T6),,,,
,339,Fleet Ra'nodaire Support Carrier Warbird,20 Aug 2020,2020,8,Fleet,Fleet,,,Romulan,Romulan,Ra'nodaire,Science Carrier WB,Science Carrier,Science Carrier (warbird),3,3,4,3,,3,,,,,6,6,7,0,3,0,0,0,1,1,3,1.54,69300,1.375,5,0.15,20,,10,,10,4,Sci,,3,Uni,Cmd,3,Tac,,3,Eng,,,,,,,,6,3,3,Yes,,2,4,Yes,3,4,4,,,,,,,Yes,,,Yes,Battle - Rom,,,,,,Very Rare,Sci,29,29,60,+8 SCI per ANY Ship (Not Small Craft),TRUE,TRUE,FALSE,,4,,3,4,4,3,4,4,Sci,Battle,Fleet Ra'nodaire Support Carrier Warbird,https://stowiki.net/wiki/Fleet_Ra%27nodaire_Support_Carrier_Warbird,,,,
,338,Fleet Jem'Hadar Vanguard Support Carrier,20 Aug 2020,2020,8,Fleet,Fleet,,,Dominion,Jem'Hadar,JH Support,Science Carrier,Science Carrier,Science Carrier,3,3,4,3,,3,,,,,6,6,7,0,3,0,0,0,1,1,3,1.375,61875,1.43,5,0.15,20,,10,,10,4,Sci,,3,Uni,Cmd,3,Tac,,3,Eng,,,,,,,,6,3,3,Yes,,2,4,Yes,3,4,4,,,,,,,Yes,,,,,,Yes,,,,Very Rare,Sci,29,29,60,+8 SCI per ANY Ship (Not Small Craft),TRUE,TRUE,FALSE,,4,,3,4,4,3,4,4,Sci,,Fleet Jem'Hadar Vanguard Support Carrier,https://stowiki.net/wiki/Fleet_Jem%27Hadar_Vanguard_Support_Carrier,,,,
,337,Fleet Caitian Atrox Carrier,20 Aug 2020,2020,8,Fleet,Fleet,,,Federation,Caitian,Atrox,Science Carrier,Science Carrier,Science Carrier,3,3,4,3,,3,,,,,6,6,7,0,3,0,0,0,1,1,3,1.54,69300,1.375,5,0.15,20,,10,,10,4,Sci,,3,Uni,Cmd,3,Tac,,3,Eng,,,,,,,,6,3,3,Yes,,2,4,Yes,3,4,4,,,,,,,Yes,,,,,,,,,,Very Rare,Sci,29,29,60,+8 SCI per ANY Ship (Not Small Craft),TRUE,TRUE,FALSE,,4,,3,4,4,3,4,4,Sci,,Fleet Caitian Atrox Carrier,https://stowiki.net/wiki/Fleet_Caitian_Atrox_Carrier_(T6),,,,
,336,Vo'devwl Support Carrier,20 Aug 2020,2020,8,C Store,C Store,Cross-Faction Support Carrier,,Klingon,Klingon,Vo'Quv,Science Carrier,Science Carrier,Science Carrier,3,3,4,3,,3,,,,,6,6,7,0,3,0,0,0,1,1,3,1.45,65250,1.2,5,0.15,20,10,,,10,4,Sci,,3,Uni,Cmd,3,Tac,,3,Eng,,,,,,,,6,3,3,Yes,,2,4,,3,3,4,,,,,,,Yes,,,,Cloak,,,Relaunch and Repair,"on pet launch: -recharge on captain abilities, hull regen to self and pets",High-Energy Communications Network,Rare,Sci,26,26,55,-25% Maintenance per SciShip,TRUE,TRUE,FALSE,,4,,3,3,4,3,3,4,Sci,Basic,Vo'devwl Support Carrier,https://stowiki.net/wiki/Vo%27DevwI_Support_Carrier,Relaunch and Repair,https://stowiki.net/wiki/Relaunch_and_Repair_(starship_trait),High-Energy Communications Network,https://stowiki.net/wiki/Console_-_Universal_-_High-Energy_Communications_Network
,335,Ra'nodaire Support Carrier Warbird,20 Aug 2020,2020,8,C Store,C Store,Cross-Faction Support Carrier,,Romulan,Romulan,Ra'nodaire,Science Carrier WB,Science Carrier,Science Carrier (warbird),3,3,4,3,,3,,,,,6,6,7,0,3,0,0,0,1,1,3,1.4,63000,1.25,5,0.15,20,,10,,10,4,Sci,,3,Uni,Cmd,3,Tac,,3,Eng,,,,,,,,6,3,3,Yes,,2,4,,3,3,4,,,,,,,Yes,,,Yes,Battle - Rom,,,Relaunch and Repair,"on pet launch: -recharge on captain abilities, hull regen to self and pets",High-Energy Communications Network,Rare,Sci,26,26,55,-25% Maintenance per SciShip,TRUE,TRUE,FALSE,,4,,3,3,4,3,3,4,Sci,Battle,Ra'nodaire Support Carrier Warbird,https://stowiki.net/wiki/Ra%27nodaire_Support_Carrier_Warbird,Relaunch and Repair,https://stowiki.net/wiki/Relaunch_and_Repair_(starship_trait),High-Energy Communications Network,https://stowiki.net/wiki/Console_-_Universal_-_High-Energy_Communications_Network
,334,Jem'Hadar Vanguard Support Carrier,20 Aug 2020,2020,8,C Store,C Store,Cross-Faction Support Carrier,,Dominion,Jem'Hadar,JH Support,Science Carrier,Science Carrier,Science Carrier,3,3,4,3,,3,,,,,6,6,7,0,3,0,0,0,1,1,3,1.25,56250,1.3,5,0.15,20,,10,,10,4,Sci,,3,Uni,Cmd,3,Tac,,3,Eng,,,,,,,,6,3,3,Yes,,2,4,,3,3,4,,,,,,,Yes,,,,,,Yes,Relaunch and Repair,"on pet launch: -recharge on captain abilities, hull regen to self and pets",High-Energy Communications Network,Rare,Sci,26,26,55,-25% Maintenance per SciShip,TRUE,TRUE,FALSE,,4,,3,3,4,3,3,4,Sci,,Jem'Hadar Vanguard Support Carrier,https://stowiki.net/wiki/Jem%27Hadar_Vanguard_Support_Carrier,Relaunch and Repair,https://stowiki.net/wiki/Relaunch_and_Repair_(starship_trait),High-Energy Communications Network,https://stowiki.net/wiki/Console_-_Universal_-_High-Energy_Communications_Network
,333,Caitian Aspero Support Carrier,20 Aug 2020,2020,8,C Store,C Store,Cross-Faction Support Carrier,,Federation,Caitian,Atrox,Science Carrier,Science Carrier,Science Carrier,3,3,4,3,,3,,,,,6,6,7,0,3,0,0,0,1,1,3,1.4,63000,1.25,5,0.15,20,,10,,10,4,Sci,,3,Uni,Cmd,3,Tac,,3,Eng,,,,,,,,6,3,3,Yes,,2,4,,3,3,4,,,,,,,Yes,,,,,,,Relaunch and Repair,"on pet launch: -recharge on captain abilities, hull regen to self and pets",High-Energy Communications Network,Rare,Sci,26,26,55,-25% Maintenance per SciShip,TRUE,TRUE,FALSE,,4,,3,3,4,3,3,4,Sci,,Caitian Aspero Support Carrier,https://stowiki.net/wiki/Caitian_Aspero_Support_Carrier,Relaunch and Repair,https://stowiki.net/wiki/Relaunch_and_Repair_(starship_trait),High-Energy Communications Network,https://stowiki.net/wiki/Console_-_Universal_-_High-Energy_Communications_Network
,332,Risian Weather Control Vessel,4 Aug 2020,2020,8,Event,C Store (Mudd),,,X-faction,Risian,,Science Vessel,Science Vessel,Science Vessel,2,2,4,3,,,3,,,,5,5,9,0,0,3,0,0,1,1,3,0.95,42750,1.45,17,0.185,70,,,5,15,4,Sci,,3,Uni,Pil,2,Tac,,2,Eng,,2,Sci,,,,,6,3,3,Yes,,,3,Yes,3,3,5,,,,,,Yes,Yes,Yes,,,,,,Electrified Anomalies,"boff anomalies gain electrical damage, and +power to allies",Neutronic Eddy Generator,Ultra Rare,Sci,31,30,67,+10 SCI per SciShip,TRUE,TRUE,FALSE,,3,,3,3,5,3,3,5,Sci,,Risian Weather Control Vessel,https://stowiki.net/wiki/Risian_Weather_Control_Vessel,Electrified Anomalies,https://stowiki.net/wiki/Electrified_Anomalies_(starship_trait),Neutronic Eddy Generator,https://stowiki.net/wiki/Console_-_Universal_-_Neutronic_Eddy_Generator
,331,Ba'ul Sentry Vessel,30 Jun 2020,2020,6,Lockbox,C Store (Mudd),Disco Inferno - C,,X-faction,Ba'ul,,Science Vessel,Science Spearhead,Science Spearhead,3,2,4,3,4,2,,,,Int,7,5,7,4,2,0,0,0,2,2,6,1.35,60750,1.45,7,0.17,50,5,,,15,4,Sci,Int,3,Uni,,3,Tac,,2,Eng,Cmd,1,Tac,,,,,7,4,3,Yes,,,3,Yes,4,2,5,,,,,,Yes,Yes,Yes,,,,,,Intruder Discouragement,"on enter combat: +crit chance. on crit: +DRR, +hull regen (stacking)",Sentry Mode,Ultra Rare,Sci,20,46,60,-25% Maintenance per TacShip,TRUE,TRUE,FALSE,,3,,4,2,5,4,2,5,Sci,,Ba'ul Sentry Vessel,https://stowiki.net/wiki/Ba%27ul_Sentry_Vessel,Intruder Discouragement,https://stowiki.net/wiki/Intruder_Discouragement_(starship_trait),Sentry Mode,https://stowiki.net/wiki/Console_-_Universal_-_Sentry_Mode
,330,Legendary T'liss Light Intel Warbird,18 Jun 2020,2020,6,C Store (Leg),C Store (Leg),Legendary Romulan Captain,,Romulan,Romulan,T'liss,Tactical WB,Escort,Escort (warbird),4,2,3,3,4,3,,,,Int,8,6,7,4,3,0,0,0,2,2,7,1.2,54000,0.9,18,0.21,65,15,,5,,4,Tac,Int,3,Uni,Cmd,3,Sci,,2,Eng,,1,Uni,,,,,7,5,2,Yes,Yes,,2,Yes,4,3,4,,,,,,,,,,Yes,Enh Battle,,,Assault Formation Theta,"on APO / decloak: +turn rate, +critD",,Very Rare,Tac,29,51,37,+35 TAC when Alone,TRUE,TRUE,FALSE,,2,,4,3,4,4,3,4,Tac,Enhanced,Legendary T'liss Light Intel Warbird,https://stowiki.net/wiki/Legendary_T%27liss_Light_Intel_Warbird,Assault Formation Theta,https://stowiki.net/wiki/Assault_Formation_Theta_(starship_trait),,
,328,Undine Kiwavi Bio-Cruiser,4 Jun 2020,2020,6,Lobi,C Store (Mudd),Lost in the Delta Q - C,,X-faction,Undine,,Cruiser,Cruiser,Cruiser,3,4,3,3,,4,3,,,Cmd,6,7,6,0,4,3,0,0,2,2,7,1.4,63000,1.1,11,0.18,40,5,5,5,5,4,Eng,Cmd,3,Uni,Pil,3,Tac,,3,Sci,,,,,,,,8,4,4,Yes,,,4,Yes,3,5,3,,Yes,Yes,Yes,Yes,,,,,,,,,Bio-link,"on A2D / Cmd: stacking +hull regen, +DRR to team",Enhanced Fluidic Conduit Projector,Ultra Rare,Eng,68,29,29,+15 ENG per TacShip,TRUE,TRUE,FALSE,,4,,3,5,3,3,5,3,Eng,,Undine Kiwavi Bio-Cruiser,https://stowiki.net/wiki/Undine_Kiwavi_Bio-Cruiser,Bio-link,https://stowiki.net/wiki/Bio-Link_(starship_trait),Enhanced Fluidic Conduit Projector,https://stowiki.net/wiki/Console_-_Universal_-_Enhanced_Fluidic_Conduit_Projector
,329,Undine Cheirax Bio-Warship,4 Jun 2020,2020,6,Lockbox,C Store (Mudd),Fighter Pilot - D,,X-faction,Undine,,Destroyer,Warship,Warship,4,3,3,3,3,,4,,,Pil,7,6,6,3,0,4,0,0,2,2,7,1.15,51750,1,14,0.2,55,15,,5,,4,Tac,Pil,3,Uni,Int,3,Eng,,3,Sci,,,,,,,,8,4,4,Yes,,,3,Yes,5,2,4,,,,,,,,,,,,,,Omega Bond,"on APO / Pilot: +damage, +defense to team",Enhanced Fluidic Energy Focusing Array,Ultra Rare,Tac,27,60,39,+15 TAC per EngShip,TRUE,TRUE,FALSE,,3,,5,2,4,5,2,4,Tac,,Undine Cheirax Bio-Warship,https://stowiki.net/wiki/Undine_Cheirax_Bio-Warship,Omega Bond,https://stowiki.net/wiki/Omega_Bond_(starship_trait),Enhanced Fluidic Energy Focusing Array,https://stowiki.net/wiki/Console_-_Universal_-_Enhanced_Fluidic_Energy_Focusing_Array
,327,La Sirena Heavy Raider,7 May 2020,2020,5,Promo,C Store (Mudd),Fighter Pilot - B,,X-faction,Civilian,,Raider,Raider,Raider (Not 100% Universal),4,,,4,3,,4,,,Pil,13,9,9,3,0,4,0,0,2,2,7,1,45000,1.05,17,0.23,70,15,,5,,4,Uni,,4,Tac,Pil,3,Uni,Int,2,Uni,,,,,,,,6,5,1,Yes,Yes,,3,Yes,5,2,4,,,,,,,,,,,,40%,,Maintained To Regulation,"on captain ability: remove 1 debuff, reduce all boff recharge times",Fundamental Field Replicator,Ultra Rare,Tac,35,54,37,Ignores +/- TAC from Events,TRUE,TRUE,FALSE,,3,,5,2,4,5,2,4,Tac,,La Sirena Heavy Raider,https://stowiki.net/wiki/La_Sirena_Heavy_Raider,Maintained To Regulation,https://stowiki.net/wiki/Maintained_To_Regulation_(starship_trait),Fundamental Field Replicator,https://stowiki.net/wiki/Console_-_Universal_-_Fundamental_Field_Replicator
,326,Ferengi Quark Marauder,2 Apr 2020,2020,4,Lockbox,C Store (Mudd),Outta this Wormhole - B,,X-faction,Ferengi,Marauder,Battlecruiser,Battlecruiser,Battlecruiser,3,4,3,1,,,,,4,MW,4,7,4,0,0,0,0,7,1,2,7,1.3,58500,1.2,9,0.15,55,10,10,5,5,4,Eng,MW,3,Tac,,3,Sci,MW,2,Eng,,1,Uni,,,,,8,5,3,Yes,,,4,Yes,3,4,4,1,Yes,Yes,Yes,,,,,,,,,,Energy Monopoly,Aceton Beam / Overwhelm Regulators gain power drain,Battle Module 4000,Ultra Rare,Eng,58,34,34,+35 ENG when Alone,TRUE,TRUE,FALSE,1,4,,3,4,4,3,4,4,Eng,,Ferengi Quark Marauder,https://stowiki.net/wiki/Ferengi_Quark_Marauder,Energy Monopoly,https://stowiki.net/wiki/Energy_Monopoly_(starship_trait),Battle Module 4000,https://stowiki.net/wiki/Console_-_Universal_-_Battle_Module_4000
,325,Section 31 Command Heavy Battlecruiser,5 Mar 2020,2020,3,Promo,C Store (Mudd),In Command - A,,Federation,Starfleet (S31),,Battlecruiser,Battlecruiser,Battlecruiser,3,4,,3,2,4,,,,Cmd,8,10,5,2,4,0,0,0,2,2,6,1.4,63000,1.2,8.5,0.125,35,15,,5,,4,Eng,Cmd,3,Uni,,3,Tac,,2,Uni,Int,1,Eng,,,,,8,5,3,Yes,,,4,Yes,4,5,2,,Yes,Yes,Yes,,,,,,,Cloak - Dark,,,Secret Mission,random enemies are marked and have -DRR. on killing marked enemy: spawn drones,Forged Turncoat,Ultra Rare,Eng,58,41,27,+35 ENG when Alone,TRUE,TRUE,FALSE,,4,,4,5,2,4,5,2,Eng,Basic,Section 31 Command Heavy Battlecruiser,https://stowiki.net/wiki/Section_31_Command_Heavy_Battlecruiser,Secret Mission,https://stowiki.net/wiki/Secret_Mission_(starship_trait),Forged Turncoat,https://stowiki.net/wiki/Console_-_Universal_-_Forged_Turncoat
,322,Legendary Ross Command Exploration Cruiser,13 Feb 2020,2020,2,C Store (Leg),C Store (Leg),Legendary 10th,,Federation,Starfleet,Galaxy,Cruiser,Cruiser,Cruiser,3,4,2,1,,4,,,,Cmd,4,8,3,0,6,0,0,0,1,2,6,1.55,69750,1.05,6,0.15,25,5,5,5,5,4,Eng,Cmd,3,Tac,,3,Eng,,2,Sci,Cmd,1,Uni,,,,,8,4,4,,,,4,Yes,3,5,3,,Yes,Yes,Yes,Yes,,,,,,,,,Make it So,"on captain ability: +healing, +damage for each rank of boff ability affecting self",,Very Rare,Eng,65,30,22,+8 ENG and TAC per SciShip,TRUE,TRUE,FALSE,,4,,3,5,3,3,5,3,Eng,,Legendary Ross Command Exploration Cruiser,https://stowiki.net/wiki/Legendary_Ross_Command_Exploration_Cruiser,Make it So,https://stowiki.net/wiki/Make_it_So_(starship_trait),,
,324,Legendary Verity Command Dreadnought Cruiser,13 Feb 2020,2020,2,C Store (Leg),C Store (Leg),Legendary 10th,,Federation,Starfleet,Odyssey,Dreadnought Cruiser,Dreadnought Cruiser,Dreadnought Cruiser,3,4,3,2,,4,,,,Cmd,6,7,6,0,4,0,0,0,1,1,4,1.4,63000,1.25,6,0.14,30,5,5,5,5,4,Eng,Cmd,3,Tac,,3,Sci,,2,Uni,,1,Uni,,,,,8,4,4,Yes,,1,4,Yes,4,4,3,,Yes,,,Yes,,,,,,,,,Continuing Mission,"during Command ability or Sci/Tac/Eng Fleet, +hull, +hull regen to team",,Very Rare,Eng,50,35,32,+8 TAC and SCI per EngShip,TRUE,TRUE,FALSE,,4,,4,4,3,4,4,3,Eng,,Legendary Verity Command Dreadnought Cruiser,https://stowiki.net/wiki/Legendary_Verity_Command_Dreadnought_Cruiser,Continuing Mission,https://stowiki.net/wiki/Continuing_Mission_(starship_trait),,
,317,Legendary Constitution Temporal Flight Deck Carrier,13 Feb 2020,2020,2,C Store (Leg),C Store (Leg),Legendary 10th,,Federation,Starfleet (23c),Donnie,Flight Deck Carrier,Flight Deck Carrier,Flight Deck Carrier,2,4,3,3,,,,4,,Tmp,5,8,6,0,0,0,7,0,1,2,7,1.4,63000,1.3,7,0.16,35,5,5,,10,4,Eng,Tmp,3,Uni,Tmp,3,Sci,,2,Tac,,1,Eng,,,,,8,5,3,Yes,,2,4,Yes,3,4,4,,,Yes,,Yes,,,,,,,,,Weaponized Time Crystals,on firing mode: weapons apply stacking antiproton damage over time,,Very Rare,Eng,49,33,35,+10 ENG per SciShip,TRUE,TRUE,FALSE,,4,,3,4,4,3,4,4,Eng,,Legendary Constitution Temporal Flight Deck Carrier,https://stowiki.net/wiki/Legendary_Constitution_Temporal_Flight_Deck_Carrier,Weaponized Time Crystals,https://stowiki.net/wiki/Weaponized_Time_Crystals_(starship_trait),,
,323,Legendary Sovereign MW Assault Cruiser,13 Feb 2020,2020,2,C Store (Leg),C Store (Leg),Legendary 10th,,Federation,Starfleet,Sovereign,Cruiser,Cruiser,Cruiser,3,4,,2,,,2,,4,MW,7,8,2,0,0,2,0,4,2,2,6,1.5,67500,1.05,8,0.15,40,15,,15,,4,Eng,MW,3,Tac,,2,Uni,,2,Tac,,2,Eng,Pil,,,,8,4,4,,,,4,Yes,4,5,2,1,Yes,Yes,Yes,Yes,,,,,,,,,Transcranial Sensor Link,defeated enemies drop debris which grants shield pen until mapchange,,Very Rare,Eng,67,37,13,+8 ENG and TAC per TacShip,TRUE,TRUE,FALSE,1,4,,4,5,2,4,5,2,Eng,,Legendary Sovereign MW Assault Cruiser,https://stowiki.net/wiki/Legendary_Sovereign_Miracle_Worker_Assault_Cruiser,Transcranial Sensor Link,https://stowiki.net/wiki/Transcranial_Sensor_Link_(starship_trait),,
,319,Legendary Glenn Temporal Operative Science Vessel,13 Feb 2020,2020,2,C Store (Leg),C Store (Leg),Legendary 10th,,Federation,Starfleet,Crossfield,Science Vessel,Science Vessel,Science Vessel,3,2,4,1,,3,,4,,Tmp,4,3,8,0,3,0,4,0,2,2,7,1.05,47250,1.45,11,0.17,40,5,,,15,4,Sci,Tmp,3,Tac,,3,Sci,Cmd,2,Eng,,1,Uni,,,,,6,4,2,,,,3,Yes,4,2,5,,,,,,Yes,Yes,Yes,,,,,,Temporal Anchor,"GW applies radiation damage, and chance per tick to increase cooldowns",,Very Rare,Sci,18,36,63,+10 SCI per TacShip,TRUE,TRUE,FALSE,,3,,4,2,5,4,2,5,Sci,,Legendary Glenn Temporal Operative Science Vessel,https://stowiki.net/wiki/Legendary_Glenn_Temporal_Operative_Science_Vessel,Temporal Anchor,https://stowiki.net/wiki/Temporal_Anchor_(starship_trait),,
,316,Legendary Constitution MW Light Cruiser,13 Feb 2020,2020,2,C Store (Leg),C Store (Leg),Legendary 10th,,Federation,Starfleet (23c),Connie,Cruiser,Cruiser,Cruiser,2,4,2,3,,,,,4,MW,5,9,5,0,0,0,0,6,1,2,6,1.375,61875,1.175,10,0.15,40,10,10,10,,4,Eng,MW,3,Uni,,2,Tac,,2,Eng,MW,2,Sci,,,,,8,4,4,,,,4,Yes,4,4,3,1,Yes,Yes,Yes,Yes,,,,,,,,,The Best Diplomat,"on B:O / B:FAW: beams gain damage based on engine, shield, and aux power",,Very Rare,Eng,52,38,27,+10 ENG and TAC per EngShip,TRUE,TRUE,FALSE,1,4,,4,4,3,4,4,3,Eng,,Legendary Constitution MW Light Cruiser,https://stowiki.net/wiki/Legendary_Constitution_Miracle_Worker_Light_Cruiser,The Best Diplomat,https://stowiki.net/wiki/The_Best_Diplomat_(starship_trait),,
,321,Legendary Kelvin Constitution Intel Battlecruiser,13 Feb 2020,2020,2,C Store (Leg),C Store (Leg),Legendary 10th,,Federation,Starfleet (23c K),Konnie,Battlecruiser,Battlecruiser,Battlecruiser,3,4,2,3,4,,,,,Int,7,8,6,7,0,0,0,0,1,2,7,1.35,60750,1,10.5,0.17,55,15,,5,,4,Eng,Int,3,Uni,Int,3,Tac,,2,Sci,,1,Uni,,,,,8,5,3,Yes,,,3,Yes,4,5,2,,Yes,Yes,Yes,,,,,,,,,,Heard I Needed Help,on Hull Heal / Intel when below half health: summon ally,,Very Rare,Eng,52,41,24,+10 ENG per TacShip,TRUE,TRUE,FALSE,,3,,4,5,2,4,5,2,Eng,,Legendary Kelvin Constitution Intel Battlecruiser,https://stowiki.net/wiki/Legendary_Kelvin_Constitution_Intel_Battlecruiser,Heard I Needed Help,https://stowiki.net/wiki/Heard_I_Needed_Help_(starship_trait),,
,320,Legendary Intrepid MW Multi-Mission Science Vessel,13 Feb 2020,2020,2,C Store (Leg),C Store (Leg),Legendary 10th,,Federation,Starfleet,Intrepid,Science Vessel,Multi-mission Science Vessel,Multi-mission Science Vessel,2,3,4,2,,,3,,4,MW,4,5,8,0,0,3,0,4,2,2,7,1.25,56250,1.25,11,0.2,60,5,5,5,15,4,Sci,MW,3,Eng,Pil,2,Uni,,2,Tac,,2,Sci,,,,,6,3,3,Yes,,1,3,Yes,2,4,5,1,,,,,Yes,Yes,Yes,,,,,,Extensively Modified Warp Core,"on Full Impulse and Quantum Slipstream: +speed, +turn. lingers after Full Impulse",,Very Rare,Sci,35,20,62,+10 ENG per SciShip,TRUE,TRUE,FALSE,1,3,,2,4,5,2,4,5,Sci,,Legendary Intrepid MW Multi-Mission Science Vessel,https://stowiki.net/wiki/Legendary_Intrepid_Miracle_Worker_Multi-Mission_Science_Vessel,Extensively Modified Warp Core,https://stowiki.net/wiki/Extensively_Modified_Warp_Core_(starship_trait),,
,315,Legendary Columbia Temporal Operative Escort,13 Feb 2020,2020,2,C Store (Leg),C Store (Leg),Legendary 10th,,Federation,Starfleet (23c),NX,Escort,Escort,Escort,4,2,3,1,,,,4,,Tmp,8,3,4,0,0,0,7,0,1,2,7,1.2,54000,1.075,14,0.2,60,15,,,5,4,Tac,Tmp,3,Tac,,3,Sci,Tmp,2,Eng,,1,Uni,,,,,7,5,2,Yes,Yes,,3,Yes,5,2,4,,,,,,,,,,,,,,Field-Modified Overload Support,on Hull Heal: recharge B:O and EP2W (does not bypass minimum cooldowns),,Very Rare,Tac,18,61,37,+10 TAC per SciShip,TRUE,TRUE,FALSE,,3,,5,2,4,5,2,4,Tac,,Legendary Columbia Temporal Operative Escort,https://stowiki.net/wiki/Legendary_Columbia_Temporal_Operative_Escort,Field-Modified Overload Support,https://stowiki.net/wiki/Field-Modified_Overload_Support_(starship_trait),,
,318,Legendary Defiant Pilot Warship,13 Feb 2020,2020,2,C Store (Leg),C Store (Leg),Legendary 10th,,Federation,Starfleet,Defiant,Destroyer,Warship,Warship,4,3,2,2,,,4,,,Pil,8,5,4,0,0,6,0,0,1,2,6,1.25,56250,0.95,15.5,0.19,65,15,,5,,4,Tac,Pil,3,Eng,,2,Uni,Pil,2,Tac,,2,Sci,,,,,8,5,3,Yes,,,3,Yes,5,4,2,,,,,,,,,,,,,,Over-Powered and Over-Gunned,on B:FAW / B:O / C:RF / C:SV: weapon haste. duration scales with crit chance,,Very Rare,Tac,37,61,19,+10 TAC per EngShip,TRUE,TRUE,FALSE,,3,,5,4,2,5,4,2,Tac,,Legendary Defiant Pilot Warship,https://stowiki.net/wiki/Legendary_Defiant_Pilot_Warship,Over-Powered and Over-Gunned,https://stowiki.net/wiki/Over-Powered_and_Over-Gunned_(starship_trait),,
,313,Khitomer Alliance Battlecruiser,28 Jan 2020,2020,1,Event,C Store (Mudd),Forged Alliance - A,,X-faction,Alliance,,Battlecruiser,Battlecruiser,Battlecruiser,3,4,3,2,,3,,,,,6,7,6,0,3,0,0,0,1,1,3,1.25,56250,1.3,7.5,0.16,40,10,10,,,4,Eng,,3,Tac,,3,Sci,Cmd,2,Uni,,1,Uni,,,,,8,5,3,Yes,,,3,Yes,4,4,3,,Yes,Yes,Yes,,,,,,,Cloak,,,Automated Shield Alignment,"bonus damage per missing shields, on kill: restore shields",Aligned Antiproton Shielding,Ultra Rare,Eng,52,46,28,+10 ENG per TacShip,TRUE,TRUE,FALSE,,3,,4,4,3,4,4,3,Eng,Basic,Khitomer Alliance Battlecruiser,https://stowiki.net/wiki/Khitomer_Alliance_Battlecruiser,Automated Shield Alignment,https://stowiki.net/wiki/Automated_Shield_Alignment_(starship_trait),Aligned Antiproton Shielding,https://stowiki.net/wiki/Console_-_Universal_-_Aligned_Antiproton_Shielding
,314,Liberated Borg Command Juggernaut,28 Jan 2020,2020,1,Lockbox,C Store (Mudd),As Seen On TNG - A,,X-faction,Lib Borg,,Juggernaut,Juggernaut,Juggernaut,4,3,,3,,4,,,2,Cmd,10,7,4,0,4,0,0,2,2,2,6,1.35,60750,1.45,5,0.15,60,10,10,,,4,Tac,Cmd,3,Uni,,3,Eng,,2,Tac,MW,1,Uni,,,,,8,5,3,Yes,,,3,Yes,5,4,2,,,,,,,,,,,,,,Enhanced Nanite Regeneration,on captain ability / boff heal: +hull regen,Disruptive Topological Matrix,Ultra Rare,Tac,43,66,17,+20 ENG and TAC when Alone,TRUE,TRUE,FALSE,,3,,5,4,2,5,4,2,Tac,,Liberated Borg Command Juggernaut,https://stowiki.net/wiki/Liberated_Borg_Command_Juggernaut,Enhanced Nanite Regeneration,https://stowiki.net/wiki/Enhanced_Nanite_Regeneration_(starship_trait),Disruptive Topological Matrix,https://stowiki.net/wiki/Console_-_Universal_-_Disruptive_Topological_Matrix
,311,Fek'Ihri Fe'rang Dreadnought Carrier,3 Dec 2019,2019,12,Event,C Store (Mudd),,,X-faction,Fek'Ihri,,Tactical Carrier,Dreadnought Carrier,Dreadnought Carrier (Tac),4,3,3,2,,,,,3,,7,5,5,0,0,0,0,3,1,1,3,1.4,63000,1.05,5,0.14,30,10,5,,5,4,Tac,,3,Eng,,3,Sci,MW,2,Uni,,1,Tac,,,,,7,4,3,Yes,,2,3,Yes,5,4,2,,,,,,,Yes,,,,,,,Fiery Entrance,on Narrow Sensor Bands / launching pets: PBAoE fire damage with chance to confuse,Open the Maw of Grethor,Ultra Rare,Tac,40,62,24,+10 TAC per EngShip,TRUE,TRUE,FALSE,,3,,5,4,2,5,4,2,Tac,,Fek'Ihri Fe'rang Dreadnought Carrier,https://stowiki.net/wiki/Fek%27Ihri_Fe%27rang_Dreadnought_Carrier,Fiery Entrance,https://stowiki.net/wiki/Fiery_Entrance_(starship_trait),Open the Maw of Grethor,https://stowiki.net/wiki/Console_-_Universal_-_Open_the_Maw_of_Grethor
,312,Vulcan Experimental Scout Vessel,3 Dec 2019,2019,12,Promo,C Store (Mudd),Into Darkness - A,,X-faction,Vulcan,,Scout Ship,Scout Ship,Scout Ship,,,4,3,,,4,,2,Pil,9,9,13,0,0,4,0,2,2,2,6,0.8,36000,1.35,20,0.23,80,10,5,,5,4,Sci,Pil,3,Uni,,3,Uni,,2,Uni,MW,1,Uni,,,,,6,4,2,Yes,,,2,Yes,3,3,5,,,,,,Yes,Yes,Yes,,,,33%,,Slippery Target,"on Pilot / Aux2Damp: gain DRR, placate enemies who crit you",Eject Red Matter,Ultra Rare,Sci,28,36,62,2.5x Critical Rating from SCI,TRUE,TRUE,FALSE,,2,,3,3,5,3,3,5,Sci,,Vulcan Experimental Scout Vessel,https://stowiki.net/wiki/Vulcan_Experimental_Scout_Vessel,Slippery Target,https://stowiki.net/wiki/Slippery_Target_(starship_trait),Eject Red Matter,https://stowiki.net/wiki/Console_-_Universal_-_Eject_Red_Matter
,310,Fleet Sech Strike Wing Escort,12 Nov 2019,2019,11,Fleet,Fleet,,,Klingon,Klingon (23c),Sech,Escort,Strike Wing Escort,Strike Wing Escort,4,2,3,3,,3,,,,,8,5,6,0,3,0,0,0,1,1,3,1.155,51975,1.045,14,0.19,70,10,,5,5,4,Tac,,3,Uni,Cmd,3,Sci,,2,Eng,,1,Tac,,,,,7,5,2,Yes,Yes,1,2,Yes,4,3,4,,,,,,,,,,,Battle,,,,,,Very Rare,Tac,30,50,37,+8 TAC per TacShip or SciShip,TRUE,TRUE,FALSE,,2,,4,3,4,4,3,4,Tac,Battle,Fleet Sech Strike Wing Escort,https://stowiki.net/wiki/Fleet_Sech_Strike_Wing_Escort,,,,
,309,Fleet Engle Strike Wing Escort,12 Nov 2019,2019,11,Fleet,Fleet,,,Federation,Starfleet (23c),Engle,Escort,Strike Wing Escort,Strike Wing Escort,4,2,3,3,,3,,,,,8,5,6,0,3,0,0,0,1,1,3,1.155,51975,1.045,14,0.19,70,10,,5,5,4,Tac,,3,Uni,Cmd,3,Sci,,2,Eng,,1,Tac,,,,,7,5,2,Yes,Yes,1,2,Yes,4,3,4,,,,,,,,,,,,,,,,,Very Rare,Tac,30,50,37,+8 TAC per TacShip or SciShip,TRUE,TRUE,FALSE,,2,,4,3,4,4,3,4,Tac,,Fleet Engle Strike Wing Escort,https://stowiki.net/wiki/Fleet_Engle_Strike_Wing_Escort,,,,
,308,Sech Strike Wing Escort,12 Nov 2019,2019,11,C Store,C Store,Cross-Faction Strike Wing Escort,,Klingon,Klingon (23c),Sech,Escort,Strike Wing Escort,Strike Wing Escort,4,2,3,3,,3,,,,,8,5,6,0,3,0,0,0,1,1,3,1.05,47250,0.95,14,0.19,70,10,,5,5,4,Tac,,3,Uni,Cmd,3,Sci,,2,Eng,,1,Tac,,,,,7,5,2,Yes,Yes,1,2,,4,3,3,,,,,,,,,,,Battle,,,Target That Explosion,on Cmd / Torpedo firing mode: torpedo launch will trigger torpedose from allies,Cascading Gravimetric Disruptions,Rare,Tac,26,50,32,+10 TAC per SciShip,TRUE,TRUE,FALSE,,2,,4,3,3,4,3,3,Tac,Battle,Sech Strike Wing Escort,https://stowiki.net/wiki/Sech_Strike_Wing_Escort,Target That Explosion,https://stowiki.net/wiki/Target_That_Explosion_(starship_trait),Cascading Gravimetric Disruptions,https://stowiki.net/wiki/Console_-_Universal_-_Cascading_Gravimetric_Disruptions
,307,Earhart Strike Wing Escort,12 Nov 2019,2019,11,C Store,C Store,Cross-Faction Strike Wing Escort,,Federation,Starfleet,Engle,Escort,Strike Wing Escort,Strike Wing Escort,4,2,3,3,,3,,,,,8,5,6,0,3,0,0,0,1,1,3,1.05,47250,0.95,14,0.19,70,10,,5,5,4,Tac,,3,Uni,Cmd,3,Sci,,2,Eng,,1,Tac,,,,,7,5,2,Yes,Yes,1,2,,4,3,3,,,,,,,,,,,,,,Target That Explosion,on Cmd / Torpedo firing mode: torpedo launch will trigger torpedose from allies,Cascading Gravimetric Disruptions,Rare,Tac,26,50,32,+10 TAC per SciShip,TRUE,TRUE,FALSE,,2,,4,3,3,4,3,3,Tac,,Earhart Strike Wing Escort,https://stowiki.net/wiki/Earhart_Strike_Wing_Escort,Target That Explosion,https://stowiki.net/wiki/Target_That_Explosion_(starship_trait),Cascading Gravimetric Disruptions,https://stowiki.net/wiki/Console_-_Universal_-_Cascading_Gravimetric_Disruptions
,306,Jem'Hadar Vanguard Heavy Destroyer,24 Oct 2019,2019,10,Veteran,Veteran,,,Dominion,Jem'Hadar,JH Lifetime,Destroyer,Destroyer,Destroyer,4,3,2,3,,3,,,,,8,7,6,0,3,0,0,0,1,1,3,1.1,49500,0.95,14,0.22,80,15,,,,4,Tac,,3,Uni,,3,Eng,Cmd,2,Sci,,1,Uni,,,,,7,4,3,Yes,Yes,,3,,5,3,2,,,,,,,,,,,,,Yes,Weapon System Synergy,"on activating energy weapon: grant stack.. at 10: +projectile damage, shield pen",Enhanced Dynamic Tactical System,Rare,Tac,35,57,16,-25% Maintenance per SciShip,TRUE,TRUE,FALSE,,3,,5,3,2,5,3,2,Tac,,Jem'Hadar Vanguard Heavy Destroyer,https://stowiki.net/wiki/Jem%27Hadar_Vanguard_Heavy_Destroyer,Weapon System Synergy,https://stowiki.net/wiki/Weapon_System_Synergy_(starship_trait),Enhanced Dynamic Tactical System,https://stowiki.net/wiki/Console_-_Universal_-_Enhanced_Dynamic_Tactical_System
,305,Fleet Jem'Hadar Vanguard Heavy Destroyer,24 Oct 2019,2019,10,Veteran,Veteran,,,Dominion,Jem'Hadar,JH Lifetime,Destroyer,Destroyer,Destroyer,4,3,2,3,,3,,,,,8,7,6,0,3,0,0,0,1,1,3,1.2,54000,1.04,14,0.22,80,15,,,,4,Tac,,3,Uni,,3,Eng,Cmd,2,Sci,,1,Uni,,,,,7,4,3,Yes,Yes,,3,Yes,5,4,2,,,,,,,,,,,,,Yes,,,,Very Rare,Tac,37,62,18,+8 SCI per ANY Ship (Not Small Craft),TRUE,TRUE,FALSE,,3,,5,4,2,5,4,2,Tac,,Fleet Jem'Hadar Vanguard Heavy Destroyer,https://stowiki.net/wiki/Fleet_Jem%27Hadar_Vanguard_Heavy_Destroyer,,,,
,304,Freedom Exploration Frigate,10 Oct 2019,2019,10,Promo,C Store (Mudd),Awesome Mix - A,,Federation,Starfleet (22c),,Frigate,Frigate,Frigate,,4,,3,,,3,,3,,9,13,9,0,0,3,0,3,2,2,6,1.3,58500,0.95,14,0.2,50,15,,5,,4,Eng,,3,Uni,Pil,3,Uni,MW,2,Uni,,1,Uni,,,,,8,5,3,Yes,,,3,Yes,5,4,2,,Yes,,Yes,,,,,,,,33%,,Smooth Landing,Evasive Maneuvers and Brace For Impact apply each other,VHF Disruptive Transmission,Ultra Rare,Eng,52,46,28,Ignores +/- ENG from Events,TRUE,TRUE,FALSE,,3,,5,4,2,5,4,2,Eng,,Freedom Exploration Frigate,https://stowiki.net/wiki/Freedom_Exploration_Frigate,Smooth Landing,https://stowiki.net/wiki/Smooth_Landing_(starship_trait),VHF Disruptive Transmission,https://stowiki.net/wiki/Console_-_Universal_-_VHF_Disruptive_Transmission
,303,Fleet Hernandez Intel Science Vessel,24 Sep 2019,2019,9,Fleet,Fleet,,,Federation,Starfleet (23c),Somerville,Science Vessel,Science Vessel,Science Vessel,3,3,4,2,4,,,,,Int,5,5,7,6,0,0,0,0,1,2,6,0.935,42075,1.4025,16,0.18,65,5,,,15,4,Sci,Int,3,Tac,,3,Eng,,2,Uni,Int,1,Sci,,,,,6,3,3,,,,3,Yes,3,3,5,,,,,,Yes,Yes,Yes,,,Cloak,,,,,,Very Rare,Sci,29,29,59,+35 SCI when Alone,TRUE,TRUE,FALSE,,3,,3,3,5,3,3,5,Sci,Basic,Fleet Hernandez Intel Science Vessel,https://stowiki.net/wiki/Fleet_Hernandez_Intel_Science_Vessel,,,,
,302,Fleet Batlh Intel Science Vessel,24 Sep 2019,2019,9,Fleet,Fleet,,,Klingon,Klingon (23c),Batlh,Science Vessel,Science Vessel,Science Vessel,3,3,4,2,4,,,,,Int,5,5,7,6,0,0,0,0,1,2,6,0.935,42075,1.4025,16,0.18,65,5,,,15,4,Sci,Int,3,Tac,,3,Eng,,2,Uni,Int,1,Sci,,,,,6,3,3,,,,3,Yes,3,3,5,,,,,,Yes,Yes,Yes,,,Battle,,,,,,Very Rare,Sci,29,29,59,+35 SCI when Alone,TRUE,TRUE,FALSE,,3,,3,3,5,3,3,5,Sci,Battle,Fleet Batlh Intel Science Vessel,https://stowiki.net/wiki/Fleet_Batlh_Intel_Science_Vessel,,,,
,301,Somerville Intel Science Vessel,24 Sep 2019,2019,9,C Store,C Store,Cross-Faction Intel Science,,Federation,Starfleet,Somerville,Science Vessel,Science Vessel,Science Vessel,3,3,4,2,4,,,,,Int,5,5,7,6,0,0,0,0,1,2,6,0.85,38250,1.275,16,0.18,65,5,,,15,4,Sci,Int,3,Tac,,3,Eng,,2,Uni,Int,1,Sci,,,,,6,3,3,,,,3,,3,3,4,,,,,,Yes,Yes,Yes,,,Cloak,,,Spore-infused Anomalies,on Sci / Intel: damage and drain to enemies near anomalies,Mycelial Spore Burst,Rare,Sci,28,28,52,+10 SCI per SciShip,TRUE,TRUE,FALSE,,3,,3,3,4,3,3,4,Sci,Basic,Somerville Intel Science Vessel,https://stowiki.net/wiki/Somerville_Intel_Science_Vessel,Spore-infused Anomalies,https://stowiki.net/wiki/Spore-infused_Anomalies_(starship_trait),Mycelial Spore Burst,https://stowiki.net/wiki/Console_-_Universal_-_Mycelial_Spore_Burst
,300,Batlh Intel Science Vessel,24 Sep 2019,2019,9,C Store,C Store,Cross-Faction Intel Science,,Klingon,Klingon (23c),Batlh,Science Vessel,Science Vessel,Science Vessel,3,3,4,2,4,,,,,Int,5,5,7,6,0,0,0,0,1,2,6,0.85,38250,1.275,16,0.18,65,5,,,15,4,Sci,Int,3,Tac,,3,Eng,,2,Uni,Int,1,Sci,,,,,6,3,3,,,,3,,3,3,4,,,,,,Yes,Yes,Yes,,,Battle,,,Spore-infused Anomalies,on Sci / Intel: damage and drain to enemies near anomalies,Mycelial Spore Burst,Rare,Sci,28,28,52,+10 SCI per SciShip,TRUE,TRUE,FALSE,,3,,3,3,4,3,3,4,Sci,Battle,Batlh Intel Science Vessel,https://stowiki.net/wiki/Batlh_Intel_Science_Vessel,Spore-infused Anomalies,https://stowiki.net/wiki/Spore-infused_Anomalies_(starship_trait),Mycelial Spore Burst,https://stowiki.net/wiki/Console_-_Universal_-_Mycelial_Spore_Burst
,299,Kelvin Einstein Heavy Destroyer,10 Sep 2019,2019,9,Lockbox,C Store (Mudd),Into Darkness - C,,Federation,Starfleet (23c K),,Destroyer,Destroyer,Destroyer,3,3,2,4,,3,3,,,,8,8,7,0,3,3,0,0,2,2,6,1.25,56250,1.1,13,0.16,50,10,5,5,,4,Uni,,3,Tac,Cmd,3,Eng,Pil,2,Sci,,1,Uni,,,,,7,5,2,Yes,Yes,,3,Yes,5,4,2,,,,,,,,,,,,,,Into The Fray,for each shield facing damaged: +CritH. when all four: +CritD,Advanced Engagement System,Ultra Rare,Tac,44,59,23,+20 ENG and TAC when Alone,TRUE,TRUE,FALSE,,3,,5,4,2,5,4,2,Tac,,Kelvin Einstein Heavy Destroyer,https://stowiki.net/wiki/Kelvin_Einstein_Heavy_Destroyer,Into The Fray,https://stowiki.net/wiki/Into_The_Fray_(starship_trait),Advanced Engagement System,https://stowiki.net/wiki/Console_-_Universal_-_Advanced_Engagement_System
,298,Kelvin D7 Heavy Destroyer,10 Sep 2019,2019,9,Lockbox,C Store (Mudd),Into Darkness - C,,Klingon,Klingon (23c K),,Destroyer,Destroyer,Destroyer,3,3,2,4,,3,3,,,,8,8,7,0,3,3,0,0,2,2,6,1.25,56250,1.1,13,0.16,50,10,5,5,,4,Uni,,3,Tac,Cmd,3,Eng,Pil,2,Sci,,1,Uni,,,,,7,5,2,Yes,Yes,,3,Yes,5,4,2,,,,,,,,,,,Battle,,,Into The Fray,for each shield facing damaged: +CritH. when all four: +CritD,Advanced Engagement System,Ultra Rare,Tac,44,59,23,+20 ENG and TAC when Alone,TRUE,TRUE,FALSE,,3,,5,4,2,5,4,2,Tac,Battle,Kelvin D7 Heavy Destroyer,https://stowiki.net/wiki/Kelvin_D7_Heavy_Destroyer,Into The Fray,https://stowiki.net/wiki/Into_The_Fray_(starship_trait),Advanced Engagement System,https://stowiki.net/wiki/Console_-_Universal_-_Advanced_Engagement_System
,297,Elachi Qulash Frigate,10 Sep 2019,2019,9,Event,C Store (Mudd),,,X-faction,Elachi,,Frigate,Frigate,Frigate,,4,,3,3,,,,,,9,13,9,3,0,0,0,0,1,1,3,1,45000,1,15,0.17,70,10,,10,,4,Eng,,3,Uni,Int,3,Uni,,2,Uni,,1,Uni,,,,,8,5,3,Yes,,,3,Yes,4,5,2,,Yes,,Yes,,,,,,,,33%,,Invasive Maneuvers,"Evasive Maneuvers disables enemy boffs, and you phase in and out",Elachi Rift Jump,Ultra Rare,Eng,60,45,21,+20 ENG and TAC when Alone,TRUE,TRUE,FALSE,,3,,4,5,2,4,5,2,Eng,,Elachi Qulash Frigate,https://stowiki.net/wiki/Elachi_Qulash_Frigate,Invasive Maneuvers,https://stowiki.net/wiki/Invasive_Maneuvers_(starship_trait),Elachi Rift Jump,https://stowiki.net/wiki/Console_-_Universal_-_Elachi_Rift_Jump
,296,Voth Rampart Command Flight Deck Carrier,8 Aug 2019,2019,8,Lockbox,C Store (Mudd),In Command - D,,X-faction,Voth,Bastion,Flight Deck Carrier,Flight Deck Carrier,Flight Deck Carrier,3,4,3,2,,4,,,2,Cmd,6,7,6,0,4,0,0,2,2,2,6,1.47,66150,1.2,6,0.15,20,5,5,5,5,4,Eng,Cmd,3,Tac,,3,Sci,,2,Uni,MW,1,Uni,,,,,8,4,4,Yes,,2,4,Yes,3,5,3,,,Yes,,Yes,,,,,,,,,Voth Carrier Synergies,"on Tac: +damage, pets in Aceton Mode. on Eng: +hull healing, pets get immunity",Enhanced Reflective Shield Amplifier,Ultra Rare,Eng,63,33,30,-10% Maintenance per TacShip or SciShip,TRUE,TRUE,FALSE,,4,,3,5,3,3,5,3,Eng,,Voth Rampart Command Flight Deck Carrier,https://stowiki.net/wiki/Voth_Rampart_Command_Flight_Deck_Carrier,Voth Carrier Synergies,https://stowiki.net/wiki/Voth_Carrier_Synergies_(starship_trait),Enhanced Reflective Shield Amplifier,https://stowiki.net/wiki/Console_-_Universal_-_Enhanced_Reflective_Shield_Amplifier
,295,Voth Bastille Temporal Science Vessel,8 Aug 2019,2019,8,Lobi,C Store (Mudd),Masters of Science - B,,X-faction,Voth,Palisade,Science Vessel,Science Vessel,Science Vessel,1,3,4,3,,2,,4,,Tmp,6,8,9,0,2,0,4,0,2,2,6,1.1,49500,1.45,11,0.15,40,,5,,15,4,Sci,Tmp,3,Uni,,3,Eng,,2,Uni,Cmd,1,Tac,,,,,6,3,3,,,,3,Yes,3,3,5,,,,,,Yes,Yes,Yes,,,,,,Rapid Response Shielding,"on de-cloak / EP2S: +shield, drain, and EPG",Enhanced Aceton Field Generator,Ultra Rare,Sci,32,31,63,-25% Maintenance per SciShip,TRUE,TRUE,FALSE,,3,,3,3,5,3,3,5,Sci,,Voth Bastille Temporal Science Vessel,https://stowiki.net/wiki/Voth_Bastille_Temporal_Science_Vessel,Rapid Response Shielding,https://stowiki.net/wiki/Rapid_Response_Shielding_(starship_trait),Enhanced Aceton Field Generator,https://stowiki.net/wiki/Console_-_Universal_-_Enhanced_Aceton_Field_Generator
,294,Fleet Kholhr Temporal Warbird,18 Jul 2019,2019,7,Fleet,Fleet,,,Romulan,Romulan,Kholhr,Tactical WB,Warship,Warship (warbird),4,2,3,2,,,,4,,Tmp,8,4,5,0,0,0,6,0,1,2,6,0.99,44550,1.265,14,0.2,55,10,,5,5,4,Tac,Tmp,3,Sci,,2,Uni,,2,Tac,Tmp,2,Eng,,,,,8,5,3,Yes,,,3,Yes,5,2,4,,,,,,,,,,Yes,Battle - Rom,,,,,,Very Rare,Tac,21,59,37,+10 SCI per TacShip,TRUE,TRUE,FALSE,,3,,5,2,4,5,2,4,Tac,Battle,Fleet Kholhr Temporal Warbird,https://stowiki.net/wiki/Fleet_Kholhr_Temporal_Warbird,,,,
,293,Fleet Jem'Hadar Vanguard Temporal Warship,18 Jul 2019,2019,7,Fleet,Fleet,,,Dominion,Jem'Hadar,JH Temporal,Destroyer,Warship,Warship,4,2,3,2,,,,4,,Tmp,8,4,5,0,0,0,6,0,1,2,6,0.825,37125,1.32,14,0.2,55,10,,5,5,4,Tac,Tmp,3,Sci,,2,Uni,,2,Tac,Tmp,2,Eng,,,,,8,5,3,Yes,,,3,Yes,5,2,4,,,,,,,,,,,,,Yes,,,,Very Rare,Tac,21,59,37,+10 SCI per TacShip,TRUE,TRUE,FALSE,,3,,5,2,4,5,2,4,Tac,,Fleet Jem'Hadar Vanguard Temporal Warship,https://stowiki.net/wiki/Fleet_Jem%27Hadar_Vanguard_Temporal_Warship,,,,
,292,Fleet Hoover Temporal Warship,18 Jul 2019,2019,7,Fleet,Fleet,,,Federation,Starfleet (23c),Hoover,Destroyer,Warship,Warship,4,2,3,2,,,,4,,Tmp,8,4,5,0,0,0,6,0,1,2,6,0.99,44550,1.265,14,0.2,55,10,,5,5,4,Tac,Tmp,3,Sci,,2,Uni,,2,Tac,Tmp,2,Eng,,,,,8,5,3,Yes,,,3,Yes,5,2,4,,,,,,,,,,,,,,,,,Very Rare,Tac,21,59,37,+10 SCI per TacShip,TRUE,TRUE,FALSE,,3,,5,2,4,5,2,4,Tac,,Fleet Hoover Temporal Warship,https://stowiki.net/wiki/Fleet_Hoover_Temporal_Warship,,,,
,291,Fleet Chargh Temporal Warship,18 Jul 2019,2019,7,Fleet,Fleet,,,Klingon,Klingon (23c),Chargh,Destroyer,Warship,Warship,4,2,3,2,,,,4,,Tmp,8,4,5,0,0,0,6,0,1,2,6,1.045,47025,1.21,14,0.2,55,10,,5,5,4,Tac,Tmp,3,Sci,,2,Uni,,2,Tac,Tmp,2,Eng,,,,,8,5,3,Yes,,,3,Yes,5,2,4,,,,,,,,,,,Battle,,,,,,Very Rare,Tac,21,59,37,+10 SCI per TacShip,TRUE,TRUE,FALSE,,3,,5,2,4,5,2,4,Tac,Battle,Fleet Chargh Temporal Warship,https://stowiki.net/wiki/Fleet_Chargh_Temporal_Warship,,,,
,290,Kholhr Temporal Warbird,18 Jul 2019,2019,7,C Store,C Store,Cross-Faction Temporal Warship,,Romulan,Romulan,Kholhr,Tactical WB,Warship,Warship (warbird),4,2,3,2,,,,4,,Tmp,8,4,5,0,0,0,6,0,1,2,6,0.9,40500,1.15,14,0.2,55,10,,5,5,4,Tac,Tmp,3,Sci,,2,Uni,,2,Tac,Tmp,2,Eng,,,,,8,5,3,Yes,,,3,,5,2,3,,,,,,,,,,Yes,Battle - Rom,,,Heart of Sol (et. al),"on APB / Temp: Haste, +(Pha / Dis / Pla / Pol) damage (depends on captain faction)",Entangled Quantum Bombardment,Rare,Tac,20,58,30,+10 TAC per SciShip,TRUE,TRUE,FALSE,,3,,5,2,3,5,2,3,Tac,Battle,Kholhr Temporal Warbird,https://stowiki.net/wiki/Kholhr_Temporal_Warbird,Heart of Sol (et. al),https://stowiki.net/wiki/Heart_of_Sol_(starship_trait),Entangled Quantum Bombardment,https://stowiki.net/wiki/Console_-_Universal_-_Entangled_Quantum_Bombardment
,289,Jem'Hadar Vanguard Temporal Warship,18 Jul 2019,2019,7,C Store,C Store,Cross-Faction Temporal Warship,,Dominion,Jem'Hadar,JH Temporal,Destroyer,Warship,Warship,4,2,3,2,,,,4,,Tmp,8,4,5,0,0,0,6,0,1,2,6,0.75,33750,1.2,14,0.2,55,10,,5,5,4,Tac,Tmp,3,Sci,,2,Uni,,2,Tac,Tmp,2,Eng,,,,,8,5,3,Yes,,,3,,5,2,3,,,,,,,,,,,,,Yes,Heart of Sol (et. al),"on APB / Temp: Haste, +(Pha / Dis / Pla / Pol) damage (depends on captain faction)",Entangled Quantum Bombardment,Rare,Tac,20,58,30,+10 TAC per SciShip,TRUE,TRUE,FALSE,,3,,5,2,3,5,2,3,Tac,,Jem'Hadar Vanguard Temporal Warship,https://stowiki.net/wiki/Jem%27Hadar_Vanguard_Temporal_Warship,Heart of Sol (et. al),https://stowiki.net/wiki/Heart_of_Sol_(starship_trait),Entangled Quantum Bombardment,https://stowiki.net/wiki/Console_-_Universal_-_Entangled_Quantum_Bombardment
,288,Edison Temporal Warship,18 Jul 2019,2019,7,C Store,C Store,Cross-Faction Temporal Warship,,Federation,Starfleet,Hoover,Destroyer,Warship,Warship,4,2,3,2,,,,4,,Tmp,8,4,5,0,0,0,6,0,1,2,6,0.9,40500,1.15,14,0.2,55,10,,5,5,4,Tac,Tmp,3,Sci,,2,Uni,,2,Tac,Tmp,2,Eng,,,,,8,5,3,Yes,,,3,,5,2,3,,,,,,,,,,,,,,Heart of Sol (et. al),"on APB / Temp: Haste, +(Pha / Dis / Pla / Pol) damage (depends on captain faction)",Entangled Quantum Bombardment,Rare,Tac,20,58,30,+10 TAC per SciShip,TRUE,TRUE,FALSE,,3,,5,2,3,5,2,3,Tac,,Edison Temporal Warship,https://stowiki.net/wiki/Edison_Temporal_Warship,Heart of Sol (et. al),https://stowiki.net/wiki/Heart_of_Sol_(starship_trait),Entangled Quantum Bombardment,https://stowiki.net/wiki/Console_-_Universal_-_Entangled_Quantum_Bombardment
,287,Chargh Temporal Warship,18 Jul 2019,2019,7,C Store,C Store,Cross-Faction Temporal Warship,,Klingon,Klingon (23c),Chargh,Destroyer,Warship,Warship,4,2,3,2,,,,4,,Tmp,8,4,5,0,0,0,6,0,1,2,6,0.95,42750,1.1,14,0.2,55,10,,5,5,4,Tac,Tmp,3,Sci,,2,Uni,,2,Tac,Tmp,2,Eng,,,,,8,5,3,Yes,,,3,,5,2,3,,,,,,,,,,,Battle,,,Heart of Sol (et. al),"on APB / Temp: Haste, +(Pha / Dis / Pla / Pol) damage (depends on captain faction)",Entangled Quantum Bombardment,Rare,Tac,20,58,30,+10 TAC per SciShip,TRUE,TRUE,FALSE,,3,,5,2,3,5,2,3,Tac,Battle,Chargh Temporal Warship,https://stowiki.net/wiki/Chargh_Temporal_Warship,Heart of Sol (et. al),https://stowiki.net/wiki/Heart_of_Sol_(starship_trait),Entangled Quantum Bombardment,https://stowiki.net/wiki/Console_-_Universal_-_Entangled_Quantum_Bombardment
,286,Risian Pilot corvette,2 Jul 2019,2019,7,Fleet,Fleet,,,X-faction,Risian,Corvette,Escort,Escort,Escort,4,3,1,3,,,4,,,Pil,9,6,4,0,0,6,0,0,1,2,6,0.99,44550,0.99,21,0.27,90,5,,15,,4,Tac,Pil,3,Uni,,3,Eng,,2,Tac,Pil,1,Sci,,,,,7,4,3,Yes,Yes,,2,Yes,4,4,3,,,,,,,,,,,,,,,,,Ultra Rare,Tac,39,59,28,+15 TAC per SciShip,TRUE,TRUE,FALSE,,2,,4,4,3,4,4,3,Tac,,Risian Pilot corvette,https://stowiki.net/wiki/Risian_Pilot_corvette_(T6),,,,
,285,Risian corvette,2 Jul 2019,2019,7,Event,C Store (Mudd),,,X-faction,Risian,Corvette,Escort,Escort,Escort,4,3,1,3,,,3,,,,9,6,4,0,0,3,0,0,1,1,3,0.9,40500,0.9,21,0.27,90,5,,15,,4,Tac,,3,Uni,Pil,3,Eng,,2,Tac,,1,Sci,,,,,7,4,3,Yes,Yes,,2,Yes,4,4,3,,,,,,,,,,,,,,Rhythmic Rumble,"on A2D / Pilot: -weapon cost, +DRR buff that scales with flight speed",Subspace Wake Generator,Ultra Rare,Tac,42,56,28,+10 TAC per TacShip,TRUE,TRUE,FALSE,,2,,4,4,3,4,4,3,Tac,,Risian corvette,https://stowiki.net/wiki/Risian_corvette_(T6),Rhythmic Rumble,https://stowiki.net/wiki/Rhythmic_Rumble_(starship_trait),Subspace Wake Generator,https://stowiki.net/wiki/Console_-_Universal_-_Subspace_Wake_Generator
,284,D7 MW Flight Deck Carrier,20 Jun 2019,2019,6,Promo,C Store (Mudd),Disco Inferno - A,,Klingon,Klingon (23c),,Flight Deck Carrier,Flight Deck Carrier,Flight Deck Carrier,3,4,1,3,,2,,,4,MW,8,9,6,0,2,0,0,4,2,2,6,1.4,63000,1.25,9,0.18,40,10,5,5,10,4,Eng,MW,3,Uni,,3,Tac,,2,Uni,Cmd,1,Sci,,,,,8,5,3,Yes,,2,4,Yes,3,5,3,1,,Yes,,Yes,,,,,,Battle,,,The Ruin Of Our Enemies,on kill: +bonus damage. on 5th kill: -recharge times,Render Visible,Ultra Rare,Eng,63,35,28,Ignores +/- ENG from Events,TRUE,TRUE,FALSE,1,4,,3,5,3,3,5,3,Eng,Battle,D7 MW Flight Deck Carrier,https://stowiki.net/wiki/D7_Miracle_Worker_Flight_Deck_Carrier,The Ruin Of Our Enemies,https://stowiki.net/wiki/The_Ruin_Of_Our_Enemies_(starship_trait),Render Visible,https://stowiki.net/wiki/Console_-_Universal_-_Render_Visible
,283,Constitution MW Flight Deck Carrier,20 Jun 2019,2019,6,Promo,C Store (Mudd),Disco Inferno - A,,Federation,Starfleet (23c),Donnie,Flight Deck Carrier,Flight Deck Carrier,Flight Deck Carrier,3,4,1,3,,2,,,4,MW,8,9,6,0,2,0,0,4,2,2,6,1.4,63000,1.25,9,0.18,40,10,5,5,10,4,Eng,MW,3,Uni,,3,Tac,,2,Uni,Cmd,1,Sci,,,,,8,5,3,Yes,,2,4,Yes,3,5,3,1,,Yes,,Yes,,,,,,,,,Polarized Lattice-optimized Tritanium Armor,"on taking damage: hull heal, +DRR, remove hazards, immune to T:TW",Reinforcing Squadrons,Ultra Rare,Eng,63,35,28,Ignores +/- ENG from Events,TRUE,TRUE,FALSE,1,4,,3,5,3,3,5,3,Eng,,Constitution MW Flight Deck Carrier,https://stowiki.net/wiki/Constitution_Miracle_Worker_Flight_Deck_Carrier,Polarized Lattice-optimized Tritanium Armor,https://stowiki.net/wiki/Polarized_Lattice-optimized_Tritanium_Armor_(starship_trait),Reinforcing Squadrons,https://stowiki.net/wiki/Console_-_Universal_-_Reinforcing_Squadrons
,282,Section 31 Intel Science Destroyer (Tactical Mode),14 May 2019,2019,5,Lockbox,C Store (Mudd),Secret Intel - C,,Federation,Starfleet (S31),,Science Vessel,Science Destroyer,Science Destroyer,4,2,3,3,4,,,,,Int,7,5,7,7,0,0,0,0,1,2,7,1,45000,1.35,15,0.2,60,15,,,5,4,Tac,Int,3,Uni,,3,Sci,Int,2,Eng,,1,Sci,,,,,7,4,3,Yes,Yes,,3,Yes,4,2,5,,,,,,,,,Yes,,Battle - Dark,,,Exitus Acta Probat,"on Jam Sensors / Intel: +stealth, bonus weapon damage, controlX",Enhanced Tractor Drones,Ultra Rare,Sci,18,52,56,+10 SCI per TacShip,TRUE,FALSE,FALSE,,3,,4,2,5,4,2,5,Sci,Battle,Section 31 Intel Science Destroyer (Tactical Mode),https://stowiki.net/wiki/Section_31_Intel_Science_Destroyer,Exitus Acta Probat,https://stowiki.net/wiki/Exitus_Acta_Probat_(starship_trait),Enhanced Tractor Drones,https://stowiki.net/wiki/Console_-_Universal_-_Enhanced_Tractor_Drones
,281,Section 31 Intel Science Destroyer (Science Mode),14 May 2019,2019,5,Lockbox,C Store (Mudd),Secret Intel - C,,Federation,Starfleet (S31),,Science Vessel,Science Destroyer,Science Destroyer,3,2,4,3,4,,,,,Int,6,5,8,7,0,0,0,0,1,2,7,1,45000,1.35,15,0.2,60,5,,,15,4,Sci,Int,3,Uni,,3,Tac,Int,2,Eng,,1,Sci,,,,,7,4,3,Yes,,,3,Yes,4,2,5,,,,,,Yes,Yes,Yes,Yes,,Battle - Dark,,,Exitus Acta Probat,"on Jam Sensors / Intel: +stealth, bonus weapon damage, controlX",Enhanced Tractor Drones,Ultra Rare,Sci,18,52,56,+10 SCI per TacShip,TRUE,FALSE,FALSE,,3,,4,2,5,4,2,5,Sci,Battle,Section 31 Intel Science Destroyer (Science Mode),https://stowiki.net/wiki/Section_31_Intel_Science_Destroyer,Exitus Acta Probat,https://stowiki.net/wiki/Exitus_Acta_Probat_(starship_trait),Enhanced Tractor Drones,https://stowiki.net/wiki/Console_-_Universal_-_Enhanced_Tractor_Drones
,279,Na'Qjej Intel Battlecruiser,14 May 2019,2019,5,Lockbox,C Store (Mudd),Secret Intel - B,,Klingon,Klingon (23c),,Battlecruiser,Battlecruiser,Battlecruiser,3,4,2,2,4,,,,,Int,6,7,4,6,0,0,0,0,1,2,6,1.55,69750,1,10,0.14,40,15,,5,,4,Eng,Int,3,Tac,,2,Uni,,2,Sci,Int,1,Tac,,1,Eng,,8,5,3,Yes,,,4,Yes,4,5,2,,Yes,Yes,Yes,,,,,,,Battle,,,Ceaseless Momentum,"on firing torpedo: stacking kinetic damage and kinetic resist, - torpedo recharge",Glorious Charge,Ultra Rare,Eng,59,48,19,+10 TAC per EngShip,TRUE,TRUE,FALSE,,4,,4,5,2,4,5,2,Eng,Battle,Na'Qjej Intel Battlecruiser,https://stowiki.net/wiki/Na%27Qjej_Intel_Battlecruiser,Ceaseless Momentum,https://stowiki.net/wiki/Ceaseless_Momentum_(starship_trait),Glorious Charge,https://stowiki.net/wiki/Console_-_Universal_-_Glorious_Charge
,280,Section 31 Intel Science Destroyer,14 May 2019,2019,5,Lockbox,C Store (Mudd),Secret Intel - C,,Federation,Starfleet (S31),,Science Vessel,Science Destroyer,Science Destroyer,4,2,4,3,4,,,,,Int,7,5,8,8,0,0,0,0,1,2,8,1,45000,1.35,15,0.2,60,5,,,15,4,Tac,Int,4,Sci,Int,3,Uni,,2,Eng,,1,Sci,,,,,7,4,3,Yes,Yes,,3,Yes,4,2,5,,,,,,Yes,Yes,Yes,Yes,,Battle - Dark,,,Exitus Acta Probat,"on Jam Sensors / Intel: +stealth, bonus weapon damage, controlX",Enhanced Tractor Drones,Ultra Rare,Sci,18,52,56,+10 SCI per TacShip,TRUE,TRUE,FALSE,,3,,4,2,5,4,2,5,Sci,Battle,Section 31 Intel Science Destroyer,https://stowiki.net/wiki/Section_31_Intel_Science_Destroyer,Exitus Acta Probat,https://stowiki.net/wiki/Exitus_Acta_Probat_(starship_trait),Enhanced Tractor Drones,https://stowiki.net/wiki/Console_-_Universal_-_Enhanced_Tractor_Drones
,278,Fleet Qoj Command Dreadnought Cruiser,25 Apr 2019,2019,4,Fleet,Fleet,,,Klingon,Klingon (23c),Qoj,Dreadnought Cruiser,Dreadnought Cruiser,Dreadnought Cruiser,2,4,3,2,,4,,,,Cmd,6,6,5,0,6,0,0,0,1,2,6,1.54,69300,1.32,6,0.15,25,5,10,,5,4,Eng,Cmd,3,Sci,,2,Uni,,2,Tac,Cmd,2,Tac,,,,,8,4,4,Yes,,1,4,Yes,3,5,3,,Yes,,,Yes,,,,,,Battle,,,,,,Very Rare,Eng,51,34,32,+8 ENG per TacShip or SciShip,TRUE,TRUE,FALSE,,4,,3,5,3,3,5,3,Eng,Battle,Fleet Qoj Command Dreadnought Cruiser,https://stowiki.net/wiki/Fleet_Qoj_Command_Dreadnought_Cruiser,,,,
,277,Fleet Cardenas Command Dreadnought Cruiser,25 Apr 2019,2019,4,Fleet,Fleet,,,Federation,Starfleet (23c),Cardenas,Dreadnought Cruiser,Dreadnought Cruiser,Dreadnought Cruiser,2,4,3,2,,4,,,,Cmd,6,6,5,0,6,0,0,0,1,2,6,1.54,69300,1.32,6,0.15,25,5,10,,5,4,Eng,Cmd,3,Sci,,2,Uni,,2,Tac,Cmd,2,Tac,,,,,8,4,4,Yes,,1,4,Yes,3,5,3,,Yes,,,Yes,,,,,,,,,,,,Very Rare,Eng,51,34,32,+8 ENG per TacShip or SciShip,TRUE,TRUE,FALSE,,4,,3,5,3,3,5,3,Eng,,Fleet Cardenas Command Dreadnought Cruiser,https://stowiki.net/wiki/Fleet_Cardenas_Command_Dreadnought_Cruiser,,,,
,276,Qoj Command Dreadnought Cruiser,25 Apr 2019,2019,4,C Store,C Store,Cross-Faction Cmd Dread Cruiser,,Klingon,Klingon (23c),Qoj,Dreadnought Cruiser,Dreadnought Cruiser,Dreadnought Cruiser,2,4,3,2,,4,,,,Cmd,6,6,5,0,6,0,0,0,1,2,6,1.4,63000,1.2,6,0.15,25,5,10,,5,4,Eng,Cmd,3,Sci,,2,Uni,,2,Tac,Cmd,2,Tac,,,,,8,4,4,Yes,,1,4,,3,4,3,,Yes,,,Yes,,,,,,Battle,,,Unified Engineering,"on A2S / Command: buff team +hull, +ability recharge, +speed, +turn, +hull regen",Ion Storm Generator,Rare,Eng,50,29,29,-25% Maintenance per EngShip,TRUE,TRUE,FALSE,,4,,3,4,3,3,4,3,Eng,Battle,Qoj Command Dreadnought Cruiser,https://stowiki.net/wiki/Qoj_Command_Dreadnought_Cruiser,Unified Engineering,https://stowiki.net/wiki/Unified_Engineering_(starship_trait),Ion Storm Generator,https://stowiki.net/wiki/Console_-_Universal_-_Ion_Storm_Generator
,275,Buran Command Dreadnought Cruiser,25 Apr 2019,2019,4,C Store,C Store,Cross-Faction Cmd Dread Cruiser,,Federation,Starfleet,Cardenas,Dreadnought Cruiser,Dreadnought Cruiser,Dreadnought Cruiser,2,4,3,2,,4,,,,Cmd,6,6,5,0,6,0,0,0,1,2,6,1.4,63000,1.2,6,0.15,25,5,10,,5,4,Eng,Cmd,3,Sci,,2,Uni,,2,Tac,Cmd,2,Tac,,,,,8,4,4,Yes,,1,4,,3,4,3,,Yes,,,Yes,,,,,,,,,Unified Engineering,"on A2S / Command: buff team +hull, +ability recharge, +speed, +turn, +hull regen",Ion Storm Generator,Rare,Eng,50,29,29,-25% Maintenance per EngShip,TRUE,TRUE,FALSE,,4,,3,4,3,3,4,3,Eng,,Buran Command Dreadnought Cruiser,https://stowiki.net/wiki/Buran_Command_Dreadnought_Cruiser,Unified Engineering,https://stowiki.net/wiki/Unified_Engineering_(starship_trait),Ion Storm Generator,https://stowiki.net/wiki/Console_-_Universal_-_Ion_Storm_Generator
,274,Tholian Jorogumo Carrier,11 Apr 2019,2019,4,Lockbox,C Store (Mudd),Carried Away - C,,X-faction,Tholian,,Science Carrier,Science Carrier,Science Carrier,2,3,3,4,,,,,4,MW,7,8,8,0,0,0,0,4,1,1,4,1.45,65250,1.375,5.5,0.18,30,5,5,10,10,4,Uni,MW,3,Eng,,3,Sci,,2,Tac,,1,Uni,,,,,6,3,3,Yes,,2,4,Yes,3,4,4,1,,,,,,Yes,,,,,,,Precision Multi-targeting,on target subsystems: gain B:FAW and accuracy,Enhanced Tholian Tetryon Grid,Ultra Rare,Eng,48,35,43,+15 ALL Stats when Alone,TRUE,TRUE,FALSE,1,4,,3,4,4,3,4,4,Sci,,Tholian Jorogumo Carrier,https://stowiki.net/wiki/Tholian_Jorogumo_Carrier,Precision Multi-targeting,https://stowiki.net/wiki/Precision_Multi-targeting_(starship_trait),Enhanced Tholian Tetryon Grid,https://stowiki.net/wiki/Console_-_Universal_-_Enhanced_Tholian_Tetryon_Grid
,273,Tholian Iktomi,11 Apr 2019,2019,4,Lobi,C Store (Mudd),Awesome Mix - D,,X-faction,Tholian,,Science Vessel,Science Vessel,Science Vessel,1,3,4,3,,2,,,3,,4,6,9,0,2,0,0,3,2,2,5,1.05,47250,1.5,10,0.18,60,,,5,15,4,Sci,,3,Uni,,3,Eng,MW,2,Sci,Cmd,1,Tac,,,,,6,3,3,,,,3,Yes,3,3,5,,,,,,Yes,Yes,Yes,,,,,,Improved Photonic Officer,"Photonic Officer lasts longer, buffs healing and exotic damage",Enhanced Tholian Web Generator,Ultra Rare,Sci,38,25,63,+8 ENG and SCI per SciShip,TRUE,TRUE,FALSE,,3,,3,3,5,3,3,5,Sci,,Tholian Iktomi,https://stowiki.net/wiki/Tholian_Iktomi,Improved Photonic Officer,https://stowiki.net/wiki/Improved_Photonic_Officer_(starship_trait),Enhanced Tholian Web Generator,https://stowiki.net/wiki/Console_-_Universal_-_Enhanced_Tholian_Web_Generator
,272,Mirror Crossfield Science Destroyer (Tactical Mode),21 Mar 2019,2019,3,Promo,C Store (Bundle),13th Anniversary Terran,,Federation,Starfleet (MU),Crossfield,Science Vessel,Science Destroyer,Science Destroyer,4,1,3,3,,,2,3,,,9,6,8,0,0,2,3,0,2,2,5,1.1,49500,1.425,12,0.18,50,15,,5,,4,Tac,,3,Uni,Tmp,3,Sci,,2,Uni,Pil,1,Eng,,,,,7,4,3,Yes,Yes,,3,Yes,4,2,5,,,,,,,,,Yes,,,,,Terran Machinations,on Attack Pattern: +exotic damage. on Control: firing cycle haste,Weaponized Helical Torsion,Ultra Rare,Sci,15,54,57,+20 TAC and SCI when Alone,TRUE,FALSE,FALSE,,3,,4,2,5,4,2,5,Sci,,Mirror Crossfield Science Destroyer (Tactical Mode),https://stowiki.net/wiki/Mirror_Crossfield_Science_Destroyer,Terran Machinations,https://stowiki.net/wiki/Terran_Machinations_(starship_trait),Weaponized Helical Torsion,https://stowiki.net/wiki/Console_-_Universal_-_Weaponized_Helical_Torsion
,271,Mirror Crossfield Science Destroyer (Science Mode),21 Mar 2019,2019,3,Promo,C Store (Bundle),13th Anniversary Terran,,Federation,Starfleet (MU),Crossfield,Science Vessel,Science Destroyer,Science Destroyer,3,1,4,3,,,2,3,,,8,6,9,0,0,2,3,0,2,2,5,1.1,49500,1.425,12,0.18,50,,,5,15,4,Sci,,3,Uni,Tmp,3,Tac,,2,Uni,Pil,1,Eng,,,,,7,4,3,Yes,,,3,Yes,4,2,5,,,,,,Yes,Yes,Yes,Yes,,,,,Terran Machinations,on Attack Pattern: +exotic damage. on Control: firing cycle haste,Weaponized Helical Torsion,Ultra Rare,Sci,15,54,57,+20 TAC and SCI when Alone,TRUE,FALSE,FALSE,,3,,4,2,5,4,2,5,Sci,,Mirror Crossfield Science Destroyer (Science Mode),https://stowiki.net/wiki/Mirror_Crossfield_Science_Destroyer,Terran Machinations,https://stowiki.net/wiki/Terran_Machinations_(starship_trait),Weaponized Helical Torsion,https://stowiki.net/wiki/Console_-_Universal_-_Weaponized_Helical_Torsion
,270,Mirror Crossfield Science Destroyer,21 Mar 2019,2019,3,Promo,C Store (Bundle),13th Anniversary Terran,,Federation,Starfleet (MU),Crossfield,Science Vessel,Science Destroyer,Science Destroyer,4,1,4,3,,,2,3,,,9,6,9,0,0,2,3,0,2,2,5,1.1,49500,1.425,12,0.18,50,,,5,15,4,Tac,,4,Sci,,3,Uni,Tmp,2,Uni,Pil,1,Eng,,,,,7,4,3,Yes,Yes,,3,Yes,4,2,5,,,,,,Yes,Yes,Yes,Yes,,,,,Terran Machinations,on Attack Pattern: +exotic damage. on Control: firing cycle haste,Weaponized Helical Torsion,Ultra Rare,Sci,15,54,57,+20 TAC and SCI when Alone,TRUE,TRUE,FALSE,,3,,4,2,5,4,2,5,Sci,,Mirror Crossfield Science Destroyer,https://stowiki.net/wiki/Mirror_Crossfield_Science_Destroyer,Terran Machinations,https://stowiki.net/wiki/Terran_Machinations_(starship_trait),Weaponized Helical Torsion,https://stowiki.net/wiki/Console_-_Universal_-_Weaponized_Helical_Torsion
,269,Fleet Shepard MW Battlecruiser,14 Feb 2019,2019,2,Fleet,Fleet,,,Federation,Starfleet (23c),Shepard,Battlecruiser,Battlecruiser,Battlecruiser,3,4,1,3,,,,,4,MW,8,7,4,0,0,0,0,6,1,2,6,1.375,61875,1.045,7.5,0.15,50,15,5,10,,4,Eng,MW,3,Uni,,3,Tac,,2,Tac,MW,1,Sci,,,,,8,5,3,Yes,,,3,Yes,4,5,2,1,Yes,Yes,Yes,,,,,,,,,,,,,Very Rare,Eng,54,48,15,+35 ENG when Alone,TRUE,TRUE,FALSE,1,3,,4,5,2,4,5,2,Eng,,Fleet Shepard MW Battlecruiser,https://stowiki.net/wiki/Fleet_Shepard_Miracle_Worker_Battlecruiser,,,,
,268,Fleet Qugh MW Battlecruiser,14 Feb 2019,2019,2,Fleet,Fleet,,,Klingon,Klingon (23c),Qugh,Battlecruiser,Battlecruiser,Battlecruiser,3,4,1,3,,,,,4,MW,8,7,4,0,0,0,0,6,1,2,6,1.375,61875,1.045,7.5,0.15,50,15,5,10,,4,Eng,MW,3,Uni,,3,Tac,,2,Tac,MW,1,Sci,,,,,8,5,3,Yes,,,3,Yes,4,5,2,1,Yes,Yes,Yes,,,,,,,Battle,,,,,,Very Rare,Eng,54,48,15,+35 ENG when Alone,TRUE,TRUE,FALSE,1,3,,4,5,2,4,5,2,Eng,Battle,Fleet Qugh MW Battlecruiser,https://stowiki.net/wiki/Fleet_Qugh_Miracle_Worker_Battlecruiser,,,,
,264,Qugh MW Battlecruiser,14 Feb 2019,2019,2,C Store,C Store,Discovery,,Klingon,Klingon (23c),Qugh,Battlecruiser,Battlecruiser,Battlecruiser,3,4,1,3,,,,,4,MW,8,7,4,0,0,0,0,6,1,2,6,1.25,56250,0.95,7.5,0.15,50,15,5,10,,4,Eng,MW,3,Uni,,3,Tac,,2,Tac,MW,1,Sci,,,,,8,5,3,Yes,,,3,,3,5,2,1,Yes,Yes,Yes,,,,,,,Battle,,,Entwined Tactical Matrices,on TS: gain B:FAW and C:SV 1. on B:FAW / C:SV: gain TS 1,Refracting Energy Shunt,Rare,Eng,50,43,15,+8 ENG and TAC per EngShip,TRUE,TRUE,FALSE,1,3,,3,5,2,3,5,2,Eng,Battle,Qugh MW Battlecruiser,https://stowiki.net/wiki/Qugh_Miracle_Worker_Battlecruiser,Entwined Tactical Matrices,https://stowiki.net/wiki/Entwined_Tactical_Matrices_(starship_trait),Refracting Energy Shunt,https://stowiki.net/wiki/Console_-_Universal_-_Refracting_Energy_Shunt
,262,Gagarin MW Battlecruiser,14 Feb 2019,2019,2,C Store,C Store,Discovery,,Federation,Starfleet,Shepard,Battlecruiser,Battlecruiser,Battlecruiser,3,4,1,3,,,,,4,MW,8,7,4,0,0,0,0,6,1,2,6,1.25,56250,0.95,7.5,0.15,50,15,5,10,,4,Eng,MW,3,Uni,,3,Tac,,2,Tac,MW,1,Sci,,,,,8,5,3,Yes,,,3,,3,5,2,1,Yes,Yes,Yes,,,,,,,,,,Entwined Tactical Matrices,on TS: gain B:FAW and C:SV 1. on B:FAW / C:SV: gain TS 1,Refracting Energy Shunt,Rare,Eng,50,43,15,+8 ENG and TAC per EngShip,TRUE,TRUE,FALSE,1,3,,3,5,2,3,5,2,Eng,,Gagarin MW Battlecruiser,https://stowiki.net/wiki/Gagarin_Miracle_Worker_Battlecruiser,Entwined Tactical Matrices,https://stowiki.net/wiki/Entwined_Tactical_Matrices_(starship_trait),Refracting Energy Shunt,https://stowiki.net/wiki/Console_-_Universal_-_Refracting_Energy_Shunt
,267,Fleet Magee Light Pilot Escort,14 Feb 2019,2019,2,Fleet,Fleet,,,Federation,Starfleet (23c),Magee,Raider,Raider,Raider (Not 100% Universal),4,,,3,,,4,,,Pil,13,9,9,0,0,6,0,0,1,2,6,1.045,47025,0.88,21,0.23,80,15,,5,,4,Tac,Pil,3,Uni,,3,Uni,,2,Uni,Pil,1,Uni,,,,,6,4,2,Yes,Yes,,2,Yes,5,3,3,,,,,,,,,,,,33%,,,,,Very Rare,Tac,28,63,26,+35 TAC when Alone,TRUE,TRUE,FALSE,,2,,5,3,3,5,3,3,Tac,,Fleet Magee Light Pilot Escort,https://stowiki.net/wiki/Fleet_Magee_Light_Pilot_Escort,,,,
,266,Fleet M'Chla Pilot Bird-of-Prey,14 Feb 2019,2019,2,Fleet,Fleet,,,Klingon,Klingon (23c),M'Chla,Raider,Raider,Raider (Not 100% Universal),4,,,3,,,4,,,Pil,13,9,9,0,0,6,0,0,1,2,6,1.045,47025,0.88,21,0.23,80,15,,,5,4,Tac,Pil,3,Uni,,3,Uni,,2,Uni,Pil,1,Uni,,,,,6,4,2,Yes,Yes,,2,Yes,5,3,3,,,,,,,,,,,Battle,33%,,,,,Very Rare,Tac,28,63,26,+35 TAC when Alone,TRUE,TRUE,FALSE,,2,,5,3,3,5,3,3,Tac,Battle,Fleet M'Chla Pilot Bird-of-Prey,https://stowiki.net/wiki/Fleet_M%27Chla_Pilot_Bird-of-Prey,,,,
,265,Shran Light Pilot Escort,14 Feb 2019,2019,2,C Store,C Store,Discovery,,Federation,Starfleet,Magee,Raider,Raider,Raider (Not 100% Universal),4,,,3,,,4,,,Pil,13,9,9,0,0,6,0,0,1,2,6,0.95,42750,0.8,21,0.23,80,15,,5,,4,Tac,Pil,3,Uni,,3,Uni,,2,Uni,Pil,1,Uni,,,,,6,4,2,Yes,Yes,,2,,4,3,3,,,,,,,,,,,,33%,,Strike from Shadows,"on attacking enemy not targeting you: placate, reduce threat, +dmg, +crit chance",Graviton Displacer,Rare,Tac,28,58,26,+8 ENG and SCI per TacShip,TRUE,TRUE,FALSE,,2,,4,3,3,4,3,3,Tac,,Shran Light Pilot Escort,https://stowiki.net/wiki/Shran_Light_Pilot_Escort,Strike from Shadows,https://stowiki.net/wiki/Strike_from_Shadows_(starship_trait),Graviton Displacer,https://stowiki.net/wiki/Console_-_Universal_-_Graviton_Displacer
,263,M'Chla Pilot Bird-of-Prey,14 Feb 2019,2019,2,C Store,C Store,Discovery,,Klingon,Klingon (23c),M'Chla,Raider,Raider,Raider (Not 100% Universal),4,,,3,,,4,,,Pil,13,9,9,0,0,6,0,0,1,2,6,0.95,42750,0.8,21,0.23,80,15,,,5,4,Tac,Pil,3,Uni,,3,Uni,,2,Uni,Pil,1,Uni,,,,,6,4,2,Yes,Yes,,2,,4,3,3,,,,,,,,,,,Battle,33%,,Strike from Shadows,"on attacking enemy not targeting you: placate, reduce threat, +dmg, +crit chance",Graviton Displacer,Rare,Tac,28,58,26,+8 ENG and SCI per TacShip,TRUE,TRUE,FALSE,,2,,4,3,3,4,3,3,Tac,Battle,M'Chla Pilot Bird-of-Prey,https://stowiki.net/wiki/M%27Chla_Pilot_Bird-of-Prey,Strike from Shadows,https://stowiki.net/wiki/Strike_from_Shadows_(starship_trait),Graviton Displacer,https://stowiki.net/wiki/Console_-_Universal_-_Graviton_Displacer
,261,Styx Terran Dreadnought Cruiser,23 Jan 2019,2019,1,Lockbox,C Store (Bundle),13th Anniversary Terran,,X-faction,Starfleet (MU),Styx,Dreadnought Cruiser,Dreadnought Cruiser,Dreadnought Cruiser,3,4,2,3,3,4,,,,Cmd,7,8,6,3,4,0,0,0,2,2,7,1.45,65250,1.25,7,0.16,30,10,5,5,,4,Eng,Cmd,3,Uni,Int,3,Tac,,2,Sci,,1,Uni,,,,,8,4,4,Yes,,1,4,Yes,4,4,3,,Yes,,,Yes,,,,,,,,,Vaulting Ambition,against low hp enemies: +CritD,Magnetohydrodynamic Fusion Expulsion,Ultra Rare,Eng,53,43,30,Ignores +/- ENG from Events,TRUE,TRUE,FALSE,,4,,4,4,3,4,4,3,Eng,,Styx Terran Dreadnought Cruiser,https://stowiki.net/wiki/Styx_Terran_Dreadnought_Cruiser,Vaulting Ambition,https://stowiki.net/wiki/Vaulting_Ambition_(starship_trait),Magnetohydrodynamic Fusion Expulsion,https://stowiki.net/wiki/Console_-_Universal_-_Magnetohydrodynamic_Fusion_Expulsion
,260,Vulcan T'Pau Scout Ship,23 Jan 2019,2019,1,Event,Phoenix,,,X-faction,Vulcan (23c),,Scout Ship,Scout Ship,Scout Ship,,,4,3,3,,,,,,9,9,13,3,0,0,0,0,1,1,3,0.9,40500,1.3,19,0.2,80,10,5,,5,4,Sci,,3,Uni,Int,3,Uni,,2,Uni,,1,Uni,,,,,6,3,3,Yes,,,2,Yes,3,3,5,,,,,,Yes,Yes,Yes,,,,33%,,Emergency Response Teams,"on Shield depletion: gain secondary shields, on Sci / Intel: Hull and Shield Heal",Rebounding Resonant Frequencies,Ultra Rare,Sci,29,37,60,+8 TAC and SCI per EngShip,TRUE,TRUE,FALSE,,2,,3,3,5,3,3,5,Sci,,Vulcan T'Pau Scout Ship,https://stowiki.net/wiki/Vulcan_T%27Pau_Scout_Ship,Emergency Response Teams,https://stowiki.net/wiki/Emergency_Response_Teams_(starship_trait),Rebounding Resonant Frequencies,https://stowiki.net/wiki/Console_-_Universal_-_Rebounding_Resonant_Frequencies
,259,Mirror Engle Strike Wing Escort,13 Dec 2018,2018,12,Lockbox,C Store (Bundle),12th Anniversary Terran,,Federation,Starfleet (MU),Engle,Escort,Strike Wing Escort,Strike Wing Escort,4,2,3,3,2,,,3,,,8,6,7,2,0,0,3,0,2,2,5,1.15,51750,1.25,14,0.18,60,10,,,10,4,Tac,,3,Uni,Tmp,3,Sci,,2,Eng,Int,1,Uni,,,,,7,5,2,Yes,Yes,1,3,Yes,5,2,4,,,,,,,,,,,,,,Superior Area Denial,"on B:FAW / C:SV: DRR debuff, and grant lvl 1 versions to pets",Cascading Subatomic Disruptions,Ultra Rare,Tac,22,57,47,+10 TAC per SciShip,TRUE,TRUE,FALSE,,3,,5,2,4,5,2,4,Tac,,Mirror Engle Strike Wing Escort,https://stowiki.net/wiki/Mirror_Engle_Strike_Wing_Escort,Superior Area Denial,https://stowiki.net/wiki/Superior_Area_Denial_(starship_trait),Cascading Subatomic Disruptions,https://stowiki.net/wiki/Console_-_Universal_-_Cascading_Subatomic_Disruptions
,258,Vaadwaur MW Juggernaut,4 Dec 2018,2018,12,Promo,C Store (Mudd),Lost in the Delta Q - A,,X-faction,Vaadwaur,,Juggernaut,Juggernaut,Juggernaut,4,3,2,1,3,,,,4,MW,8,4,3,3,0,0,0,4,2,2,7,1.55,69750,1.25,6,0.16,20,20,5,5,,4,Tac,MW,3,Tac,Int,3,Eng,,2,Sci,,1,Uni,,,,,8,5,3,Yes,,,3,Yes,5,4,2,1,,,,,,,,,,,,,Weapon Emitter Overdrive,"on Beam / Cannon firing mode: increase power drain, crit chance, accuracy",Supercharged SIF Conduits,Ultra Rare,Tac,46,66,14,+8 ENG and TAC per TacShip,TRUE,TRUE,FALSE,1,3,,5,4,2,5,4,2,Tac,,Vaadwaur MW Juggernaut,https://stowiki.net/wiki/Vaadwaur_Miracle_Worker_Juggernaut,Weapon Emitter Overdrive,https://stowiki.net/wiki/Weapon_Emitter_Overdrive_(starship_trait),Supercharged SIF Conduits,https://stowiki.net/wiki/Console_-_Universal_-_Supercharged_SIF_Conduits
,257,Fek'Ihri S'torr Warship,4 Dec 2018,2018,12,Event,Phoenix,,,X-faction,Fek'Ihri,,Destroyer,Warship,Warship,4,2,3,3,,,3,,,,8,5,6,0,0,3,0,0,1,1,3,1.1,49500,1,16,0.2,60,15,,5,,4,Tac,,3,Uni,Pil,3,Sci,,2,Eng,,1,Tac,,,,,8,4,4,Yes,,,3,Yes,5,3,3,,,,,,,,,,,,,,The Maw of Gre'thor,while full throttle: flame blasts behind ship,Chains of Fire,Ultra Rare,Tac,30,63,33,+10 SCI per TacShip,TRUE,TRUE,FALSE,,3,,5,3,3,5,3,3,Tac,,Fek'Ihri S'torr Warship,https://stowiki.net/wiki/Fek%27Ihri_S%27torr_Warship,The Maw of Gre'thor,https://stowiki.net/wiki/The_Maw_of_Gre%27thor_(starship_trait),Chains of Fire,https://stowiki.net/wiki/Console_-_Universal_-_Chains_of_Fire
,254,Fleet Nimitz Heavy Battlecruiser,9 Oct 2018,2018,10,Fleet,Fleet,,,Federation,Starfleet (23c),Nimitz,Battlecruiser,Battlecruiser,Battlecruiser,3,4,3,2,,3,,,,,5,7,5,0,3,0,0,0,1,1,3,1.485,66825,1.21,7,0.14,30,5,10,5,,4,Eng,,3,Tac,,3,Sci,Cmd,2,Uni,,1,Eng,,,,,8,5,3,Yes,,,3,Yes,3,5,3,,Yes,Yes,Yes,,,,,,,,,,,,,Very Rare,Eng,60,31,26,+8 ENG and SCI per EngShip,TRUE,TRUE,FALSE,,3,,3,5,3,3,5,3,Eng,,Fleet Nimitz Heavy Battlecruiser,https://stowiki.net/wiki/Fleet_Nimitz_Heavy_Battlecruiser,,,,
,253,Europa Heavy Battlecruiser,9 Oct 2018,2018,10,C Store,C Store,,,Federation,Starfleet,Nimitz,Battlecruiser,Battlecruiser,Battlecruiser,3,4,3,2,,3,,,,,5,7,5,0,3,0,0,0,1,1,3,1.35,60750,1.1,7,0.14,30,5,10,5,,4,Eng,,3,Tac,,3,Sci,Cmd,2,Uni,,1,Eng,,,,,8,5,3,Yes,,,3,,2,5,3,,Yes,Yes,Yes,,,,,,,,,,Reactive Reconstruction,on reaching low hull: heal and buffs healing,Overloaded SIF Linkage,Rare,Eng,58,26,24,+8 ENG and SCI per TacShip,TRUE,TRUE,FALSE,,3,,2,5,3,2,5,3,Eng,,Europa Heavy Battlecruiser,https://stowiki.net/wiki/Europa_Heavy_Battlecruiser,Reactive Reconstruction,https://stowiki.net/wiki/Reactive_Reconstruction_(starship_trait),Overloaded SIF Linkage,https://stowiki.net/wiki/Console_-_Universal_-_Overloaded_SIF_Linkage
,255,Hur'q Nekcrid Assembly Multi-Mission Science Vessel,9 Oct 2018,2018,10,Lobi,Lobi,,,X-faction,Hur'q,,Science Vessel,Multi-mission Science Vessel,Multi-mission Science Vessel,3,2,4,3,,3,,,,,7,6,8,0,3,0,0,0,1,1,3,1.275,57375,1.225,12,0.17,50,5,,,15,4,Sci,,3,Uni,Cmd,3,Tac,,2,Eng,,1,Uni,,,,,6,4,2,Yes,,1,3,Yes,4,2,5,,,,,,Yes,Yes,Yes,,,,,,Hivebearer,on hangar pet launch / death: spawns swarmers,Nullifying Tractor Field,Ultra Rare,Sci,25,45,56,+8 SCI per EngShip or TacShip,TRUE,TRUE,FALSE,,3,,4,2,5,4,2,5,Sci,,Hur'q Nekcrid Assembly Multi-Mission Science Vessel,https://stowiki.net/wiki/Hur%27q_Nekcrid_Assembly_Multi-Mission_Science_Vessel,Hivebearer,https://stowiki.net/wiki/Hivebearer_(starship_trait),Nullifying Tractor Field,https://stowiki.net/wiki/Console_-_Universal_-_Nullifying_Tractor_Field
,256,Hur'q Vridyat Ravager Strike Wing Escort,9 Oct 2018,2018,10,Lockbox,Lockbox,,,X-faction,Hur'q,,Escort,Strike Wing Escort,Strike Wing Escort,4,,1,3,,,3,,,,12,5,6,0,0,3,0,0,1,1,3,1.3,58500,0.9,16,0.2,65,10,,5,5,4,Tac,,3,Uni,,3,Tac,Pil,2,Uni,,1,Sci,,,,,7,5,2,Yes,Yes,1,2,Yes,5,3,3,,,,,,,,,,,,,,Nullifier Warheads,on torpedo firing mode: spawn eight Nullifiers,Amplifying Ravager Beam,Ultra Rare,Tac,27,72,27,+8 TAC per EngShip or SciShip,TRUE,TRUE,FALSE,,2,,5,3,3,5,3,3,Tac,,Hur'q Vridyat Ravager Strike Wing Escort,https://stowiki.net/wiki/Hur%27q_Vridyat_Ravager_Strike_Wing_Escort,Nullifier Warheads,https://stowiki.net/wiki/Nullifier_Warheads_(starship_trait),Amplifying Ravager Beam,https://stowiki.net/wiki/Console_-_Universal_-_Amplifying_Ravager_Beam
,251,Fleet Vor'ral Support Battlecruiser,13 Sep 2018,2018,9,Fleet,Fleet,,,Klingon,Klingon,Vor'cha,Battlecruiser,Battlecruiser,Battlecruiser,3,4,,3,,,,4,,Tmp,9,8,4,0,0,0,4,0,1,1,4,1.32,59400,1.1,10,0.15,30,10,,10,,4,Eng,Tmp,3,Uni,,3,Tac,,2,Tac,,1,Uni,,,,,8,4,4,Yes,,,3,Yes,4,4,3,,Yes,Yes,Yes,,,,,,,Cloak,,,,,,Very Rare,Eng,67,29,21,-10% Maintenance per TacShip or SciShip,TRUE,TRUE,FALSE,,3,,4,4,3,4,4,3,Eng,Basic,Fleet Vor'ral Support Battlecruiser,https://stowiki.net/wiki/Fleet_Vor%27ral_Support_Battlecruiser,,,,
,250,Vor'ral Support Battlecruiser,13 Sep 2018,2018,9,C Store,C Store,Cross-Faction Support Cruiser,,Klingon,Klingon,Vor'cha,Battlecruiser,Battlecruiser,Battlecruiser,3,4,,3,,,,4,,Tmp,9,8,4,0,0,0,4,0,1,1,4,1.2,54000,1,10,0.15,30,10,,10,,4,Eng,Tmp,3,Uni,,3,Tac,,2,Tac,,1,Uni,,,,,8,4,4,Yes,,,3,,3,4,3,,Yes,Yes,Yes,,,,,,,Cloak,,,History Will Remember,"For each enemy to hit you: +Dmg, +Max Hull, +Hull Regen, +Threat (while threatening)",Temporal Trajectory Shifter,Rare,Eng,62,27,19,-25% Maintenance per EngShip,TRUE,TRUE,FALSE,,3,,3,4,3,3,4,3,Eng,Basic,Vor'ral Support Battlecruiser,https://stowiki.net/wiki/Vor%27ral_Support_Battlecruiser,History Will Remember,https://stowiki.net/wiki/History_Will_Remember_(starship_trait),Temporal Trajectory Shifter,https://stowiki.net/wiki/Console_-_Universal_-_Temporal_Trajectory_Shifter
,252,Fleet Yamaguchi Support Cruiser,13 Sep 2018,2018,9,Fleet,Fleet,,,Federation,Starfleet,Ambassador,Cruiser,Cruiser,Cruiser,2,4,3,3,,,,4,,Tmp,6,7,6,0,0,0,4,0,1,1,4,1.485,66825,1.1,7,0.15,40,5,5,5,5,4,Eng,Tmp,3,Uni,,3,Sci,,2,Tac,,1,Tac,,,,,8,4,4,,,,4,Yes,3,4,4,,Yes,Yes,Yes,Yes,,,,,,,,,,,,Very Rare,Eng,67,23,27,-10% Maintenance per TacShip or SciShip,TRUE,TRUE,FALSE,,4,,3,4,4,3,4,4,Eng,,Fleet Yamaguchi Support Cruiser,https://stowiki.net/wiki/Fleet_Yamaguchi_Support_Cruiser,,,,
,249,Narendra Support Cruiser,13 Sep 2018,2018,9,C Store,C Store,Cross-Faction Support Cruiser,,Federation,Starfleet,Ambassador,Cruiser,Cruiser,Cruiser,2,4,3,3,,,,4,,Tmp,6,7,6,0,0,0,4,0,1,1,4,1.35,60750,1,7,0.15,40,5,5,5,5,4,Eng,Tmp,3,Uni,,3,Sci,,2,Tac,,1,Tac,,,,,8,4,4,,,,4,,3,4,3,,Yes,Yes,Yes,Yes,,,,,,,,,History Will Remember,"For each enemy to hit you: +Dmg, +Max Hull, +Hull Regen, +Threat (while threatening)",Temporal Trajectory Shifter,Rare,Eng,62,21,25,-25% Maintenance per EngShip,TRUE,TRUE,FALSE,,4,,3,4,3,3,4,3,Eng,,Narendra Support Cruiser,https://stowiki.net/wiki/Narendra_Support_Cruiser,History Will Remember,https://stowiki.net/wiki/History_Will_Remember_(starship_trait),Temporal Trajectory Shifter,https://stowiki.net/wiki/Console_-_Universal_-_Temporal_Trajectory_Shifter
,248,Fleet New Orleans Recon Destroyer,23 Aug 2018,2018,8,Fleet,Fleet,,,Federation,Starfleet,New Orleans,Destroyer,Destroyer,Destroyer,4,2,3,3,3,,,,,,8,5,6,3,0,0,0,0,1,1,3,0.99,44550,1.32,14,0.18,60,10,,,10,4,Tac,,3,Uni,Int,3,Sci,,2,Eng,,1,Tac,,,,,7,4,3,Yes,Yes,,3,Yes,5,2,4,,,,,,,,,,,,,,,,,Very Rare,Tac,20,58,39,+35 SCI when Alone,TRUE,TRUE,FALSE,,3,,5,2,4,5,2,4,Tac,,Fleet New Orleans Recon Destroyer,https://stowiki.net/wiki/Fleet_New_Orleans_Recon_Destroyer,,,,
,247,Fleet Ketha Recon Raptor,23 Aug 2018,2018,8,Fleet,Fleet,,,Klingon,Klingon,Ketha,Destroyer,Destroyer,Destroyer,4,2,3,3,3,,,,,,8,5,6,3,0,0,0,0,1,1,3,0.99,44550,1.32,14,0.18,60,10,,,10,4,Tac,,3,Uni,Int,3,Sci,,2,Eng,,1,Tac,,,,,7,4,3,Yes,Yes,,3,Yes,5,2,4,,,,,,,,,,,Cloak,,,,,,Very Rare,Tac,20,58,39,+35 SCI when Alone,TRUE,TRUE,FALSE,,3,,5,2,4,5,2,4,Tac,Basic,Fleet Ketha Recon Raptor,https://stowiki.net/wiki/Fleet_Ketha_Recon_Raptor,,,,
,246,Lafayette Recon Destroyer,23 Aug 2018,2018,8,C Store,C Store,14th Anniversary / Cross-Faction Recon 4 / Fed-KDF,,Federation,Starfleet,New Orleans,Destroyer,Destroyer,Destroyer,4,2,3,3,3,,,,,,8,5,6,3,0,0,0,0,1,1,3,0.9,40500,1.2,14,0.18,60,10,,,10,4,Tac,,3,Uni,Int,3,Sci,,2,Eng,,1,Tac,,,,,7,4,3,Yes,Yes,,3,,4,2,4,,,,,,,,,,,,,,Jubilant Cadence,"on kill enemy / heal ally: stacking +Speed, +Turn, on full stacks: -Recharge",Hyper-focusing Trinary Arrays,Rare,Tac,19,52,37,+10 SCI per TacShip,TRUE,TRUE,FALSE,,3,,4,2,4,4,2,4,Tac,,Lafayette Recon Destroyer,https://stowiki.net/wiki/Lafayette_Recon_Destroyer,Jubilant Cadence,https://stowiki.net/wiki/Jubilant_Cadence_(starship_trait),Hyper-focusing Trinary Arrays,https://stowiki.net/wiki/Console_-_Universal_-_Hyper-focusing_Trinary_Arrays
,245,Ketha Recon Raptor,23 Aug 2018,2018,8,C Store,C Store,Cross-Faction Recon 4 / Fed-KDF,,Klingon,Klingon,Ketha,Destroyer,Destroyer,Destroyer,4,2,3,3,3,,,,,,8,5,6,3,0,0,0,0,1,1,3,0.9,40500,1.2,14,0.18,60,10,,,10,4,Tac,,3,Uni,Int,3,Sci,,2,Eng,,1,Tac,,,,,7,4,3,Yes,Yes,,3,,4,2,4,,,,,,,,,,,Cloak,,,Jubilant Cadence,"on kill enemy / heal ally: stacking +Speed, +Turn, on full stacks: -Recharge",Hyper-focusing Trinary Arrays,Rare,Tac,19,52,37,+10 SCI per TacShip,TRUE,TRUE,FALSE,,3,,4,2,4,4,2,4,Tac,Basic,Ketha Recon Raptor,https://stowiki.net/wiki/Ketha_Recon_Raptor,Jubilant Cadence,https://stowiki.net/wiki/Jubilant_Cadence_(starship_trait),Hyper-focusing Trinary Arrays,https://stowiki.net/wiki/Console_-_Universal_-_Hyper-focusing_Trinary_Arrays
,244,Hur'q Vedcrid Hive Dreadnought Carrier,26 Jul 2018,2018,7,Promo,C Store (Mudd),Pack of Dread - A,,X-faction,Hur'q,,Tactical Carrier,Dreadnought Carrier,Dreadnought Carrier (Eng),3,4,2,3,,4,,,,Cmd,6,8,5,0,4,0,0,0,1,1,4,1.7,76500,0.8,8,0.16,30,10,,,10,4,Eng,Cmd,3,Uni,,3,Tac,,2,Sci,,1,Eng,,,,,7,4,3,Yes,,2,3,Yes,4,5,2,,,,,,,Yes,,,,,,,Repulsive,on Eng / Cmd: repel and physical damage to nearby enemies,Energy Nullifier Disperser,Ultra Rare,Eng,63,39,24,+5 TAC per ANY Ship (Not Small Craft),TRUE,TRUE,FALSE,,3,,4,5,2,4,5,2,Eng,,Hur'q Vedcrid Hive Dreadnought Carrier,https://stowiki.net/wiki/Hur%27q_Vedcrid_Hive_Dreadnought_Carrier,Repulsive,https://stowiki.net/wiki/Repulsive_(starship_trait),Energy Nullifier Disperser,https://stowiki.net/wiki/Console_-_Universal_-_Energy_Nullifier_Disperser
,243,Vorgon Ytijara Dreadnought Cruiser,3 Jul 2018,2018,7,Event,Phoenix,,,X-faction,Vorgon,,Dreadnought Cruiser,Dreadnought Cruiser,Dreadnought Cruiser,2,4,3,3,,,,3,,,6,8,7,0,0,0,3,0,1,1,3,1.55,69750,1.05,8,0.15,30,5,5,5,5,4,Eng,,3,Uni,Tmp,3,Sci,,2,Tac,,1,Uni,,,,,8,3,5,Yes,,1,4,Yes,3,5,3,,Yes,,,Yes,,,,,,,,,S.I.F. Burst,on hull heal: radiation DOT to nearby enemeies,S.I.F. Inverter,Ultra Rare,Eng,52,30,44,+10 SCI per EngShip,TRUE,TRUE,FALSE,,4,,3,5,3,3,5,3,Eng,,Vorgon Ytijara Dreadnought Cruiser,https://stowiki.net/wiki/Vorgon_Ytijara_Dreadnought_Cruiser,S.I.F. Burst,https://stowiki.net/wiki/S.I.F._Burst_(starship_trait),S.I.F. Inverter,https://stowiki.net/wiki/Console_-_Universal_-_S.I.F._Inverter
,236,Cardassian Ghemor Intel Flight Deck Carrier,5 Jun 2018,2018,6,C Store,C Store,Gamma / Cardi,,X-faction,Cardassian,,Flight Deck Carrier,Flight Deck Carrier,Flight Deck Carrier,3,4,2,1,4,,,,,Int,4,8,3,5,0,0,0,0,1,2,5,1.35,60750,1.1,8.5,0.16,30,10,5,5,,4,Eng,Int,3,Tac,,3,Eng,,2,Sci,,1,Uni,Int,,,,8,5,3,Yes,,2,4,Yes,3,5,3,,,Yes,,Yes,,,,,,Cloak,,,Calm Before the Storm,"gain stacking +DRR. on full stacks: lost stacks and gain Haste, CD reduction",Cardassian Mobile Torpedo Platform,Very Rare,Eng,66,29,22,Ignores +/- ENG from Events,TRUE,TRUE,FALSE,,4,,3,5,3,3,5,3,Eng,Basic,Cardassian Ghemor Intel Flight Deck Carrier,https://stowiki.net/wiki/Cardassian_Ghemor_Intel_Flight_Deck_Carrier,Calm Before the Storm,https://stowiki.net/wiki/Calm_Before_the_Storm_(starship_trait),Cardassian Mobile Torpedo Platform,https://stowiki.net/wiki/Console_-_Universal_-_Cardassian_Mobile_Torpedo_Platform
,234,Cardassian Damar Intel Science Dreadnought,5 Jun 2018,2018,6,C Store,C Store,Gamma / Cardi,,X-faction,Cardassian,,Science Vessel,Science Dreadnought,Science Dreadnought,3,2,4,1,4,,,,,Int,4,3,8,5,0,0,0,0,1,2,5,1.25,56250,1.25,6.5,0.16,30,10,,,10,4,Sci,Int,3,Tac,,3,Sci,,2,Eng,,1,Uni,Int,,,,7,4,3,Yes,,1,3,Yes,3,3,5,,,,,,Yes,Yes,Yes,,,Cloak,,,Photonic Diversion,on Jam Sensors/Evade Target Lock: summon ally,Cardassian Support Platform Cluster,Very Rare,Sci,23,34,60,Ignores +/- SCI from Events,TRUE,TRUE,FALSE,,3,,3,3,5,3,3,5,Sci,Basic,Cardassian Damar Intel Science Dreadnought,https://stowiki.net/wiki/Cardassian_Damar_Intel_Science_Dreadnought,Photonic Diversion,https://stowiki.net/wiki/Photonic_Diversion_(starship_trait),Cardassian Support Platform Cluster,https://stowiki.net/wiki/Console_-_Universal_-_Cardassian_Support_Platform_Cluster
,238,Jem'Hadar Vanguard Dreadnought Cruiser,5 Jun 2018,2018,6,C Store,C Store,Gamma,,Dominion,Jem'Hadar,,Dreadnought Cruiser,Dreadnought Cruiser,Dreadnought Cruiser,3,4,2,1,,3,,,,,4,8,3,0,3,0,0,0,1,1,3,1.375,61875,1.15,7,0.15,35,10,10,,,4,Eng,,3,Tac,,3,Eng,Cmd,2,Sci,,1,Uni,,,,,8,4,4,Yes,,1,4,Yes,3,5,3,,Yes,,,Yes,,,,,,,,Yes,Team Synergy,Team abilities apply to allies,Dominion Targeting Synchronizer,Very Rare,Eng,60,34,23,2.5x Critical Rating from ENG,TRUE,TRUE,FALSE,,4,,3,5,3,3,5,3,Eng,,Jem'Hadar Vanguard Dreadnought Cruiser,https://stowiki.net/wiki/Jem%27Hadar_Vanguard_Dreadnought_Cruiser,Team Synergy,https://stowiki.net/wiki/Team_Synergy_(starship_trait),Dominion Targeting Synchronizer,https://stowiki.net/wiki/Console_-_Universal_-_Dominion_Targeting_Synchronizer
,237,Jem'Hadar Vanguard Carrier,5 Jun 2018,2018,6,C Store,C Store,Gamma,,Dominion,Jem'Hadar,,Science Carrier,Science Carrier,Science Carrier,3,1,4,2,3,,,,,,5,3,9,3,0,0,0,0,1,1,3,1.275,57375,1.35,7.5,0.18,35,10,,,10,4,Sci,,3,Tac,,3,Sci,Int,2,Uni,,1,Eng,,,,,6,4,2,Yes,,2,3,Yes,4,2,5,,,,,,,Yes,,,,,,Yes,Dampen Energy Signatures,"on Mask Energy / Intel: hanger pets get +Dmg, -Threat, +Stealth, +Def",Linked Command Matrix,Very Rare,Sci,20,34,63,2.5x Critical Rating from SCI,TRUE,TRUE,FALSE,,3,,4,2,5,4,2,5,Sci,,Jem'Hadar Vanguard Carrier,https://stowiki.net/wiki/Jem%27Hadar_Vanguard_Carrier,Dampen Energy Signatures,https://stowiki.net/wiki/Dampen_Energy_Signatures_(starship_trait),Linked Command Matrix,https://stowiki.net/wiki/Console_-_Universal_-_Linked_Command_Matrix
,242,Jem'Hadar Light Battlecruiser,5 Jun 2018,2018,6,Lockbox,C Store (Mudd),Cruiserweight - B,,X-faction,Jem'Hadar,,Battlecruiser,Battlecruiser,Battlecruiser,3,4,2,4,3,,,,,,7,8,6,3,0,0,0,0,1,1,3,1.15,51750,1.3,13,0.17,50,10,,10,,4,Uni,,4,Eng,,3,Tac,Int,2,Sci,,,,,,,,8,5,3,Yes,,,2,Yes,4,4,3,,Yes,Yes,,,,,,,,,,,Obedience is Victory,on Team ability: summon JH Attack Ship,Personal Wormhole Generator,Ultra Rare,Eng,57,45,24,+8 TAC and SCI per TacShip,TRUE,TRUE,FALSE,,2,,4,4,3,4,4,3,Eng,,Jem'Hadar Light Battlecruiser,https://stowiki.net/wiki/Jem%27Hadar_Light_Battlecruiser,Obedience is Victory,https://stowiki.net/wiki/Obedience_is_Victory_(starship_trait),Personal Wormhole Generator,https://stowiki.net/wiki/Console_-_Universal_-_Personal_Wormhole_Generator
,240,Jem'Hadar Vanguard Warship,5 Jun 2018,2018,6,C Store,C Store,Gamma,,Dominion,Jem'Hadar,,Destroyer,Warship,Warship,4,3,1,2,,,,,3,,9,5,3,0,0,0,0,3,1,1,3,1.15,51750,1.15,12.5,0.18,55,15,5,,,4,Tac,,3,Tac,MW,3,Eng,,2,Uni,,1,Sci,,,,,8,5,3,Yes,,,3,Yes,5,4,2,,,,,,,,,,,,,Yes,Tricks of the Trade,on A2SIF / MW: -weapon cost,Power Dispersal Channel,Very Rare,Tac,38,61,18,2.5x Critical Rating from TAC,TRUE,TRUE,FALSE,,3,,5,4,2,5,4,2,Tac,,Jem'Hadar Vanguard Warship,https://stowiki.net/wiki/Jem%27Hadar_Vanguard_Warship,Tricks of the Trade,https://stowiki.net/wiki/Tricks_of_the_Trade_(starship_trait),Power Dispersal Channel,https://stowiki.net/wiki/Console_-_Universal_-_Power_Dispersal_Channel
,235,Cardassian Detapa Intel Escort,5 Jun 2018,2018,6,C Store,C Store,Gamma / Cardi,,X-faction,Cardassian,,Escort,Escort,Escort,4,3,2,1,4,,,,,Int,8,4,3,5,0,0,0,0,1,2,5,1.15,51750,1,16,0.18,65,15,5,,,4,Tac,Int,3,Tac,,3,Eng,,2,Sci,,1,Uni,Int,,,,7,5,2,Yes,Yes,,2,Yes,5,4,2,,,,,,,,,,,Cloak,,,Preparedness,on entering combat: gain random buff,Spiral Wave Blast Module,Very Rare,Tac,16,56,45,Ignores +/- TAC from Events,TRUE,TRUE,FALSE,,2,,5,4,2,5,4,2,Tac,Basic,Cardassian Detapa Intel Escort,https://stowiki.net/wiki/Cardassian_Detapa_Intel_Escort,Preparedness,https://stowiki.net/wiki/Preparedness_(starship_trait),Spiral Wave Blast Module,https://stowiki.net/wiki/Console_-_Universal_-_Spiral_Wave_Blast_Module
,239,Jem'Hadar Vanguard Heavy Raider,5 Jun 2018,2018,6,C Store,C Store,Gamma,,Dominion,Jem'Hadar,,Raider,Raider,Raider (Not 100% Universal),4,,,3,,,3,,,,13,9,9,0,0,3,0,0,1,1,3,0.925,41625,1.1,20,0.2,75,15,5,,,4,Tac,,3,Uni,Pil,3,Uni,,2,Uni,,1,Uni,,,,,6,4,2,Yes,Yes,,2,Yes,5,2,4,,,,,,,,,,,,40%,Yes,Press the Advantage,"on causing flanking: turn debuff,  +Tac/Pilot recharge",Polaron Particle Inverter,Very Rare,Tac,30,47,40,Ignores +/- TAC from Events,TRUE,TRUE,FALSE,,2,,5,2,4,5,2,4,Tac,,Jem'Hadar Vanguard Heavy Raider,https://stowiki.net/wiki/Jem%27Hadar_Vanguard_Heavy_Raider,Press the Advantage,https://stowiki.net/wiki/Press_the_Advantage_(starship_trait),Polaron Particle Inverter,https://stowiki.net/wiki/Console_-_Universal_-_Polaron_Particle_Inverter
,241,Maquis Raider,5 Jun 2018,2018,6,Lobi,C Store (Mudd),Outta this Wormhole - C,,X-faction,Starfleet,,Raider,Raider,Raider (Not 100% Universal),4,,,3,,,,,4,MW,13,9,9,0,0,0,0,4,1,1,4,1.1,49500,0.8,21,0.21,85,15,5,5,5,4,Tac,MW,3,Uni,,3,Uni,,2,Uni,,1,Uni,,,,,6,5,1,Yes,Yes,,2,Yes,5,3,3,1,,,,,,,,,,,40%,,Badlands Tactics,"when near friendly anomaly: +Stealth, +Def, and +flanking Dmg",Plasma Storm Module,Ultra Rare,Tac,35,56,35,+20 ENG and SCI when Alone,TRUE,TRUE,FALSE,1,2,,5,3,3,5,3,3,Tac,,Maquis Raider,https://stowiki.net/wiki/Maquis_Raider,Badlands Tactics,https://stowiki.net/wiki/Badlands_Tactics_(starship_trait),Plasma Storm Module,https://stowiki.net/wiki/Console_-_Universal_-_Plasma_Storm_Module
,233,Verne Temporal Science Vessel,3 Apr 2018,2018,4,Lockbox,C Store (Mudd),Stealing Time - B,,Federation,Starfleet (29c),,Science Vessel,Science Vessel,Science Vessel,,1,4,3,,,,4,,Tmp,5,6,12,0,0,0,7,0,1,2,7,1,45000,1.45,15,0.2,60,,5,,15,4,Sci,Tmp,3,Uni,,3,Sci,Tmp,2,Uni,,1,Eng,,,,,6,3,3,,,,3,Yes,3,3,5,,,,,,Yes,Yes,Yes,,,,,,Out of Time,"while high speed: damage self, gain stacks. on low speed: CDR per stack",Enhanced Tipler Cylinder,Ultra Rare,Sci,29,29,68,Ignores +/- SCI from Events,TRUE,TRUE,FALSE,,3,,3,3,5,3,3,5,Sci,,Verne Temporal Science Vessel,https://stowiki.net/wiki/Verne_Temporal_Science_Vessel,Out of Time,https://stowiki.net/wiki/Out_of_Time_(starship_trait),Enhanced Tipler Cylinder,https://stowiki.net/wiki/Console_-_Universal_-_Enhanced_Tipler_Cylinder
,232,Sui'Mor Temporal Science Vessel,3 Apr 2018,2018,4,Lockbox,C Store (Mudd),Stealing Time - B,,Romulan,Romulan (29c),,Science Vessel,Science Vessel,Science Vessel,,1,4,3,,,,4,,Tmp,5,6,12,0,0,0,7,0,1,2,7,1,45000,1.45,15,0.2,60,,5,,15,4,Sci,Tmp,3,Uni,,3,Sci,Tmp,2,Uni,,1,Eng,,,,,6,3,3,,,,3,Yes,3,3,5,,,,,,Yes,Yes,Yes,,,,,,Out of Time,"while high speed: damage self, gain stacks. on low speed: CDR per stack",Enhanced Tipler Cylinder,Ultra Rare,Sci,29,29,68,Ignores +/- SCI from Events,TRUE,TRUE,FALSE,,3,,3,3,5,3,3,5,Sci,,Sui'Mor Temporal Science Vessel,https://stowiki.net/wiki/Sui%27Mor_Temporal_Science_Vessel,Out of Time,https://stowiki.net/wiki/Out_of_Time_(starship_trait),Enhanced Tipler Cylinder,https://stowiki.net/wiki/Console_-_Universal_-_Enhanced_Tipler_Cylinder
,231,Qul'poH Temporal Science Vessel,3 Apr 2018,2018,4,Lockbox,C Store (Mudd),Stealing Time - B,,Klingon,Klingon (29c),,Science Vessel,Science Vessel,Science Vessel,,1,4,3,,,,4,,Tmp,5,6,12,0,0,0,7,0,1,2,7,1,45000,1.45,15,0.2,60,,5,,15,4,Sci,Tmp,3,Uni,,3,Sci,Tmp,2,Uni,,1,Eng,,,,,6,3,3,,,,3,Yes,3,3,5,,,,,,Yes,Yes,Yes,,,,,,Out of Time,"while high speed: damage self, gain stacks. on low speed: CDR per stack",Enhanced Tipler Cylinder,Ultra Rare,Sci,29,29,68,Ignores +/- SCI from Events,TRUE,TRUE,FALSE,,3,,3,3,5,3,3,5,Sci,,Qul'poH Temporal Science Vessel,https://stowiki.net/wiki/Qul%27poH_Temporal_Science_Vessel,Out of Time,https://stowiki.net/wiki/Out_of_Time_(starship_trait),Enhanced Tipler Cylinder,https://stowiki.net/wiki/Console_-_Universal_-_Enhanced_Tipler_Cylinder
,230,Tal'aura Temporal Destroyer,3 Apr 2018,2018,4,Lobi,C Store (Mudd),Stealing Time - C,,Romulan,Romulan (29c),,Destroyer,Destroyer,Destroyer,4,1,,3,,,,4,,Tmp,12,6,5,0,0,0,7,0,1,2,7,1.1,49500,1.05,15,0.2,65,15,,,5,4,Tac,Tmp,3,Uni,,3,Tac,Tmp,2,Uni,,1,Eng,,,,,7,4,3,Yes,Yes,,2,Yes,5,2,4,,,,,,,,,,,,,,1.21 Terrawatts,on taking electrical or radiation damage: -Recharge on Capt abilities,Manheim Device,Ultra Rare,Tac,29,68,29,+8 TAC per EngShip or SciShip,TRUE,TRUE,FALSE,,2,,5,2,4,5,2,4,Tac,,Tal'aura Temporal Destroyer,https://stowiki.net/wiki/Tal%27aura_Temporal_Destroyer,1.21 Terrawatts,https://stowiki.net/wiki/1.21_Terrawatts_(starship_trait),Manheim Device,https://stowiki.net/wiki/Console_-_Universal_-_Manheim_Device
,229,Klein Temporal Destroyer,3 Apr 2018,2018,4,Lobi,C Store (Mudd),Stealing Time - C,,Federation,Starfleet (29c),,Destroyer,Destroyer,Destroyer,4,1,,3,,,,4,,Tmp,12,6,5,0,0,0,7,0,1,2,7,1.1,49500,1.05,15,0.2,65,15,,,5,4,Tac,Tmp,3,Uni,,3,Tac,Tmp,2,Uni,,1,Eng,,,,,7,4,3,Yes,Yes,,2,Yes,5,2,4,,,,,,,,,,,,,,1.21 Terrawatts,on taking electrical or radiation damage: -Recharge on Capt abilities,Enhanced Manheim Device,Ultra Rare,Tac,29,68,29,+8 TAC per EngShip or SciShip,TRUE,TRUE,FALSE,,2,,5,2,4,5,2,4,Tac,,Klein Temporal Destroyer,https://stowiki.net/wiki/Klein_Temporal_Destroyer,1.21 Terrawatts,https://stowiki.net/wiki/1.21_Terrawatts_(starship_trait),Enhanced Manheim Device,https://stowiki.net/wiki/Console_-_Universal_-_Enhanced_Manheim_Device
,228,Chargh'poH Temporal Destroyer,3 Apr 2018,2018,4,Lobi,C Store (Mudd),Stealing Time - C,,Klingon,Klingon (29c),,Destroyer,Destroyer,Destroyer,4,1,,3,,,,4,,Tmp,12,6,5,0,0,0,7,0,1,2,7,1.1,49500,1.05,15,0.2,65,15,,,5,4,Tac,Tmp,3,Uni,,3,Tac,Tmp,2,Uni,,1,Eng,,,,,7,4,3,Yes,Yes,,2,Yes,5,2,4,,,,,,,,,,,,,,1.21 Terrawatts,on taking electrical or radiation damage: -Recharge on Capt abilities,Enhanced Manheim Device,Ultra Rare,Tac,29,68,29,+8 TAC per EngShip or SciShip,TRUE,TRUE,FALSE,,2,,5,2,4,5,2,4,Tac,,Chargh'poH Temporal Destroyer,https://stowiki.net/wiki/Chargh%27poH_Temporal_Destroyer,1.21 Terrawatts,https://stowiki.net/wiki/1.21_Terrawatts_(starship_trait),Enhanced Manheim Device,https://stowiki.net/wiki/Console_-_Universal_-_Enhanced_Manheim_Device
,227,Lethean Xechas Pilot Escort,16 Feb 2018,2018,2,C Store,C Store,Allied Pilot / KDF,,Klingon,Lethean,Lethean PE,Escort,Escort,Escort,4,1,,3,,,4,,,Pil,12,6,5,0,0,4,0,0,1,1,4,1.02,45900,1.1,16,0.2,70,15,,5,,4,Tac,Pil,3,Uni,,3,Tac,,2,Uni,,1,Eng,,,,,7,5,2,Yes,Yes,,2,Yes,5,3,3,,,,,,,,,,,,,,Promise of Ferocity,on Tac / Pilot: +Weapon Dmg,Neurophasic Disruption Field,Very Rare,Tac,26,65,26,-25% Maintenance per TacShip,TRUE,TRUE,FALSE,,2,,5,3,3,5,3,3,Tac,,Lethean Xechas Pilot Escort,https://stowiki.net/wiki/Lethean_Xechas_Pilot_Escort,Promise of Ferocity,https://stowiki.net/wiki/Promise_of_Ferocity_(starship_trait),Neurophasic Disruption Field,https://stowiki.net/wiki/Console_-_Universal_-_Neurophasic_Disruption_Field
,226,Lethean Oniros Pilot Escort,16 Feb 2018,2018,2,C Store,C Store,Allied Pilot / KDF,,Klingon,Lethean,Lethean PE,Escort,Escort,Escort,4,3,,3,,,4,,,Pil,9,9,5,0,0,4,0,0,1,1,4,1.02,45900,1.1,16,0.2,70,15,,5,,4,Tac,Pil,3,Uni,,3,Eng,,2,Uni,,1,Eng,,,,,7,5,2,Yes,Yes,,2,Yes,5,4,2,,,,,,,,,,,,,,Painful Memories,Eng abilities cause Slow and DoT,Wing Torpedo Platforms,Very Rare,Tac,36,55,26,-25% Maintenance per EngShip,TRUE,TRUE,FALSE,,2,,5,4,2,5,4,2,Tac,,Lethean Oniros Pilot Escort,https://stowiki.net/wiki/Lethean_Oniros_Pilot_Escort,Painful Memories,https://stowiki.net/wiki/Painful_Memories_(starship_trait),Wing Torpedo Platforms,https://stowiki.net/wiki/Console_-_Universal_-_Wing_Torpedo_Platforms
,225,Lethean Nemosin Pilot Escort,16 Feb 2018,2018,2,C Store,C Store,Allied Pilot / KDF,,Klingon,Lethean,Lethean PE,Escort,Escort,Escort,4,1,3,3,,,4,,,Pil,9,6,8,0,0,4,0,0,1,1,4,1.02,45900,1.1,16,0.2,70,15,,5,,4,Tac,Pil,3,Uni,,3,Sci,,2,Uni,,1,Eng,,,,,7,5,2,Yes,Yes,,2,Yes,5,2,4,,,,,,,,,,,,,,Improved Gravity Well,"Gravity Well gains duration, -recharge",Gateway Trap Spawner,Very Rare,Tac,26,55,36,-25% Maintenance per SciShip,TRUE,TRUE,FALSE,,2,,5,2,4,5,2,4,Tac,,Lethean Nemosin Pilot Escort,https://stowiki.net/wiki/Lethean_Nemosin_Pilot_Escort,Improved Gravity Well,https://stowiki.net/wiki/Improved_Gravity_Well_(starship_trait),Gateway Trap Spawner,https://stowiki.net/wiki/Console_-_Universal_-_Gateway_Trap_Spawner
,224,Dewan Vandros Pilot Escort,16 Feb 2018,2018,2,C Store,C Store,Allied Pilot / Rom,,Romulan,Dewan,Dewan PE,Escort,Escort,Escort,4,1,,3,,,4,,,Pil,12,6,5,0,0,4,0,0,1,1,4,1.02,45900,1.1,16,0.2,70,15,,5,,4,Tac,Pil,3,Uni,,3,Tac,,2,Uni,,1,Eng,,,,,7,5,2,Yes,Yes,,2,Yes,5,3,3,,,,,,,,,,,,,,Promise of Ferocity,on Tac / Pilot: +Weapon Dmg,Neurophasic Disruption Field,Very Rare,Tac,26,65,26,-25% Maintenance per TacShip,TRUE,TRUE,FALSE,,2,,5,3,3,5,3,3,Tac,,Dewan Vandros Pilot Escort,https://stowiki.net/wiki/Dewan_Vandros_Pilot_Escort,Promise of Ferocity,https://stowiki.net/wiki/Promise_of_Ferocity_(starship_trait),Neurophasic Disruption Field,https://stowiki.net/wiki/Console_-_Universal_-_Neurophasic_Disruption_Field
,223,Dewan Ikkabar Pilot Escort,16 Feb 2018,2018,2,C Store,C Store,Allied Pilot / Rom,,Romulan,Dewan,Dewan PE,Escort,Escort,Escort,4,1,3,3,,,4,,,Pil,9,6,8,0,0,4,0,0,1,1,4,1.02,45900,1.1,16,0.2,70,15,,5,,4,Tac,Pil,3,Uni,,3,Sci,,2,Uni,,1,Eng,,,,,7,5,2,Yes,Yes,,2,Yes,5,2,4,,,,,,,,,,,,,,Improved Gravity Well,"Gravity Well gains duration, -recharge",Gateway Trap Spawner,Very Rare,Tac,26,55,36,-25% Maintenance per SciShip,TRUE,TRUE,FALSE,,2,,5,2,4,5,2,4,Tac,,Dewan Ikkabar Pilot Escort,https://stowiki.net/wiki/Dewan_Ikkabar_Pilot_Escort,Improved Gravity Well,https://stowiki.net/wiki/Improved_Gravity_Well_(starship_trait),Gateway Trap Spawner,https://stowiki.net/wiki/Console_-_Universal_-_Gateway_Trap_Spawner
,222,Dewan Dynnasia Pilot Escort,16 Feb 2018,2018,2,C Store,C Store,Allied Pilot / Rom,,Romulan,Dewan,Dewan PE,Escort,Escort,Escort,4,3,,3,,,4,,,Pil,9,9,5,0,0,4,0,0,1,1,4,1.02,45900,1.1,16,0.2,70,15,,5,,4,Tac,Pil,3,Uni,,3,Eng,,2,Uni,,1,Eng,,,,,7,5,2,Yes,Yes,,2,Yes,5,4,2,,,,,,,,,,,,,,Painful Memories,Eng abilities cause Slow and DoT,Wing Torpedo Platforms,Very Rare,Tac,36,55,26,-25% Maintenance per EngShip,TRUE,TRUE,FALSE,,2,,5,4,2,5,4,2,Tac,,Dewan Dynnasia Pilot Escort,https://stowiki.net/wiki/Dewan_Dynnasia_Pilot_Escort,Painful Memories,https://stowiki.net/wiki/Painful_Memories_(starship_trait),Wing Torpedo Platforms,https://stowiki.net/wiki/Console_-_Universal_-_Wing_Torpedo_Platforms
,221,Andorian Thozyn Pilot Escort,16 Feb 2018,2018,2,C Store,C Store,Allied Pilot / Fed,,Federation,Andorian,Kumari,Escort,Escort,Escort,4,1,,3,,,4,,,Pil,12,6,5,0,0,4,0,0,1,1,4,1.02,45900,1.1,16,0.2,70,15,,5,,4,Tac,Pil,3,Uni,,3,Tac,,2,Uni,,1,Eng,,,,,7,5,2,Yes,Yes,,2,Yes,5,3,3,,,,,,,,,,,,,,Promise of Ferocity,on Tac / Pilot: +Weapon Dmg,Neurophasic Disruption Field,Very Rare,Tac,26,65,26,-25% Maintenance per TacShip,TRUE,TRUE,FALSE,,2,,5,3,3,5,3,3,Tac,,Andorian Thozyn Pilot Escort,https://stowiki.net/wiki/Andorian_Thozyn_Pilot_Escort,Promise of Ferocity,https://stowiki.net/wiki/Promise_of_Ferocity_(starship_trait),Neurophasic Disruption Field,https://stowiki.net/wiki/Console_-_Universal_-_Neurophasic_Disruption_Field
,220,Andorian Kuthar Pilot Escort,16 Feb 2018,2018,2,C Store,C Store,Allied Pilot / Fed,,Federation,Andorian,Kumari,Escort,Escort,Escort,4,3,,3,,,4,,,Pil,9,9,5,0,0,4,0,0,1,1,4,1.02,45900,1.1,16,0.2,70,15,,5,,4,Tac,Pil,3,Uni,,3,Eng,,2,Uni,,1,Eng,,,,,7,5,2,Yes,Yes,,2,Yes,5,4,2,,,,,,,,,,,,,,Painful Memories,Eng abilities cause Slow and DoT,Wing Torpedo Platforms,Very Rare,Tac,36,55,26,-25% Maintenance per EngShip,TRUE,TRUE,FALSE,,2,,5,4,2,5,4,2,Tac,,Andorian Kuthar Pilot Escort,https://stowiki.net/wiki/Andorian_Kuthar_Pilot_Escort,Painful Memories,https://stowiki.net/wiki/Painful_Memories_(starship_trait),Wing Torpedo Platforms,https://stowiki.net/wiki/Console_-_Universal_-_Wing_Torpedo_Platforms
,219,Andorian Chimesh Pilot Escort,16 Feb 2018,2018,2,C Store,C Store,Allied Pilot / Fed,,Federation,Andorian,Kumari,Escort,Escort,Escort,4,1,3,3,,,4,,,Pil,9,6,8,0,0,4,0,0,1,1,4,1.02,45900,1.1,16,0.2,70,15,,5,,4,Tac,Pil,3,Uni,,3,Sci,,2,Uni,,1,Eng,,,,,7,5,2,Yes,Yes,,2,Yes,5,2,4,,,,,,,,,,,,,,Improved Gravity Well,"Gravity Well gains duration, -recharge",Gateway Trap Spawner,Very Rare,Tac,26,55,36,-25% Maintenance per SciShip,TRUE,TRUE,FALSE,,2,,5,2,4,5,2,4,Tac,,Andorian Chimesh Pilot Escort,https://stowiki.net/wiki/Andorian_Chimesh_Pilot_Escort,Improved Gravity Well,https://stowiki.net/wiki/Improved_Gravity_Well_(starship_trait),Gateway Trap Spawner,https://stowiki.net/wiki/Console_-_Universal_-_Gateway_Trap_Spawner
,218,Lukari Dranuur Scout Ship,1 Feb 2018,2018,2,Fleet,Fleet,,,X-faction,Lukari,Lukari,Scout Ship,Scout Ship,Scout Ship,,,4,3,,,,3,,,9,9,13,0,0,0,3,0,1,1,3,0.99,44550,1.21,18,0.2,80,10,,,10,4,Sci,,3,Uni,Tmp,3,Uni,,2,Uni,,1,Uni,,,,,6,3,3,Yes,,,2,Yes,4,2,5,,,,,,Yes,Yes,Yes,,,,33%,,Proto Spill,on hull / shield heal: radiation damage to nearby enemies,Reverberant Quantum Lock,Very Rare,Sci,21,50,55,+8 SCI per EngShip or TacShip,TRUE,TRUE,FALSE,,2,,4,2,5,4,2,5,Sci,,Lukari Dranuur Scout Ship,https://stowiki.net/wiki/Lukari_Dranuur_Scout_Ship,Proto Spill,https://stowiki.net/wiki/Proto_Spill_(starship_trait),Reverberant Quantum Lock,https://stowiki.net/wiki/Console_-_Universal_-_Reverberant_Quantum_Lock
,217,Sarcophagus Dreadnought Carrier,23 Jan 2018,2018,1,Lockbox,C Store (Mudd),Primary Faction - B,,Klingon,Klingon (23c),,Tactical Carrier,Dreadnought Carrier,Dreadnought Carrier (Tac),4,3,2,3,,3,,,1,,8,7,6,0,3,0,0,1,2,2,4,1.675,75375,1.05,4,0.13,20,10,,,10,4,Tac,,3,Uni,Cmd,3,Eng,,2,Sci,,1,Uni,MW,,,,7,4,3,Yes,,2,3,Yes,4,4,3,,,,,,,Yes,,,,Cloak - T'Kuvma,,,Honored Dead,"on taking damage: stacking +DRR, +Hull Regen. on full stacks, gain temp HP",Multi-Target Tractor Arrays,Ultra Rare,Tac,41,53,32,Ignores +/- ENG from Events,TRUE,TRUE,FALSE,,3,,4,4,3,4,4,3,Tac,Basic,Sarcophagus Dreadnought Carrier,https://stowiki.net/wiki/Sarcophagus_Dreadnought_Carrier,Honored Dead,https://stowiki.net/wiki/Honored_Dead_(starship_trait),Multi-Target Tractor Arrays,https://stowiki.net/wiki/Console_-_Universal_-_Multi-Target_Tractor_Arrays
,215,Walker Light Exploration Cruiser,23 Jan 2018,2018,1,Lobi,C Store (Mudd),Cruiserweight - C,,Federation,Starfleet (23c),Walker,Cruiser,Cruiser,Cruiser,3,4,3,2,1,,2,,,,5,7,5,1,0,2,0,0,2,2,3,1.325,59625,1.15,10,0.15,40,5,5,5,5,4,Eng,,3,Tac,,3,Sci,,2,Uni,Pil,1,Eng,Int,,,,8,5,3,,,,4,Yes,3,5,3,,Yes,Yes,Yes,Yes,,,,,,,,,Vulcan Hello,"on entering combat: breifly +armor pen, shield pen, and weapon cost",Obfuscation Screen,Ultra Rare,Eng,68,29,29,+8 SCI per TacShip or SciShip,TRUE,TRUE,FALSE,,4,,3,5,3,3,5,3,Eng,,Walker Light Exploration Cruiser,https://stowiki.net/wiki/Walker_Light_Exploration_Cruiser,Vulcan Hello,https://stowiki.net/wiki/Vulcan_Hello_(starship_trait),Obfuscation Screen,https://stowiki.net/wiki/Console_-_Universal_-_Obfuscation_Screen
,216,Crossfield Science Spearhead,23 Jan 2018,2018,1,Lockbox,C Store (Mudd),Primary Faction - A,,Federation,Starfleet (23c),Crossfield,Science Vessel,Science Spearhead,Science Spearhead,3,1,4,3,3,,,2,,,8,6,9,3,0,0,2,0,2,2,5,1.3,58500,1.25,10,0.18,45,10,,,10,4,Sci,,3,Uni,Int,3,Tac,,2,Uni,Tmp,1,Eng,,,,,7,4,3,Yes,,,3,Yes,4,2,5,,,,,,Yes,Yes,Yes,,,,,,Black Alert,"on B:O / C:RF / Intel: on damaging enemy, create duplicate that fires torpedoes",Mycelium Ambush,Ultra Rare,Sci,20,47,59,2.5x Critical Rating from SCI,TRUE,TRUE,FALSE,,3,,4,2,5,4,2,5,Sci,,Crossfield Science Spearhead,https://stowiki.net/wiki/Crossfield_Science_Spearhead,Black Alert,https://stowiki.net/wiki/Black_Alert_(starship_trait),Mycelium Ambush,https://stowiki.net/wiki/Console_-_Universal_-_Mycelium_Ambush
,214,Bajoran Denorios Interceptor,23 Jan 2018,2018,1,Event,Phoenix,,,X-faction,Bajoran,,Escort,Escort,Escort,4,1,3,2,,,3,,,,9,3,5,0,0,5,0,0,1,2,5,1.07,48150,1,18,0.2,80,10,5,5,,4,Tac,,3,Tac,Pil,3,Sci,,2,Uni,Pil,1,Eng,,,,,7,5,2,Yes,Yes,,2,Yes,4,3,4,,,,,,,,,,,,,,Harrying Maneuvers,"on EP2E / Pilot: +Accuracy, Pen, and shield offline proc",D.O.M.I.N.O.,Ultra Rare,Tac,26,59,41,+10 TAC per TacShip,TRUE,TRUE,FALSE,,2,,4,3,4,4,3,4,Tac,,Bajoran Denorios Interceptor,https://stowiki.net/wiki/Denorios_Bajoran_Interceptor,Harrying Maneuvers,https://stowiki.net/wiki/Harrying_Maneuvers_(starship_trait),D.O.M.I.N.O.,https://stowiki.net/wiki/Console_-_Universal_-_D.O.M.I.N.O.
,213,Tzenkethi Tzen-tar Dreadnought Carrier,7 Dec 2017,2017,12,Promo,Promo,,,X-faction,Tzenkethi,,Tactical Carrier,Dreadnought Carrier,Dreadnought Carrier (Tac),4,1,3,3,,3,,,4,MW,9,4,6,0,3,0,0,4,2,2,7,1.1,49500,1.45,7.5,0.15,50,10,10,5,5,4,Tac,MW,3,Uni,Cmd,3,Sci,,2,Tac,,1,Eng,,,,,7,5,2,Yes,,2,3,Yes,5,2,4,1,,,,,,Yes,,,,,,,Automated Aggression,on Tac / MW: fire kinetic/radiation projectile that may leave radiation hazard,Protomatter Barrage Launcher,Ultra Rare,Tac,23,62,41,-5% Maintenance per ANY Ship (Not Small Craft),TRUE,TRUE,FALSE,1,3,,5,2,4,5,2,4,Tac,,Tzenkethi Tzen-tar Dreadnought Carrier,https://stowiki.net/wiki/Tzenkethi_Tzen-tar_Dreadnought_Carrier,Automated Aggression,https://stowiki.net/wiki/Automated_Aggression_(starship_trait),Protomatter Barrage Launcher,https://stowiki.net/wiki/Console_-_Universal_-_Protomatter_Barrage_Launcher
,212,Breen Plesh Tral Heavy Raider,7 Dec 2017,2017,12,Event,Phoenix,,,X-faction,Breen,,Raider,Raider,Raider (Not 100% Universal),4,,,3,,,3,,,,13,9,9,0,0,3,0,0,1,1,3,0.99,44550,0.88,19,0.21,75,15,,5,,4,Tac,,3,Uni,Pil,3,Uni,,2,Uni,,1,Uni,,,,,6,4,2,Yes,Yes,,2,Yes,5,3,3,,,,,,,,,,,,40%,,Cold-Hearted,"on A2B / Pilot: on-hit stacking slow, power drain, -DRR",Sensor Disruption Field,Ultra Rare,Tac,24,72,30,+8 ENG and SCI per TacShip,TRUE,TRUE,FALSE,,2,,5,3,3,5,3,3,Tac,,Breen Plesh Tral Heavy Raider,https://stowiki.net/wiki/Breen_Plesh_Tral_Heavy_Raider,Cold-Hearted,https://stowiki.net/wiki/Cold-Hearted_(starship_trait),Sensor Disruption Field,https://stowiki.net/wiki/Console_-_Universal_-_Sensor_Disruption_Field
,211,Varel Science MW Warbird,19 Oct 2017,2017,10,C Store,C Store,Miracle Worker / Rom,,Romulan,Romulan,Rom MW,Engineering WB,Battlecruiser,Battlecruiser (warbird),2,4,3,3,,,,,4,MW,5,8,6,0,0,0,0,6,1,2,6,1.5,67500,1.1,6,0.16,50,10,5,5,10,4,Eng,MW,3,Uni,,3,Sci,,2,Tac,MW,1,Eng,,,,,8,4,4,Yes,,,4,Yes,3,4,4,1,,,,,,,,,Yes,Battle - Rom,,,Photonic Boarding Party,Boarding Party no longer uses ships,Delayed Causality Plating,Very Rare,Eng,57,26,34,+20 ENG and TAC when Alone,TRUE,TRUE,FALSE,1,4,,3,4,4,3,4,4,Eng,Battle,Varel Science MW Warbird,https://stowiki.net/wiki/Varel_Science_Miracle_Worker_Warbird,Photonic Boarding Party,https://stowiki.net/wiki/Photonic_Boarding_Party_(starship_trait),Delayed Causality Plating,https://stowiki.net/wiki/Console_-_Universal_-_Delayed_Causality_Plating
,210,Tucker Tactical MW Cruiser,19 Oct 2017,2017,10,C Store,C Store,Miracle Worker / Fed,,Federation,Starfleet,Fed MW,Cruiser,Cruiser,Cruiser,3,4,2,3,,,,,4,MW,6,8,5,0,0,0,0,6,1,2,6,1.5,67500,1.15,6,0.16,50,10,5,10,5,4,Eng,MW,3,Uni,,3,Tac,,2,Sci,MW,1,Eng,,,,,8,4,4,,,,4,Yes,4,4,3,1,Yes,Yes,Yes,Yes,,,,,,,,,Redirecting Arrays,on taking damage: extends B:FAW duration,Crimson Force Field,Very Rare,Eng,57,34,26,+20 ENG and SCI when Alone,TRUE,TRUE,FALSE,1,4,,4,4,3,4,4,3,Eng,,Tucker Tactical MW Cruiser,https://stowiki.net/wiki/Tucker_Tactical_Miracle_Worker_Cruiser,Redirecting Arrays,https://stowiki.net/wiki/Redirecting_Arrays_(starship_trait),Crimson Force Field,https://stowiki.net/wiki/Console_-_Universal_-_Crimson_Force_Field
,209,Tebok Tactical MW Warbird,19 Oct 2017,2017,10,C Store,C Store,Miracle Worker / Rom,,Romulan,Romulan,Rom MW,Engineering WB,Battlecruiser,Battlecruiser (warbird),3,4,2,3,,,,,4,MW,6,8,5,0,0,0,0,6,1,2,6,1.5,67500,1.1,6,0.16,50,10,5,10,5,4,Eng,MW,3,Uni,,3,Tac,,2,Sci,MW,1,Eng,,,,,8,4,4,Yes,,,4,Yes,4,4,3,1,,,,,,,,,Yes,Battle - Rom,,,Redirecting Arrays,on taking damage: extends B:FAW duration,Crimson Force Field,Very Rare,Eng,57,34,26,+20 ENG and SCI when Alone,TRUE,TRUE,FALSE,1,4,,4,4,3,4,4,3,Eng,Battle,Tebok Tactical MW Warbird,https://stowiki.net/wiki/Tebok_Tactical_Miracle_Worker_Warbird,Redirecting Arrays,https://stowiki.net/wiki/Redirecting_Arrays_(starship_trait),Crimson Force Field,https://stowiki.net/wiki/Console_-_Universal_-_Crimson_Force_Field
,208,Scott Operations MW Cruiser,19 Oct 2017,2017,10,C Store,C Store,Miracle Worker / Fed,,Federation,Starfleet,Fed MW,Cruiser,Cruiser,Cruiser,2,4,1,3,,,,,4,MW,5,10,4,0,0,0,0,6,1,2,6,1.5,67500,1.15,6,0.16,50,10,10,5,5,4,Eng,MW,3,Uni,,3,Eng,,2,Tac,MW,1,Sci,,,,,8,4,4,,,,4,Yes,3,5,3,1,Yes,Yes,Yes,Yes,,,,,,,,,Stay At Your Posts,on Eng / MW: -Tac CDs,Ablative Salvage Pods,Very Rare,Eng,65,26,26,+20 TAC and SCI when Alone,TRUE,TRUE,FALSE,1,4,,3,5,3,3,5,3,Eng,,Scott Operations MW Cruiser,https://stowiki.net/wiki/Scott_Operations_Miracle_Worker_Cruiser,Stay At Your Posts,https://stowiki.net/wiki/Stay_At_Your_Posts_(starship_trait),Ablative Salvage Pods,https://stowiki.net/wiki/Console_-_Universal_-_Ablative_Salvage_Pods
,207,Nijil Operations MW Warbird,19 Oct 2017,2017,10,C Store,C Store,Miracle Worker / Rom,,Romulan,Romulan,Rom MW,Engineering WB,Battlecruiser,Battlecruiser (warbird),2,4,1,3,,,,,4,MW,5,10,4,0,0,0,0,6,1,2,6,1.5,67500,1.1,6,0.16,50,10,10,5,5,4,Eng,MW,3,Uni,,3,Eng,,2,Tac,MW,1,Sci,,,,,8,4,4,Yes,,,4,Yes,3,5,3,1,,,,,,,,,Yes,Battle - Rom,,,Stay At Your Posts,on Eng / MW: -Tac CDs,Ablative Salvage Pods,Very Rare,Eng,65,26,26,+20 TAC and SCI when Alone,TRUE,TRUE,FALSE,1,4,,3,5,3,3,5,3,Eng,Battle,Nijil Operations MW Warbird,https://stowiki.net/wiki/Nijil_Operations_Miracle_Worker_Warbird,Stay At Your Posts,https://stowiki.net/wiki/Stay_At_Your_Posts_(starship_trait),Ablative Salvage Pods,https://stowiki.net/wiki/Console_-_Universal_-_Ablative_Salvage_Pods
,206,Mur'Eq Operations MW Cruiser,19 Oct 2017,2017,10,C Store,C Store,Miracle Worker / KDF,,Klingon,Klingon,KDF MW,Cruiser,Cruiser,Cruiser,2,4,1,3,,,,,4,MW,5,10,4,0,0,0,0,6,1,2,6,1.55,69750,1.1,6,0.16,50,10,10,5,5,4,Eng,MW,3,Uni,,3,Eng,,2,Tac,MW,1,Sci,,,,,8,4,4,,,,4,Yes,3,5,3,1,Yes,Yes,Yes,Yes,,,,,,Cloak,,,Stay At Your Posts,on Eng / MW: -Tac CDs,Ablative Salvage Pods,Very Rare,Eng,65,26,26,+20 TAC and SCI when Alone,TRUE,TRUE,FALSE,1,4,,3,5,3,3,5,3,Eng,Basic,Mur'Eq Operations MW Cruiser,https://stowiki.net/wiki/Mur%27Eq_Operations_Miracle_Worker_Cruiser,Stay At Your Posts,https://stowiki.net/wiki/Stay_At_Your_Posts_(starship_trait),Ablative Salvage Pods,https://stowiki.net/wiki/Console_-_Universal_-_Ablative_Salvage_Pods
,205,Klothos Tactical MW Cruiser,19 Oct 2017,2017,10,C Store,C Store,Miracle Worker / KDF,,Klingon,Klingon,KDF MW,Cruiser,Cruiser,Cruiser,3,4,2,3,,,,,4,MW,6,8,5,0,0,0,0,6,1,2,6,1.55,69750,1.1,6,0.16,50,10,5,10,5,4,Eng,MW,3,Uni,,3,Tac,,2,Sci,MW,1,Eng,,,,,8,4,4,,,,4,Yes,4,4,3,1,Yes,Yes,Yes,Yes,,,,,,Cloak,,,Redirecting Arrays,on taking damage: extends B:FAW duration,Crimson Force Field,Very Rare,Eng,57,34,26,+20 ENG and SCI when Alone,TRUE,TRUE,FALSE,1,4,,4,4,3,4,4,3,Eng,Basic,Klothos Tactical MW Cruiser,https://stowiki.net/wiki/Klothos_Tactical_Miracle_Worker_Cruiser,Redirecting Arrays,https://stowiki.net/wiki/Redirecting_Arrays_(starship_trait),Crimson Force Field,https://stowiki.net/wiki/Console_-_Universal_-_Crimson_Force_Field
,204,Daystrom Science MW Cruiser,19 Oct 2017,2017,10,C Store,C Store,Miracle Worker / Fed,,Federation,Starfleet,Fed MW,Cruiser,Cruiser,Cruiser,2,4,3,3,,,,,4,MW,5,8,6,0,0,0,0,6,1,2,6,1.5,67500,1.15,6,0.16,50,10,5,5,10,4,Eng,MW,3,Uni,,3,Sci,,2,Tac,MW,1,Eng,,,,,8,4,4,,,,4,Yes,3,4,4,1,Yes,Yes,Yes,Yes,,,,,,,,,Photonic Boarding Party,Boarding Party no longer uses ships,Delayed Causality Plating,Very Rare,Eng,57,26,34,+20 ENG and TAC when Alone,TRUE,TRUE,FALSE,1,4,,3,4,4,3,4,4,Eng,,Daystrom Science MW Cruiser,https://stowiki.net/wiki/Daystrom_Science_Miracle_Worker_Cruiser,Photonic Boarding Party,https://stowiki.net/wiki/Photonic_Boarding_Party_(starship_trait),Delayed Causality Plating,https://stowiki.net/wiki/Console_-_Universal_-_Delayed_Causality_Plating
,203,Antaak Science MW Cruiser,19 Oct 2017,2017,10,C Store,C Store,Miracle Worker / KDF,,Klingon,Klingon,KDF MW,Cruiser,Cruiser,Cruiser,2,4,3,3,,,,,4,MW,5,8,6,0,0,0,0,6,1,2,6,1.55,69750,1.1,6,0.16,50,10,5,5,10,4,Eng,MW,3,Uni,,3,Sci,,2,Tac,MW,1,Eng,,,,,8,4,4,,,,4,Yes,3,4,4,1,Yes,Yes,Yes,Yes,,,,,,Cloak,,,Photonic Boarding Party,Boarding Party no longer uses ships,Delayed Causality Plating,Very Rare,Eng,57,26,34,+20 ENG and TAC when Alone,TRUE,TRUE,FALSE,1,4,,3,4,4,3,4,4,Eng,Basic,Antaak Science MW Cruiser,https://stowiki.net/wiki/Antaak_Science_Miracle_Worker_Cruiser,Photonic Boarding Party,https://stowiki.net/wiki/Photonic_Boarding_Party_(starship_trait),Delayed Causality Plating,https://stowiki.net/wiki/Console_-_Universal_-_Delayed_Causality_Plating
,202,Tzenkethi Shuk-din Escort,3 Oct 2017,2017,10,Lockbox,C Store (Mudd),Awesome Mix - C,,X-faction,Tzenkethi,,Escort,Escort,Escort,4,1,3,3,,,3,,2,,9,4,6,0,0,3,0,2,2,2,5,0.9,40500,1.4,16,0.15,70,10,10,,,4,Tac,,3,Uni,Pil,3,Sci,,2,Tac,MW,1,Eng,,,,,7,5,2,Yes,Yes,,2,Yes,4,3,4,,,,,,,,,,,,,,Symmetry,on shield heal: drain shield from nearby enemies,Peripheral Refraction Array,Ultra Rare,Tac,26,55,45,+10 TAC per SciShip,TRUE,TRUE,FALSE,,2,,4,3,4,4,3,4,Tac,,Tzenkethi Shuk-din Escort,https://stowiki.net/wiki/Tzenkethi_Shuk-din_Escort,Symmetry,https://stowiki.net/wiki/Symmetry_(starship_trait),Peripheral Refraction Array,https://stowiki.net/wiki/Console_-_Universal_-_Peripheral_Refraction_Array
,201,Tzenkethi Rhas'bej Battlecruiser,3 Oct 2017,2017,10,Lobi,Lobi,,,X-faction,Tzenkethi,,Battlecruiser,Battlecruiser,Battlecruiser,3,4,2,3,,,1,,3,,6,8,5,0,0,1,0,3,2,2,4,1.1,49500,1.45,10,0.13,70,10,10,,,4,Eng,,3,Uni,MW,3,Tac,,2,Sci,,1,Eng,Pil,,,,8,5,3,Yes,,,3,Yes,3,5,3,,Yes,Yes,Yes,,,,,,,,,,Turtle,"while low throttle: +shield capacity, +shield hardness, +turn rate",Momentum Manipulator,Ultra Rare,Eng,57,37,32,+35 SCI when Alone,TRUE,TRUE,FALSE,,3,,3,5,3,3,5,3,Eng,,Tzenkethi Rhas'bej Battlecruiser,https://stowiki.net/wiki/Tzenkethi_Rhas%27bej_Battlecruiser,Turtle,https://stowiki.net/wiki/Turtle_(starship_trait),Momentum Manipulator,https://stowiki.net/wiki/Console_-_Universal_-_Momentum_Manipulator
,200,Fleet Tellarite Pralim Flight Deck Assault Carrier,14 Sep 2017,2017,9,Fleet,Fleet,,,Federation,Tellarite,Pralim,Flight Deck Carrier,Flight Deck Carrier,Flight Deck Carrier,3,4,1,3,,3,,,,,8,7,4,0,3,0,0,0,1,1,3,1.485,66825,1,9,0.17,40,5,5,5,5,4,Eng,,3,Uni,,3,Tac,Cmd,2,Tac,,1,Sci,,,,,8,5,3,Yes,,2,4,Yes,4,5,2,,,Yes,,Yes,,,,,,,,,,,,Very Rare,Eng,57,41,19,+8 ENG per TacShip or SciShip,TRUE,TRUE,FALSE,,4,,4,5,2,4,5,2,Eng,,Fleet Tellarite Pralim Flight Deck Assault Carrier,https://stowiki.net/wiki/Fleet_Tellarite_Pralim_Flight_Deck_Assault_Carrier,,,,
,199,Fleet Suliban Silik Flight Deck Assault Carrier,14 Sep 2017,2017,9,Fleet,Fleet,,,Romulan,Suliban,Silik,Flight Deck Carrier,Flight Deck Carrier,Flight Deck Carrier,3,4,1,3,,3,,,,,8,7,4,0,3,0,0,0,1,1,3,1.43,64350,1.1,9,0.17,40,5,5,5,5,4,Eng,,3,Uni,,3,Tac,Cmd,2,Tac,,1,Sci,,,,,8,5,3,Yes,,2,4,Yes,4,5,2,,,Yes,,Yes,,,,,,Battle - Rom,,,,,,Very Rare,Eng,57,41,19,+8 ENG per TacShip or SciShip,TRUE,TRUE,FALSE,,4,,4,5,2,4,5,2,Eng,Battle,Fleet Suliban Silik Flight Deck Assault Carrier,https://stowiki.net/wiki/Fleet_Suliban_Silik_Flight_Deck_Assault_Carrier,,,,
,198,Fleet Orion Blackguard Flight Deck Assault Carrier,14 Sep 2017,2017,9,Fleet,Fleet,,,Klingon,Orion,Blackguard,Flight Deck Carrier,Flight Deck Carrier,Flight Deck Carrier,3,4,1,3,,3,,,,,8,7,4,0,3,0,0,0,1,1,3,1.485,66825,1.1,9,0.17,40,5,5,5,5,4,Eng,,3,Uni,,3,Tac,Cmd,2,Tac,,1,Sci,,,,,8,5,3,Yes,,2,4,Yes,4,5,2,,,Yes,,Yes,,,,,,,,,,,,Very Rare,Eng,57,41,19,+8 ENG per TacShip or SciShip,TRUE,TRUE,FALSE,,4,,4,5,2,4,5,2,Eng,,Fleet Orion Blackguard Flight Deck Assault Carrier,https://stowiki.net/wiki/Fleet_Orion_Blackguard_Flight_Deck_Assault_Carrier,,,,
,197,Tellarite Pralim Flight Deck Assault Carrier,14 Sep 2017,2017,9,C Store,C Store,Cross-Faction Flight Deck Assault Carrier,,Federation,Tellarite,Pralim,Flight Deck Carrier,Flight Deck Carrier,Flight Deck Carrier,3,4,1,3,,3,,,,,8,7,4,0,3,0,0,0,1,1,3,1.35,60750,1,9,0.17,40,5,5,5,5,4,Eng,,3,Uni,,3,Tac,Cmd,2,Tac,,1,Sci,,,,,8,5,3,Yes,,2,4,,3,5,2,,,Yes,,Yes,,,,,,,,,Majority - Minority,"majority: +DRR, hardness, shReg. minority: +dmg, speed",I.F.F. Manipulator,Rare,Eng,53,38,17,+10 ENG per TacShip,TRUE,TRUE,FALSE,,4,,3,5,2,3,5,2,Eng,,Tellarite Pralim Flight Deck Assault Carrier,https://stowiki.net/wiki/Tellarite_Pralim_Flight_Deck_Assault_Carrier,Majority - Minority,https://stowiki.net/wiki/Majority_-_Minority_(starship_trait),I.F.F. Manipulator,https://stowiki.net/wiki/Console_-_Universal_-_I.F.F._Manipulator
,196,Suliban Silik Flight Deck Assault Carrier,14 Sep 2017,2017,9,C Store,C Store,Cross-Faction Flight Deck Assault Carrier,,Romulan,Suliban,Silik,Flight Deck Carrier,Flight Deck Carrier,Flight Deck Carrier,3,4,1,3,,3,,,,,8,7,4,0,3,0,0,0,1,1,3,1.3,58500,1,9,0.17,40,5,5,5,5,4,Eng,,3,Uni,,3,Tac,Cmd,2,Tac,,1,Sci,,,,,8,5,3,Yes,,2,4,,3,5,2,,,Yes,,Yes,,,,,,Battle - Rom,,,Majority - Minority,"majority: +DRR, hardness, shReg. minority: +dmg, speed",I.F.F. Manipulator,Rare,Eng,53,38,17,+10 ENG per TacShip,TRUE,TRUE,FALSE,,4,,3,5,2,3,5,2,Eng,Battle,Suliban Silik Flight Deck Assault Carrier,https://stowiki.net/wiki/Suliban_Silik_Flight_Deck_Assault_Carrier,Majority - Minority,https://stowiki.net/wiki/Majority_-_Minority_(starship_trait),I.F.F. Manipulator,https://stowiki.net/wiki/Console_-_Universal_-_I.F.F._Manipulator
,195,Orion Blackguard Flight Deck Assault Carrier,14 Sep 2017,2017,9,C Store,C Store,Cross-Faction Flight Deck Assault Carrier,,Klingon,Orion,Blackguard,Flight Deck Carrier,Flight Deck Carrier,Flight Deck Carrier,3,4,1,3,,3,,,,,8,7,4,0,3,0,0,0,1,1,3,1.35,60750,1,9,0.17,40,5,5,5,5,4,Eng,,3,Uni,,3,Tac,Cmd,2,Tac,,1,Sci,,,,,8,5,3,Yes,,2,4,,3,5,2,,,Yes,,Yes,,,,,,,,,Majority - Minority,"majority: +DRR, hardness, shReg. minority: +dmg, speed",I.F.F. Manipulator,Rare,Eng,53,38,17,+10 ENG per TacShip,TRUE,TRUE,FALSE,,4,,3,5,2,3,5,2,Eng,,Orion Blackguard Flight Deck Assault Carrier,https://stowiki.net/wiki/Orion_Blackguard_Flight_Deck_Assault_Carrier,Majority - Minority,https://stowiki.net/wiki/Majority_-_Minority_(starship_trait),I.F.F. Manipulator,https://stowiki.net/wiki/Console_-_Universal_-_I.F.F._Manipulator
,194,Son'a Collector Science Dreadnought,17 Aug 2017,2017,8,Promo,C Store (Mudd),As Seen On TNG - B,,X-faction,Son'a,,Science Vessel,Science Dreadnought,Science Dreadnought,2,3,4,3,3,,,1,,,6,7,8,3,0,0,1,0,2,2,4,1.35,60750,1.25,9,0.18,35,5,,,15,4,Sci,,3,Uni,Int,3,Eng,,2,Tac,,1,Uni,Tmp,,,,7,4,3,Yes,,1,3,Yes,2,4,5,,,,,,Yes,Yes,Yes,,,,,,Collect and Consume,"on drain: pull all nearby enemies, then do radiation damage leeched as hull",Thermolytic Injector,Ultra Rare,Sci,32,23,71,+8 ENG and TAC per TacShip,TRUE,TRUE,FALSE,,3,,2,4,5,2,4,5,Sci,,Son'a Collector Science Dreadnought,https://stowiki.net/wiki/Son%27a_Collector_Science_Dreadnought,Collect and Consume,https://stowiki.net/wiki/Collect_and_Consume_(starship_trait),Thermolytic Injector,https://stowiki.net/wiki/Console_-_Universal_-_Thermolytic_Injector
,193,Son'a Command Science Vessel,18 Jul 2017,2017,7,Lockbox,C Store (Mudd),In Command - C,,X-faction,Son'a,,Science Vessel,Science Vessel,Science Vessel,3,2,4,2,2,4,,,,Cmd,5,4,8,2,4,0,0,0,2,2,6,1.1,49500,1.285,15,0.2,60,,,10,10,4,Sci,Cmd,3,Tac,,2,Uni,Int,2,Eng,,2,Sci,,,,,6,3,3,,,,3,Yes,3,3,5,,,,,,Yes,Yes,Yes,,,,,,Kick Them While They're Down,on using control against controlled enemy: stacking +CritH,Deep Analytics Sensor Package,Ultra Rare,Sci,38,24,64,+8 SCI per EngShip or TacShip,TRUE,TRUE,FALSE,,3,,3,3,5,3,3,5,Sci,,Son'a Command Science Vessel,https://stowiki.net/wiki/Son%27a_Command_Science_Vessel,Kick Them While They're Down,https://stowiki.net/wiki/Kick_Them_While_They%27re_Down_(starship_trait),Deep Analytics Sensor Package,https://stowiki.net/wiki/Console_-_Universal_-_Deep_Analytics_Sensor_Package
,192,Son'a Intel Battlecruiser,18 Jul 2017,2017,7,Lobi,C Store (Mudd),Secret Intel - D,,X-faction,Son'a,,Battlecruiser,Battlecruiser,Battlecruiser,3,4,2,2,4,2,,,,Int,5,8,4,4,2,0,0,0,2,2,6,1.25,56250,1.35,10,0.18,60,10,5,5,,4,Eng,Int,3,Tac,,2,Uni,Cmd,2,Eng,,2,Sci,,,,,8,5,3,Yes,,,3,Yes,4,4,3,,Yes,Yes,Yes,,,,,,,,,,Subspatial Warheads,"on T:HY / T:TW: create anomaly that chases, damage, and drain engines",Subspace Barrier Agitator,Ultra Rare,Eng,59,42,25,+8 ENG per TacShip or SciShip,TRUE,TRUE,FALSE,,3,,4,4,3,4,4,3,Eng,,Son'a Intel Battlecruiser,https://stowiki.net/wiki/Son%27a_Intel_Battlecruiser,Subspatial Warheads,https://stowiki.net/wiki/Subspatial_Warheads_(starship_trait),Subspace Barrier Agitator,https://stowiki.net/wiki/Console_-_Universal_-_Subspace_Barrier_Agitator
,191,Xindi-Aquatic Briostrys Dreadnought Carrier,6 Jul 2017,2017,7,Lockbox,C Store (Mudd),Carried Away - D,,X-faction,Xindi,,Tactical Carrier,Dreadnought Carrier,Dreadnought Carrier (Tac),4,3,2,3,3,2,,,,,8,6,5,3,2,0,0,0,2,2,5,1.35,60750,1.15,9,0.19,40,10,,,10,4,Tac,,3,Uni,Int,3,Eng,,2,Sci,Cmd,1,Tac,,,,,7,4,3,Yes,,2,3,Yes,4,4,3,,,,,,,Yes,,,,,,,Kemocite Overload,on B:O first hit: AoE radiation explosion and DRR debuff,Enhanced Cascade Resonance Catalyst,Ultra Rare,Tac,34,58,34,2.5x Critical Rating from SCI,TRUE,TRUE,FALSE,,3,,4,4,3,4,4,3,Tac,,Xindi-Aquatic Briostrys Dreadnought Carrier,https://stowiki.net/wiki/Xindi-Aquatic_Briostrys_Dreadnought_Carrier,Kemocite Overload,https://stowiki.net/wiki/Kemocite_Overload_(starship_trait),Enhanced Cascade Resonance Catalyst,https://stowiki.net/wiki/Console_-_Universal_-_Enhanced_Cascade_Resonance_Catalyst
,190,Xindi-Reptilian Sistruus Escort,6 Jul 2017,2017,7,Lobi,C Store (Mudd),Faith of the Heart - B,,X-faction,Xindi,,Escort,Escort,Escort,4,3,3,2,,,2,3,,,7,5,5,0,0,2,3,0,2,2,5,1.1,49500,1.1,17,0.21,70,15,,5,,4,Tac,,3,Eng,Tmp,3,Sci,,2,Uni,Pil,1,Tac,,,,,7,5,2,Yes,Yes,,2,Yes,5,4,2,,,,,,,,,,,,,,Self-replicating Hull,on A2B / A2SIF / A2D: boost hull regen and energy resistance,Enhanced Xindi Weapon Platform,Ultra Rare,Tac,35,69,22,+10 TAC per EngShip,TRUE,TRUE,FALSE,,2,,5,4,2,5,4,2,Tac,,Xindi-Reptilian Sistruus Escort,https://stowiki.net/wiki/Xindi-Reptilian_Sistruus_Escort,Self-replicating Hull,https://stowiki.net/wiki/Self-replicating_Hull_(starship_trait),Enhanced Xindi Weapon Platform,https://stowiki.net/wiki/Console_-_Universal_-_Enhanced_Xindi_Weapon_Platform
,189,Vorgon Ryn'kodan Carrier,8 Jun 2017,2017,6,Event,Phoenix,,,X-faction,Vorgon,,Engineering Carrier,Engineering Carrier,Engineering Carrier,3,4,3,2,,,,2,,,5,7,5,0,0,0,2,0,1,1,2,1.625,73125,1.05,6.5,0.15,25,,10,,10,4,Eng,,3,Tac,,3,Sci,,2,Uni,Tmp,1,Eng,,,,,6,3,3,Yes,,2,4,Yes,3,5,3,,,,,,,Yes,,,,,,,Restorative Support,on hull heal: summon healing support probe,Subphasic Defense Drone,Ultra Rare,Eng,74,26,26,+8 TAC and SCI per EngShip,TRUE,TRUE,FALSE,,4,,3,5,3,3,5,3,Eng,,Vorgon Ryn'kodan Carrier,https://stowiki.net/wiki/Vorgon_Ryn%27kodan_Carrier,Restorative Support,https://stowiki.net/wiki/Restorative_Support_(starship_trait),Subphasic Defense Drone,https://stowiki.net/wiki/Console_-_Universal_-_Subphasic_Defense_Drone
,188,Amarie Smuggler's Heavy Escort,25 May 2017,2017,5,Promo,C Store (Mudd),Stealing Time - A,,X-faction,Civilian,,Destroyer,Destroyer,Destroyer,4,1,3,3,3,,2,,,,9,4,6,3,0,2,0,0,2,2,5,1.15,51750,1.35,15,0.2,50,15,,5,,4,Tac,,3,Uni,Int,3,Sci,,2,Tac,Pil,1,Eng,,,,,7,5,2,Yes,Yes,,2,Yes,5,2,4,,,,,,,,,,,Cloak,,,Reverberation,on firing projectile: stacking chance to disable shields with projectiles. lost on proc,Supplemental Weaponry Controller,Ultra Rare,Tac,20,62,44,Ignores +/- ENG from Events,TRUE,TRUE,FALSE,,2,,5,2,4,5,2,4,Tac,Basic,Amarie Smuggler's Heavy Escort,https://stowiki.net/wiki/Amarie_Smuggler%27s_Heavy_Escort,Reverberation,https://stowiki.net/wiki/Reverberation_(starship_trait),Supplemental Weaponry Controller,https://stowiki.net/wiki/Console_-_Universal_-_Supplemental_Weaponry_Controller
,187,Fleet Soyuz Advanced Light Cruiser,18 May 2017,2017,5,Fleet,Fleet,,,Federation,Starfleet,Miranda,Cruiser,Cruiser,Cruiser,3,4,2,3,,,3,,,,6,8,5,0,0,3,0,0,1,1,3,1.265,56925,1.21,11,0.17,40,5,5,5,5,4,Eng,,3,Uni,Pil,3,Tac,,2,Sci,,1,Eng,,,,,8,4,4,,,,4,Yes,4,4,3,,Yes,Yes,Yes,Yes,,,,,,,,,,,,Very Rare,Eng,64,28,25,2x Critical Rating from Events,TRUE,TRUE,FALSE,,4,,4,4,3,4,4,3,Eng,,Fleet Soyuz Advanced Light Cruiser,https://stowiki.net/wiki/Fleet_Soyuz_Advanced_Light_Cruiser,,,,
,186,Fleet QeHpu' Advanced Light Battlecruiser,18 May 2017,2017,5,Fleet,Fleet,,,Klingon,Klingon,QeHpu,Battlecruiser,Battlecruiser,Battlecruiser,3,4,2,3,,,3,,,,6,8,5,0,0,3,0,0,1,1,3,1.32,59400,1.155,11,0.17,40,10,,10,,4,Eng,,3,Uni,Pil,3,Tac,,2,Sci,,1,Eng,,,,,8,4,4,Yes,,,4,Yes,4,4,3,,Yes,Yes,Yes,,,,,,,Cloak,,,,,,Very Rare,Eng,59,34,24,2x Critical Rating from Events,TRUE,TRUE,FALSE,,4,,4,4,3,4,4,3,Eng,Basic,Fleet QeHpu' Advanced Light Battlecruiser,https://stowiki.net/wiki/Fleet_QeHpu%27_Advanced_Light_Battlecruiser,,,,
,185,Fleet Deleth Advanced Light Warbird Battlecruiser,18 May 2017,2017,5,Fleet,Fleet,,,Romulan,Romulan,Deleth,Engineering WB,Battlecruiser,Battlecruiser (warbird),3,4,2,3,,,3,,,,6,8,5,0,0,3,0,0,1,1,3,1.265,56925,1.155,11,0.17,40,10,,10,,4,Eng,,3,Uni,Pil,3,Tac,,2,Sci,,1,Eng,,,,,8,4,4,Yes,,,4,Yes,4,4,3,,,,,,,,,,Yes,Battle - Rom,,,,,,Very Rare,Eng,51,39,27,2x Critical Rating from Events,TRUE,TRUE,FALSE,,4,,4,4,3,4,4,3,Eng,Battle,Fleet Deleth Advanced Light Warbird Battlecruiser,https://stowiki.net/wiki/Fleet_Deleth_Advanced_Light_Warbird_Battlecruiser,,,,
,184,Reliant Advanced Light Cruiser,18 May 2017,2017,5,C Store,C Store,Cross-Faction Advanced Light Cruiser,Fed Starter,Federation,Starfleet,Miranda,Cruiser,Cruiser,Cruiser,3,4,2,3,,,3,,,,6,8,5,0,0,3,0,0,1,1,3,1.15,51750,1.1,11,0.17,40,5,5,5,5,4,Eng,,3,Uni,Pil,3,Tac,,2,Sci,,1,Eng,,,,,8,4,4,,,,4,,3,4,3,,Yes,Yes,Yes,Yes,,,,,,,,,Evasion Specialist,"on EP2E / Pilot: +Shield Hardness, +Regen",Potential Energy Entangler,Rare,Eng,60,25,23,2.5x Critical Rating from ENG,TRUE,TRUE,FALSE,,4,,3,4,3,3,4,3,Eng,,Reliant Advanced Light Cruiser,https://stowiki.net/wiki/Reliant_Advanced_Light_Cruiser,Evasion Specialist,https://stowiki.net/wiki/Evasion_Specialist_(starship_trait),Potential Energy Entangler,https://stowiki.net/wiki/Console_-_Universal_-_Potential_Energy_Entangler
,183,QeHpu' Advanced Light Battlecruiser,18 May 2017,2017,5,C Store,C Store,Cross-Faction Advanced Light Cruiser,,Klingon,Klingon,QeHpu',Battlecruiser,Battlecruiser,Battlecruiser,3,4,2,3,,,3,,,,6,8,5,0,0,3,0,0,1,1,3,1.2,54000,1.05,11,0.17,40,10,,10,,4,Eng,,3,Uni,Pil,3,Tac,,2,Sci,,1,Eng,,,,,8,4,4,Yes,,,4,,3,4,3,,Yes,Yes,Yes,,,,,,,Cloak,,,Evasion Specialist,"on EP2E / Pilot: +Shield Hardness, +Regen",Potential Energy Entangler,Rare,Eng,55,31,22,2.5x Critical Rating from ENG,TRUE,TRUE,FALSE,,4,,3,4,3,3,4,3,Eng,Basic,QeHpu' Advanced Light Battlecruiser,https://stowiki.net/wiki/QeHpu%27_Advanced_Light_Battlecruiser,Evasion Specialist,https://stowiki.net/wiki/Evasion_Specialist_(starship_trait),Potential Energy Entangler,https://stowiki.net/wiki/Console_-_Universal_-_Potential_Energy_Entangler
,182,Deleth Advanced Light Warbird Battlecruiser,18 May 2017,2017,5,C Store,C Store,Cross-Faction Advanced Light Cruiser,,Romulan,Romulan,Deleth,Engineering WB,Battlecruiser,Battlecruiser (warbird),3,4,2,3,,,3,,,,6,8,5,0,0,3,0,0,1,1,3,1.15,51750,1.05,11,0.17,40,10,,10,,4,Eng,,3,Uni,Pil,3,Tac,,2,Sci,,1,Eng,,,,,8,4,4,Yes,,,4,,3,4,3,,,,,,,,,,Yes,Battle - Rom,,,Evasion Specialist,"on EP2E / Pilot: +Shield Hardness, +Regen",Potential Energy Entangler,Rare,Eng,47,36,25,2.5x Critical Rating from ENG,TRUE,TRUE,FALSE,,4,,3,4,3,3,4,3,Eng,Battle,Deleth Advanced Light Warbird Battlecruiser,https://stowiki.net/wiki/Deleth_Advanced_Light_Warbird_Battlecruiser,Evasion Specialist,https://stowiki.net/wiki/Evasion_Specialist_(starship_trait),Potential Energy Entangler,https://stowiki.net/wiki/Console_-_Universal_-_Potential_Energy_Entangler
,180,Husnock Warship,25 Apr 2017,2017,4,Lobi,C Store (Mudd),As Seen On TNG - C,,X-faction,Husnock,,Destroyer,Warship,Warship,4,3,2,3,,2,,4,,Tmp,7,7,5,0,2,0,4,0,2,2,6,1.275,57375,1.1,12,0.19,50,10,10,,,4,Tac,Tmp,3,Uni,,3,Eng,,2,Sci,Cmd,1,Eng,,,,,8,5,3,Yes,,,3,Yes,5,4,2,,,,,,,,,,,,,,Directed Energy Flux,on Directed Energy Modulation / Temp: C:RF and B:O gain +Dmg,Heavy Particle Focuser Array,Ultra Rare,Tac,44,60,22,+20 ENG and TAC when Alone,TRUE,TRUE,FALSE,,3,,5,4,2,5,4,2,Tac,,Husnock Warship,https://stowiki.net/wiki/Husnock_Warship,Directed Energy Flux,https://stowiki.net/wiki/Directed_Energy_Flux_(starship_trait),Heavy Particle Focuser Array,https://stowiki.net/wiki/Console_-_Universal_-_Heavy_Particle_Focuser_Array
,181,Miradorn Theta Heavy Raider,25 Apr 2017,2017,4,Lockbox,C Store (Bundle),Picard,,X-faction,Miradorn,,Raider,Raider,Raider (Not 100% Universal),4,,,3,2,,4,,,Pil,13,9,9,2,0,4,0,0,2,2,6,1,45000,0.99,20,0.22,75,15,,5,,4,Tac,Pil,3,Uni,,3,Uni,,2,Uni,Int,1,Uni,,,,,6,5,1,Yes,Yes,,2,Yes,5,2,4,,,,,,,,,,,,40%,,Advantageous Positioning,while flanking: +Armor Pen,Miradorn Sensor Baffler,Ultra Rare,Tac,24,65,37,+20 TAC and SCI when Alone,TRUE,TRUE,FALSE,,2,,5,2,4,5,2,4,Tac,,Miradorn Theta Heavy Raider,https://stowiki.net/wiki/Miradorn_Theta_Heavy_Raider,Advantageous Positioning,https://stowiki.net/wiki/Advantageous_Positioning_(starship_trait),Miradorn Sensor Baffler,https://stowiki.net/wiki/Console_-_Universal_-_Miradorn_Sensor_Baffler
,178,Tal Shiar Khlinae Adapted Battlecruiser,13 Apr 2017,2017,4,Lobi,C Store (Mudd),Unification - A,,X-faction,Romulan,,Battlecruiser,Battlecruiser,Battlecruiser,2,3,3,4,2,3,,,,,7,8,8,2,3,0,0,0,2,2,5,1.4,63000,1.3,7,0.15,30,,10,,10,4,Uni,,3,Eng,,3,Sci,Cmd,2,Tac,Int,1,Uni,,,,,8,4,4,Yes,,,4,Yes,3,4,4,,Yes,Yes,Yes,,,,Yes,,,Cloak,,,Assimilated Power Conduits,"on EP2A: +Exotic CritH, CritD",Enhanced Indoctrination Nanite Dispersal System,Ultra Rare,Eng,54,32,40,+10 SCI per TacShip,TRUE,TRUE,FALSE,,4,,3,4,4,3,4,4,Eng,Basic,Tal Shiar Khlinae Adapted Battlecruiser,https://stowiki.net/wiki/Tal_Shiar_Khlinae_Adapted_Battlecruiser,Assimilated Power Conduits,https://stowiki.net/wiki/Assimilated_Power_Conduits_(starship_trait),Enhanced Indoctrination Nanite Dispersal System,https://stowiki.net/wiki/Console_-_Universal_-_Enhanced_Indoctrination_Nanite_Dispersal_System
,179,Tal Shiar Mandukar Adapted Destroyer,13 Apr 2017,2017,4,Lockbox,C Store (Bundle),14th Anniversary,,X-faction,Romulan,,Destroyer,Destroyer,Destroyer,4,,3,3,3,,2,,,,10,5,8,3,0,2,0,0,2,2,5,1.3,58500,1.1,11,0.18,45,10,5,5,,4,Tac,,3,Uni,Int,3,Sci,,2,Uni,Pil,1,Tac,,,,,7,4,3,Yes,Yes,,3,Yes,4,3,4,,,,,,,,Yes,,,Cloak,,,Synergistic Tactical Systems,"on CRF / Surgical Strikes / Reroute Reserves to Weapons: +EPG, +CtrlX",Enhanced Shrapnel Torpedo Launcher,Ultra Rare,Tac,31,54,41,+10 SCI per EngShip,TRUE,TRUE,FALSE,,3,,4,3,4,4,3,4,Tac,Basic,Tal Shiar Mandukar Adapted Destroyer,https://stowiki.net/wiki/Tal_Shiar_Mandukar_Adapted_Destroyer,Synergistic Tactical Systems,https://stowiki.net/wiki/Synergistic_Tactical_Systems_(starship_trait),Enhanced Shrapnel Torpedo Launcher,https://stowiki.net/wiki/Console_-_Universal_-_Enhanced_Shrapnel_Torpedo_Launcher
,177,Fleet Ferasan Slithus Escort,30 Mar 2017,2017,3,Fleet,Fleet,,,Klingon,Ferasan,Slithus,Escort,Escort,Escort,4,2,3,2,3,,,,,,8,4,5,3,0,0,0,0,1,1,3,1.1,49500,1.1,16,0.22,70,10,,10,,4,Tac,,3,Sci,Int,2,Uni,,2,Tac,,2,Eng,,,,,7,4,3,Yes,Yes,,2,Yes,5,2,4,,,,,,,,,,,,,,,,,Very Rare,Tac,23,49,36,+10 TAC per EngShip,TRUE,TRUE,FALSE,,2,,5,2,4,5,2,4,Tac,,Fleet Ferasan Slithus Escort,https://stowiki.net/wiki/Fleet_Ferasan_Slithus_Escort,,,,
,176,Fleet Dhelan Warbird,30 Mar 2017,2017,3,Fleet,Fleet,,,Romulan,Romulan,Dhelan,Tactical WB,Escort,Escort (warbird),4,2,3,2,3,,,,,,8,4,5,3,0,0,0,0,1,1,3,1.155,51975,1.045,16,0.2,70,10,,10,,4,Tac,,3,Sci,Int,2,Uni,,2,Tac,,2,Eng,,,,,7,4,3,Yes,Yes,,2,Yes,5,2,4,,,,,,,,,,Yes,Battle - Rom,,,,,,Very Rare,Tac,23,57,37,2.5x Critical Rating from TAC,TRUE,TRUE,FALSE,,2,,5,2,4,5,2,4,Tac,Battle,Fleet Dhelan Warbird,https://stowiki.net/wiki/Fleet_Dhelan_Warbird,,,,
,175,Fleet Caitian Shikaris Escort,30 Mar 2017,2017,3,Fleet,Fleet,,,Federation,Caitian,Shikaris,Escort,Escort,Escort,4,2,3,2,3,,,,,,8,4,5,3,0,0,0,0,1,1,3,1.1,49500,1.1,16,0.22,70,10,,10,,4,Tac,,3,Sci,Int,2,Uni,,2,Tac,,2,Eng,,,,,7,4,3,Yes,Yes,,2,Yes,5,2,4,,,,,,,,,,,,,,,,,Very Rare,Tac,23,49,36,+10 TAC per EngShip,TRUE,TRUE,FALSE,,2,,5,2,4,5,2,4,Tac,,Fleet Caitian Shikaris Escort,https://stowiki.net/wiki/Fleet_Caitian_Shikaris_Escort,,,,
,174,Hathos Warbird,30 Mar 2017,2017,3,C Store,C Store,Cross-Faction Allied Escort,,Romulan,Romulan,Dhelan,Tactical WB,Escort,Escort (warbird),4,2,3,2,3,,,,,,8,4,5,3,0,0,0,0,1,1,3,1.05,47250,0.95,16,0.2,70,10,,10,,4,Tac,,3,Sci,Int,2,Uni,,2,Tac,,2,Eng,,,,,7,4,3,Yes,Yes,,2,,4,2,4,,,,,,,,,,Yes,Battle - Rom,,,Hit and Run,"on Evasive Maneuvers: +DRR, when over: +Dmg +CritD",Railgun Destabilizer Module,Rare,Tac,23,49,36,+10 TAC per EngShip,TRUE,TRUE,FALSE,,2,,4,2,4,4,2,4,Tac,Battle,Hathos Warbird,https://stowiki.net/wiki/Hathos_Warbird,Hit and Run,https://stowiki.net/wiki/Hit_and_Run_(starship_trait),Railgun Destabilizer Module,https://stowiki.net/wiki/Console_-_Universal_-_Railgun_Destabilizer_Module
,173,Ferasan Slithus Escort,30 Mar 2017,2017,3,C Store,C Store,Cross-Faction Allied Escort,,Klingon,Ferasan,Slithus,Escort,Escort,Escort,4,2,3,2,3,,,,,,8,4,5,3,0,0,0,0,1,1,3,1,45000,1,16,0.22,70,10,,10,,4,Tac,,3,Sci,Int,2,Uni,,2,Tac,,2,Eng,,,,,7,4,3,Yes,Yes,,2,,4,2,4,,,,,,,,,,,,,,Hit and Run,"on Evasive Maneuvers: +DRR, when over: +Dmg +CritD",Railgun Destabilizer Module,Rare,Tac,23,49,36,+10 TAC per EngShip,TRUE,TRUE,FALSE,,2,,4,2,4,4,2,4,Tac,,Ferasan Slithus Escort,https://stowiki.net/wiki/Ferasan_Slithus_Escort,Hit and Run,https://stowiki.net/wiki/Hit_and_Run_(starship_trait),Railgun Destabilizer Module,https://stowiki.net/wiki/Console_-_Universal_-_Railgun_Destabilizer_Module
,172,Caitian Shikaris Escort,30 Mar 2017,2017,3,C Store,C Store,Cross-Faction Allied Escort,,Federation,Caitian,Shikaris,Escort,Escort,Escort,4,2,3,2,3,,,,,,8,4,5,3,0,0,0,0,1,1,3,1,45000,1,16,0.22,70,10,,10,,4,Tac,,3,Sci,Int,2,Uni,,2,Tac,,2,Eng,,,,,7,4,3,Yes,Yes,,2,,4,2,4,,,,,,,,,,,,,,Hit and Run,"on Evasive Maneuvers: +DRR, when over: +Dmg +CritD",Railgun Destabilizer Module,Rare,Tac,23,49,36,+10 TAC per EngShip,TRUE,TRUE,FALSE,,2,,4,2,4,4,2,4,Tac,,Caitian Shikaris Escort,https://stowiki.net/wiki/Caitian_Shikaris_Escort,Hit and Run,https://stowiki.net/wiki/Hit_and_Run_(starship_trait),Railgun Destabilizer Module,https://stowiki.net/wiki/Console_-_Universal_-_Railgun_Destabilizer_Module
,171,Valkis Temporal Heavy Dreadnought Warbird,9 Mar 2017,2017,3,Promo,C Store (Mudd),Dread Through the Ages - B,,Romulan,Romulan (26c),,Heavy Dread WB,Heavy Dreadnought Cruiser,Heavy Dreadnought Cruiser (warbird),2,4,2,3,,3,,4,,Tmp,5,9,5,0,3,0,4,0,2,2,7,1.55,69750,1.2,5,0.13,20,5,5,5,5,4,Eng,Tmp,3,Uni,Cmd,2,Tac,,2,Eng,,2,Sci,,,,,8,4,4,Yes,,2,3,Yes,4,4,3,,,,,,,,,,Yes,Battle - Rom,,,Repair Mode,"on taking damage: Heal, gain Temp HP, +DRR, disable self",Energy Distributor Accelerator,Ultra Rare,Eng,51,46,29,+20 ENG and TAC when Alone,TRUE,TRUE,FALSE,,3,,4,4,3,4,4,3,Eng,Battle,Valkis Temporal Heavy Dreadnought Warbird,https://stowiki.net/wiki/Valkis_Temporal_Heavy_Dreadnought_Warbird,Repair Mode,https://stowiki.net/wiki/Repair_Mode_(starship_trait),Energy Distributor Accelerator,https://stowiki.net/wiki/Console_-_Universal_-_Energy_Distributor_Accelerator
,170,Universe Temporal Heavy Dreadnought Cruiser,9 Mar 2017,2017,3,Promo,C Store (Mudd),Dread Through the Ages - B,,Federation,Starfleet (26c),,Heavy Dread Cruiser,Heavy Dreadnought Cruiser,Heavy Dreadnought Cruiser,2,4,2,3,,3,,4,,Tmp,5,9,5,0,3,0,4,0,2,2,7,1.55,69750,1.225,5,0.13,20,5,5,5,5,4,Eng,Tmp,3,Uni,Cmd,2,Tac,,2,Eng,,2,Sci,,,,,8,4,4,Yes,,2,3,Yes,4,4,3,,Yes,,Yes,,,,,,,,,,Repair Mode,"on taking damage: Heal, gain Temp HP, +DRR, disable self",Energy Distributor Accelerator,Ultra Rare,Eng,57,42,27,+20 ENG and TAC when Alone,TRUE,TRUE,FALSE,,3,,4,4,3,4,4,3,Eng,,Universe Temporal Heavy Dreadnought Cruiser,https://stowiki.net/wiki/Universe_Temporal_Heavy_Dreadnought_Cruiser,Repair Mode,https://stowiki.net/wiki/Repair_Mode_(starship_trait),Energy Distributor Accelerator,https://stowiki.net/wiki/Console_-_Universal_-_Energy_Distributor_Accelerator
,169,Durgath Temporal Heavy Dreadnought Battlecruiser,9 Mar 2017,2017,3,Promo,C Store (Mudd),Dread Through the Ages - B,,Klingon,Klingon (26c),,Heavy Dread Cruiser,Heavy Dreadnought Cruiser,Heavy Dreadnought Cruiser,2,4,2,3,,3,,4,,Tmp,5,9,5,0,3,0,4,0,2,2,7,1.55,69750,1.2,5,0.13,20,5,5,5,5,4,Eng,Tmp,3,Uni,Cmd,2,Tac,,2,Eng,,2,Sci,,,,,8,4,4,Yes,,2,3,Yes,4,4,3,,Yes,,Yes,,,,,,,Cloak,,,Repair Mode,"on taking damage: Heal, gain Temp HP, +DRR, disable self",Energy Distributor Accelerator,Ultra Rare,Eng,57,42,27,+20 ENG and TAC when Alone,TRUE,TRUE,FALSE,,3,,4,4,3,4,4,3,Eng,Basic,Durgath Temporal Heavy Dreadnought Battlecruiser,https://stowiki.net/wiki/Durgath_Temporal_Heavy_Dreadnought_Battlecruiser,Repair Mode,https://stowiki.net/wiki/Repair_Mode_(starship_trait),Energy Distributor Accelerator,https://stowiki.net/wiki/Console_-_Universal_-_Energy_Distributor_Accelerator
,168,Taenen Strategic Explorer Warbird,9 Feb 2017,2017,2,C Store,C Store,Multimission / Rom,,Romulan,Romulan,Rom MM,Science WB,Multi-mission Science Vessel,Multi-Mission Science Vessel (warbird),2,3,4,3,,,,3,,,6,7,8,0,0,0,3,0,1,1,3,0.95,42750,1.35,11.5,0.15,45,,10,,10,4,Sci,,3,Uni,Tmp,3,Eng,,2,Tac,,1,Uni,,,,,6,3,3,Yes,,1,3,Yes,4,3,4,,,,,,Yes,Yes,Yes,,Yes,Battle - Rom,,,Exotic Particle Shielding,on Team ability: +DRR,Omni-Directional Tachyon Wave Siphon,Very Rare,Sci,32,39,46,Ignores +/- ENG from Events,TRUE,TRUE,FALSE,,3,,4,3,4,4,3,4,Sci,Battle,Taenen Strategic Explorer Warbird,https://stowiki.net/wiki/Taenen_Strategic_Explorer_Warbird,Exotic Particle Shielding,https://stowiki.net/wiki/Exotic_Particle_Shielding_(starship_trait),Omni-Directional Tachyon Wave Siphon,https://stowiki.net/wiki/Console_-_Universal_-_Omni-Directional_Tachyon_Wave_Siphon
,167,Surhuelh Reconnaissance Explorer Warbird,9 Feb 2017,2017,2,C Store,C Store,Multimission / Rom,,Romulan,Romulan,Rom MM,Science WB,Multi-mission Science Vessel,Multi-Mission Science Vessel (warbird),3,2,4,3,,,,3,,,7,6,8,0,0,0,3,0,1,1,3,0.95,42750,1.35,11.5,0.15,45,10,,,10,4,Sci,,3,Uni,Tmp,3,Tac,,2,Eng,,1,Uni,,,,,6,3,3,Yes,,1,3,Yes,4,2,5,,,,,,Yes,Yes,Yes,,Yes,Battle - Rom,,,Heavy Tachyon Mine,on firing mode: create a mine,Radiation Bombardment Matrix,Very Rare,Sci,21,44,52,Ignores +/- TAC from Events,TRUE,TRUE,FALSE,,3,,4,2,5,4,2,5,Sci,Battle,Surhuelh Reconnaissance Explorer Warbird,https://stowiki.net/wiki/Surhuelh_Reconnaissance_Explorer_Warbird,Heavy Tachyon Mine,https://stowiki.net/wiki/Heavy_Tachyon_Mine_(starship_trait),Radiation Bombardment Matrix,https://stowiki.net/wiki/Console_-_Universal_-_Radiation_Bombardment_Matrix
,165,Gorn Khaimas Multi-Mission Reconnaissance Vessel,9 Feb 2017,2017,2,C Store,C Store,Multimission / KDF,,Klingon,Gorn,Gorn MM,Science Vessel,Multi-mission Science Vessel,Multi-mission Science Vessel,3,2,4,3,,,,3,,,7,6,8,0,0,0,3,0,1,1,3,1,45000,1.35,11.5,0.15,45,10,,,10,4,Sci,,3,Uni,Tmp,3,Tac,,2,Eng,,1,Uni,,,,,6,3,3,Yes,,1,3,Yes,4,2,5,,,,,,Yes,Yes,Yes,,,,,,Heavy Tachyon Mine,on firing mode: create a mine,Radiation Bombardment Matrix,Very Rare,Sci,21,44,52,Ignores +/- TAC from Events,TRUE,TRUE,FALSE,,3,,4,2,5,4,2,5,Sci,,Gorn Khaimas Multi-Mission Reconnaissance Vessel,https://stowiki.net/wiki/Gorn_Khaimas_Multi-Mission_Reconnaissance_Vessel,Heavy Tachyon Mine,https://stowiki.net/wiki/Heavy_Tachyon_Mine_(starship_trait),Radiation Bombardment Matrix,https://stowiki.net/wiki/Console_-_Universal_-_Radiation_Bombardment_Matrix
,164,Gorn Ihgomas Multi-Mission Strategic Vessel,9 Feb 2017,2017,2,C Store,C Store,Multimission / KDF,,Klingon,Gorn,Gorn MM,Science Vessel,Multi-mission Science Vessel,Multi-mission Science Vessel,2,3,4,3,,,,3,,,6,7,8,0,0,0,3,0,1,1,3,1,45000,1.35,11.5,0.15,45,,10,,10,4,Sci,,3,Uni,Tmp,3,Eng,,2,Tac,,1,Uni,,,,,6,3,3,Yes,,1,3,Yes,4,3,4,,,,,,Yes,Yes,Yes,,,,,,Exotic Particle Shielding,on Team ability: +DRR,Omni-Directional Tachyon Wave Siphon,Very Rare,Sci,32,39,46,Ignores +/- ENG from Events,TRUE,TRUE,FALSE,,3,,4,3,4,4,3,4,Sci,,Gorn Ihgomas Multi-Mission Strategic Vessel,https://stowiki.net/wiki/Gorn_Ihgomas_Multi-Mission_Strategic_Vessel,Exotic Particle Shielding,https://stowiki.net/wiki/Exotic_Particle_Shielding_(starship_trait),Omni-Directional Tachyon Wave Siphon,https://stowiki.net/wiki/Console_-_Universal_-_Omni-Directional_Tachyon_Wave_Siphon
,163,Gorn Ahgamas Multi-Mission Surveillance Vessel,9 Feb 2017,2017,2,C Store,C Store,Multimission / KDF,,Klingon,Gorn,Gorn MM,Science Vessel,Multi-mission Science Vessel,Multi-mission Science Vessel,2,2,4,3,,,,3,,,7,7,9,0,0,0,3,0,1,1,3,1,45000,1.35,11.5,0.15,45,5,,,15,4,Sci,,3,Uni,Tmp,2,Uni,,2,Tac,,2,Eng,,,,,6,3,3,Yes,,1,3,Yes,3,3,5,,,,,,Yes,Yes,Yes,,,,,,Charged Particle Reaction,on CPB: affected targets release mini-CPBs,Isometric Dispersal Array,Very Rare,Sci,28,35,54,Ignores +/- SCI from Events,TRUE,TRUE,FALSE,,3,,3,3,5,3,3,5,Sci,,Gorn Ahgamas Multi-Mission Surveillance Vessel,https://stowiki.net/wiki/Gorn_Ahgamas_Multi-Mission_Surveillance_Vessel,Charged Particle Reaction,https://stowiki.net/wiki/Charged_Particle_Reaction_(starship_trait),Isometric Dispersal Array,https://stowiki.net/wiki/Console_-_Universal_-_Isometric_Dispersal_Array
,162,Galas Surveillance Explorer Warbird,9 Feb 2017,2017,2,C Store,C Store,Multimission / Rom,,Romulan,Romulan,Rom MM,Science WB,Multi-mission Science Vessel,Multi-Mission Science Vessel (warbird),2,2,4,3,,,,3,,,7,7,9,0,0,0,3,0,1,1,3,0.95,42750,1.35,11.5,0.15,45,5,,,15,4,Sci,,3,Uni,Tmp,2,Uni,,2,Tac,,2,Eng,,,,,6,3,3,Yes,,1,3,Yes,3,3,5,,,,,,Yes,Yes,Yes,,Yes,Battle - Rom,,,Charged Particle Reaction,on CPB: affected targets release mini-CPBs,Isometric Dispersal Array,Very Rare,Sci,28,35,54,Ignores +/- SCI from Events,TRUE,TRUE,FALSE,,3,,3,3,5,3,3,5,Sci,Battle,Galas Surveillance Explorer Warbird,https://stowiki.net/wiki/Galas_Surveillance_Explorer_Warbird,Charged Particle Reaction,https://stowiki.net/wiki/Charged_Particle_Reaction_(starship_trait),Isometric Dispersal Array,https://stowiki.net/wiki/Console_-_Universal_-_Isometric_Dispersal_Array
,166,Palatine Multi-Mission Reconnaissance Explorer,9 Feb 2017,2017,2,C Store,C Store,Multimission / Fed,,Federation,Starfleet,Fed MM,Science Vessel,Multi-mission Science Vessel,Multi-mission Science Vessel,3,2,4,3,,,,3,,,7,6,8,0,0,0,3,0,1,1,3,0.95,42750,1.4,12,0.15,50,10,,,10,4,Sci,,3,Uni,Tmp,3,Tac,,2,Eng,,1,Uni,,,,,6,3,3,Yes,,1,3,Yes,4,2,5,,,,,,Yes,Yes,Yes,,,,,,Heavy Tachyon Mine,on firing mode: create a mine,Radiation Bombardment Matrix,Very Rare,Sci,21,44,52,Ignores +/- TAC from Events,TRUE,TRUE,FALSE,,3,,4,2,5,4,2,5,Sci,,Palatine Multi-Mission Reconnaissance Explorer,https://stowiki.net/wiki/Palatine_Multi-Mission_Reconnaissance_Explorer,Heavy Tachyon Mine,https://stowiki.net/wiki/Heavy_Tachyon_Mine_(starship_trait),Radiation Bombardment Matrix,https://stowiki.net/wiki/Console_-_Universal_-_Radiation_Bombardment_Matrix
,161,Esquiline Multi-Mission Strategic Explorer,9 Feb 2017,2017,2,C Store,C Store,Multimission / Fed,,Federation,Starfleet,Fed MM,Science Vessel,Multi-mission Science Vessel,Multi-mission Science Vessel,2,3,4,3,,,,3,,,6,7,8,0,0,0,3,0,1,1,3,0.95,42750,1.4,12,0.15,50,,10,,10,4,Sci,,3,Uni,Tmp,3,Eng,,2,Tac,,1,Uni,,,,,6,3,3,Yes,,1,3,Yes,4,3,4,,,,,,Yes,Yes,Yes,,,,,,Exotic Particle Shielding,on Team ability: +DRR,Omni-Directional Tachyon Wave Siphon,Very Rare,Sci,32,39,46,Ignores +/- ENG from Events,TRUE,TRUE,FALSE,,3,,4,3,4,4,3,4,Sci,,Esquiline Multi-Mission Strategic Explorer,https://stowiki.net/wiki/Esquiline_Multi-Mission_Strategic_Explorer,Exotic Particle Shielding,https://stowiki.net/wiki/Exotic_Particle_Shielding_(starship_trait),Omni-Directional Tachyon Wave Siphon,https://stowiki.net/wiki/Console_-_Universal_-_Omni-Directional_Tachyon_Wave_Siphon
,160,Brigid Multi-Mission Surveillance Explorer,9 Feb 2017,2017,2,C Store,C Store,Multimission / Fed,,Federation,Starfleet,Fed MM,Science Vessel,Multi-mission Science Vessel,Multi-mission Science Vessel,2,2,4,3,,,,3,,,7,7,9,0,0,0,3,0,1,1,3,0.95,42750,1.4,12,0.15,50,5,,,15,4,Sci,,3,Uni,Tmp,2,Uni,,2,Tac,,2,Eng,,,,,6,3,3,Yes,,1,3,Yes,3,3,5,,,,,,Yes,Yes,Yes,,,,,,Charged Particle Reaction,on CPB: affected targets release mini-CPBs,Isometric Dispersal Array,Very Rare,Sci,28,35,54,Ignores +/- SCI from Events,TRUE,TRUE,FALSE,,3,,3,3,5,3,3,5,Sci,,Brigid Multi-Mission Surveillance Explorer,https://stowiki.net/wiki/Brigid_Multi-Mission_Surveillance_Explorer,Charged Particle Reaction,https://stowiki.net/wiki/Charged_Particle_Reaction_(starship_trait),Isometric Dispersal Array,https://stowiki.net/wiki/Console_-_Universal_-_Isometric_Dispersal_Array
,159,Thrai Dreadnought Warbird,26 Jan 2017,2017,1,Lockbox,C Store (Mudd),Dread Through the Ages - A,,Romulan,Romulan (23c),,Engineering WB,Dreadnought Cruiser,Dreadnought Cruiser (warbird),3,4,2,2,,2,,3,,,5,8,4,0,2,0,3,0,2,2,5,1.45,65250,1.1,8.5,0.15,35,10,,10,,4,Eng,,3,Tac,Tmp,2,Uni,,2,Eng,Cmd,2,Sci,,,,,8,5,3,Yes,,1,3,Yes,4,5,2,,,,,,,,,,Yes,Battle - Rom,,,Layered Shielding,on EP2S / Extend Shields: target gains secondary shields,Secondary Shield Projector,Ultra Rare,Eng,57,49,20,+15 ALL Stats when Alone,TRUE,TRUE,FALSE,,3,,4,5,2,4,5,2,Eng,Battle,Thrai Dreadnought Warbird,https://stowiki.net/wiki/Thrai_Dreadnought_Warbird,Layered Shielding,https://stowiki.net/wiki/Layered_Shielding_(starship_trait),Secondary Shield Projector,https://stowiki.net/wiki/Console_-_Universal_-_Secondary_Shield_Projector
,158,D9 Dreadnought Battlecruiser,26 Jan 2017,2017,1,Lockbox,C Store (Mudd),Dread Through the Ages - A,,Klingon,Klingon,,Dreadnought Cruiser,Dreadnought Cruiser,Dreadnought Cruiser,3,4,2,2,,2,,3,,,5,8,4,0,2,0,3,0,2,2,5,1.51,67950,1.1,7,0.15,35,10,,10,,4,Eng,,3,Tac,Tmp,2,Uni,,2,Eng,Cmd,2,Sci,,,,,8,5,3,Yes,,1,3,Yes,4,5,2,,Yes,,,Yes,,,,,,Cloak,,,Catastrophic Overload,on Jam Sensors: AoE disable and electric damage,Disruption Pulse Emitter,Ultra Rare,Eng,62,46,18,+15 ALL Stats when Alone,TRUE,TRUE,FALSE,,3,,4,5,2,4,5,2,Eng,Basic,D9 Dreadnought Battlecruiser,https://stowiki.net/wiki/D9_Dreadnought_Battlecruiser,Catastrophic Overload,https://stowiki.net/wiki/Catastrophic_Overload_(starship_trait),Disruption Pulse Emitter,https://stowiki.net/wiki/Console_-_Universal_-_Disruption_Pulse_Emitter
,157,Atlas Prototype Dreadnought Cruiser,26 Jan 2017,2017,1,Lockbox,C Store (Mudd),Dread Through the Ages - A,,Federation,Starfleet (23c),Atlas,Dreadnought Cruiser,Dreadnought Cruiser,Dreadnought Cruiser,3,4,2,2,,2,,3,,,5,8,4,0,2,0,3,0,2,2,5,1.46,65700,1.15,8,0.15,35,5,5,5,5,4,Eng,,3,Tac,Tmp,2,Uni,,2,Eng,Cmd,2,Sci,,,,,8,5,3,Yes,,1,3,Yes,4,5,2,,Yes,,,Yes,,,,,,,,,SIF Shunt,on hull heal while full HP: stacking power level boost,Dynamic Power Redistributor Module,Ultra Rare,Eng,62,44,20,+15 ALL Stats when Alone,TRUE,TRUE,FALSE,,3,,4,5,2,4,5,2,Eng,,Atlas Prototype Dreadnought Cruiser,https://stowiki.net/wiki/Atlas_Prototype_Dreadnought_Cruiser,SIF Shunt,https://stowiki.net/wiki/SIF_Shunt_(starship_trait),Dynamic Power Redistributor Module,https://stowiki.net/wiki/Console_-_Universal_-_Dynamic_Power_Redistributor_Module
,155,Lukari Ho'kuun Science Vessel,26 Jan 2017,2017,1,Event,Phoenix,,,X-faction,Lukari,Lukari,Science Vessel,Science Vessel,Science Vessel,2,3,4,2,3,,,,,,4,5,8,3,0,0,0,0,1,1,3,0.94,42300,1.42,13.5,0.16,55,,10,,10,4,Sci,,3,Eng,Int,2,Uni,,2,Tac,,2,Sci,,,,,6,3,3,,,,3,Yes,2,4,5,,,,,,Yes,Yes,Yes,,,,,,Protomatter Capacitor,on CPB / Tachyon Beam / Energy Siphon: stacking hull and shield regen buff,Protomatter Field Projector,Ultra Rare,Sci,42,20,64,+10 SCI per SciShip,TRUE,TRUE,FALSE,,3,,2,4,5,2,4,5,Sci,,Lukari Ho'kuun Science Vessel,https://stowiki.net/wiki/Lukari_Ho%27kuun_Science_Vessel,Protomatter Capacitor,https://stowiki.net/wiki/Protomatter_Capacitor_(starship_trait),Protomatter Field Projector,https://stowiki.net/wiki/Console_-_Universal_-_Protomatter_Field_Projector
,156,NX Escort Refit,26 Jan 2017,2017,1,Lobi,C Store (Bundle),16th Anniversary / Faith of the Heart - C,,Federation,Starfleet (22c),NX,Escort,Escort,Escort,4,3,1,3,,,2,3,,,9,6,4,0,0,2,3,0,2,2,5,1.125,50625,1.05,16,0.2,60,15,,5,,4,Tac,,3,Uni,Tmp,3,Eng,,2,Tac,Pil,1,Sci,,,,,7,5,2,Yes,Yes,,2,Yes,5,4,2,,,,,,,,,,,,,,Preferential Targeting,on B:FAW / C:SV: B:O and C:RF to do additional damage,Point Defense Bombardment Warhead,Ultra Rare,Tac,42,63,21,+8 TAC per ANY Ship (Not Small Craft),TRUE,TRUE,FALSE,,2,,5,4,2,5,4,2,Tac,,NX Escort Refit,https://stowiki.net/wiki/NX_Escort_Refit,Preferential Targeting,https://stowiki.net/wiki/Preferential_Targeting_(starship_trait),Point Defense Bombardment Warhead,https://stowiki.net/wiki/Console_-_Universal_-_Point_Defense_Bombardment_Warhead
,153,Elachi Ornash Battlecruiser,19 Jan 2017,2017,1,Lobi,Lobi,,,X-faction,Elachi,,Battlecruiser,Battlecruiser,Battlecruiser,3,4,1,3,,3,,,,,8,9,6,0,5,0,0,0,1,2,5,1.4,63000,1.2,10,0.15,30,10,,10,,4,Eng,,3,Uni,,3,Tac,Cmd,2,Uni,Cmd,1,Sci,,,,,8,4,4,Yes,,,4,Yes,4,5,2,,Yes,Yes,Yes,,,,,,,,,,Subspace Reinforcements,on losing 15% hull in 3 seconds: summon healing ally,Enhanced Elachi Subspace Transceiver,Ultra Rare,Eng,56,38,32,2.5x Critical Rating from ENG,TRUE,TRUE,FALSE,,4,,4,5,2,4,5,2,Eng,,Elachi Ornash Battlecruiser,https://stowiki.net/wiki/Elachi_Ornash_Battlecruiser,Subspace Reinforcements,https://stowiki.net/wiki/Subspace_Reinforcements_(starship_trait),Enhanced Elachi Subspace Transceiver,https://stowiki.net/wiki/Console_-_Universal_-_Enhanced_Elachi_Subspace_Transceiver
,154,Elachi S'ateth Escort,19 Jan 2017,2017,1,Lockbox,C Store (Mudd),Faith of the Heart - A,,X-faction,Elachi,,Escort,Escort,Escort,4,1,3,3,,,3,,,,9,6,8,0,0,5,0,0,1,2,5,0.95,42750,1.3,16,0.2,60,15,,5,,4,Tac,,3,Uni,Pil,3,Sci,,2,Uni,Pil,1,Eng,,,,,7,4,3,Yes,Yes,,2,Yes,5,2,4,,,,,,,,,,,,,,Crescent Wave Discharge,"on B:O / Pliot: gain 1 counter. At 3, do disruptor damage and disable 1 subsystem",Enhanced Crescent Wave Cannon,Ultra Rare,Tac,23,62,41,2.5x Critical Rating from TAC,TRUE,TRUE,FALSE,,2,,5,2,4,5,2,4,Tac,,Elachi S'ateth Escort,https://stowiki.net/wiki/Elachi_S%27ateth_Escort,Crescent Wave Discharge,https://stowiki.net/wiki/Crescent_Wave_Discharge_(starship_trait),Enhanced Crescent Wave Cannon,https://stowiki.net/wiki/Console_-_Universal_-_Enhanced_Crescent_Wave_Cannon
,152,Breen Chel Boalg Warship,1 Dec 2016,2016,12,Event,Phoenix,,,X-faction,Breen,,Destroyer,Warship,Warship,4,2,3,3,3,,,,,,8,6,7,3,0,0,0,0,1,1,3,1.2,54000,1,13,0.18,50,15,,5,,4,Tac,,3,Uni,,3,Sci,Int,2,Eng,,1,Uni,,,,,8,4,4,Yes,,,3,Yes,4,4,3,,,,,,,,,,,,,,Cryonic Siphon,"on Energy Siphon: -Shield Hardness, -DRR",Enhanced Breen Energy Dissipator,Ultra Rare,Tac,40,53,33,+10 TAC per EngShip,TRUE,TRUE,FALSE,,3,,4,4,3,4,4,3,Tac,,Breen Chel Boalg Warship,https://stowiki.net/wiki/Breen_Chel_Boalg_Warship,Cryonic Siphon,https://stowiki.net/wiki/Cryonic_Siphon_(starship_trait),Enhanced Breen Energy Dissipator,https://stowiki.net/wiki/Console_-_Universal_-_Enhanced_Breen_Energy_Dissipator
,151,Fleet Naj'sov Research Vessel,24 Nov 2016,2016,11,Fleet,Fleet,,,Klingon,Klingon,Naj'sov,Science Vessel,Science Vessel,Science Vessel,2,3,4,3,,,,3,,,5,6,8,0,0,0,3,0,1,1,3,1.1825,53212.5,1.4025,10.5,0.15,45,,5,,15,4,Sci,,3,Uni,,3,Eng,Tmp,2,Tac,,1,Sci,,,,,6,3,3,,,,3,Yes,2,4,5,,,,,,Yes,Yes,Yes,,,Cloak,,,,,,Very Rare,Sci,39,20,58,2.5x Critical Rating from SCI,TRUE,TRUE,FALSE,,3,,2,4,5,2,4,5,Sci,Basic,Fleet Naj'sov Research Vessel,https://stowiki.net/wiki/Fleet_Naj%27sov_Research_Vessel,,,,
,150,Fleet Magellan Advanced Research Vessel,24 Nov 2016,2016,11,Fleet,Fleet,,,Federation,Starfleet,Nebula,Science Vessel,Science Vessel,Science Vessel,2,3,4,3,,,,3,,,5,6,8,0,0,0,3,0,1,1,3,1.155,51975,1.43,10,0.15,45,,5,,15,4,Sci,,3,Uni,,3,Eng,Tmp,2,Tac,,1,Sci,,,,,6,3,3,,,,3,Yes,2,4,5,,,,,,Yes,Yes,Yes,,,,,,,,,Very Rare,Sci,39,20,58,2.5x Critical Rating from SCI,TRUE,TRUE,FALSE,,3,,2,4,5,2,4,5,Sci,,Fleet Magellan Advanced Research Vessel,https://stowiki.net/wiki/Fleet_Magellan_Advanced_Research_Vessel,,,,
,149,Fleet Laeosa Research Warbird,24 Nov 2016,2016,11,Fleet,Fleet,,,Romulan,Romulan,Laeosa,Science WB,Science Vessel,Science Vessel (warbird),2,3,4,3,,,,3,,,5,6,8,0,0,0,3,0,1,1,3,1.045,47025,1.4025,11,0.15,45,,5,,15,4,Sci,,3,Uni,,3,Eng,Tmp,2,Tac,,1,Sci,,,,,6,3,3,Yes,,,3,Yes,2,4,5,,,,,,Yes,Yes,Yes,,Yes,Battle - Rom,,,,,,Very Rare,Sci,37,24,55,2.5x Critical Rating from SCI,TRUE,TRUE,FALSE,,3,,2,4,5,2,4,5,Sci,Battle,Fleet Laeosa Research Warbird,https://stowiki.net/wiki/Fleet_Laeosa_Research_Warbird,,,,
,148,Sutherland Advanced Research Vessel,24 Nov 2016,2016,11,C Store,C Store,Cross-Faction Science,,Federation,Starfleet,Nebula,Science Vessel,Science Vessel,Science Vessel,2,3,4,3,,,,3,,,5,6,8,0,0,0,3,0,1,1,3,1.05,47250,1.3,10,0.15,45,,5,,15,4,Sci,,3,Uni,,3,Eng,Tmp,2,Tac,,1,Sci,,,,,6,3,3,,,,3,,2,3,5,,,,,,Yes,Yes,Yes,,,,,,Tachyon Dispersal,on Tachyon Beam: AoE shield DoT and shield res debuff,Tachyon Particle Field Emitter,Rare,Sci,31,20,57,+8 SCI per EngShip or TacShip,TRUE,TRUE,FALSE,,3,,2,3,5,2,3,5,Sci,,Sutherland Advanced Research Vessel,https://stowiki.net/wiki/Sutherland_Advanced_Research_Vessel,Tachyon Dispersal,https://stowiki.net/wiki/Tachyon_Dispersal_(starship_trait),Tachyon Particle Field Emitter,https://stowiki.net/wiki/Console_-_Universal_-_Tachyon_Particle_Field_Emitter
,147,Naj'sov Research Vessel,24 Nov 2016,2016,11,C Store,C Store,Cross-Faction Science,KDF Fleet,Klingon,Klingon,Naj'sov,Science Vessel,Science Vessel,Science Vessel,2,3,4,3,,,,3,,,5,6,8,0,0,0,3,0,1,1,3,1.075,48375,1.275,10.5,0.15,45,,5,,15,4,Sci,,3,Uni,,3,Eng,Tmp,2,Tac,,1,Sci,,,,,6,3,3,,,,3,,2,3,5,,,,,,Yes,Yes,Yes,,,Cloak,,,Tachyon Dispersal,on Tachyon Beam: AoE shield DoT and shield res debuff,Tachyon Particle Field Emitter,Rare,Sci,31,20,57,+8 SCI per EngShip or TacShip,TRUE,TRUE,FALSE,,3,,2,3,5,2,3,5,Sci,Basic,Naj'sov Research Vessel,https://stowiki.net/wiki/Naj%27sov_Research_Vessel,Tachyon Dispersal,https://stowiki.net/wiki/Tachyon_Dispersal_(starship_trait),Tachyon Particle Field Emitter,https://stowiki.net/wiki/Console_-_Universal_-_Tachyon_Particle_Field_Emitter
,146,Laeosa Research Warbird,24 Nov 2016,2016,11,C Store,C Store,Cross-Faction Science,Rom Fleet,Romulan,Romulan,Laeosa,Science WB,Science Vessel,Science Vessel (warbird),2,3,4,3,,,,3,,,5,6,8,0,0,0,3,0,1,1,3,0.95,42750,1.275,11,0.15,45,,5,,15,4,Sci,,3,Uni,,3,Eng,Tmp,2,Tac,,1,Sci,,,,,6,3,3,Yes,,,3,,2,3,5,,,,,,Yes,Yes,Yes,,Yes,Battle - Rom,,,Tachyon Dispersal,on Tachyon Beam: AoE shield DoT and shield res debuff,Tachyon Particle Field Emitter,Rare,Sci,37,22,55,+8 SCI per EngShip or TacShip,TRUE,TRUE,FALSE,,3,,2,3,5,2,3,5,Sci,Battle,Laeosa Research Warbird,https://stowiki.net/wiki/Laeosa_Research_Warbird,Tachyon Dispersal,https://stowiki.net/wiki/Tachyon_Dispersal_(starship_trait),Tachyon Particle Field Emitter,https://stowiki.net/wiki/Console_-_Universal_-_Tachyon_Particle_Field_Emitter
,145,Vizier Command Assault Cruiser,17 Nov 2016,2016,11,Other,C Store (Mudd),,,Federation,Starfleet,Sovereign,Cruiser,Cruiser,Cruiser,3,4,,3,,3,,,,,7,9,3,0,3,0,0,0,1,1,3,1.3,58500,1,7,0.15,40,10,5,,5,4,Eng,,3,Uni,Cmd,3,Tac,,2,Eng,,1,Tac,,,,,8,4,4,,,,4,,3,5,2,,Yes,Yes,Yes,Yes,,,,,,,,,Vent Metreon Laced Plasma,"Eject Warp Plasma gains double duration, and clouds explode",Metreon Gas Warhead Launcher,Rare,Eng,62,30,16,+10 TAC per EngShip,TRUE,TRUE,FALSE,,4,,3,5,2,3,5,2,Eng,,Vizier Command Assault Cruiser,https://stowiki.net/wiki/Vizier_Command_Assault_Cruiser,Vent Metreon Laced Plasma,https://stowiki.net/wiki/Vent_Metreon_Laced_Plasma_(starship_trait),Metreon Gas Warhead Launcher,https://stowiki.net/wiki/Console_-_Universal_-_Metreon_Gas_Warhead_Launcher
,144,Fleet Vizier Command Assault Cruiser,17 Nov 2016,2016,11,Fleet,Fleet,,,Federation,Starfleet,Sovereign,Cruiser,Cruiser,Cruiser,3,4,,3,,3,,,,,7,9,3,0,3,0,0,0,1,1,3,1.43,64350,1.1,7,0.15,40,10,5,,5,4,Eng,,3,Uni,Cmd,3,Tac,,2,Eng,,1,Tac,,,,,8,4,4,,,,4,Yes,4,5,2,,Yes,Yes,Yes,Yes,,,,,,,,,,,,Very Rare,Eng,64,37,16,+8 TAC per TacShip or SciShip,TRUE,TRUE,FALSE,,4,,4,5,2,4,5,2,Eng,,Fleet Vizier Command Assault Cruiser,https://stowiki.net/wiki/Fleet_Vizier_Command_Assault_Cruiser,,,,
,143,Fleet Imperial Intel Assault Cruiser,17 Nov 2016,2016,11,Fleet,Fleet,,,Federation,Starfleet,Sovereign,Cruiser,Cruiser,Cruiser,3,4,,3,3,,,,,,7,9,3,3,0,0,0,0,1,1,3,1.43,64350,1.1,7,0.15,40,10,5,,5,4,Eng,,3,Uni,Int,3,Tac,,2,Eng,,1,Tac,,,,,8,4,4,,,,4,Yes,4,5,2,,Yes,Yes,Yes,Yes,,,,,,,,,,,,Very Rare,Eng,64,37,16,+35 TAC when Alone,TRUE,TRUE,FALSE,,4,,4,5,2,4,5,2,Eng,,Fleet Imperial Intel Assault Cruiser,https://stowiki.net/wiki/Fleet_Imperial_Intel_Assault_Cruiser,,,,
,142,Archon Intel Assault Cruiser,17 Nov 2016,2016,11,C Store,C Store,,,Federation,Starfleet,Sovereign,Cruiser,Cruiser,Cruiser,3,4,,3,3,,,,,,7,9,3,3,0,0,0,0,1,1,3,1.3,58500,1,7,0.15,40,10,5,,5,4,Eng,,3,Uni,Int,3,Tac,,2,Eng,,1,Tac,,,,,8,4,4,,,,4,,3,5,2,,Yes,Yes,Yes,Yes,,,,,,,,,Specialist Knowledge,on Intel / Com: -Eng CDs,Incremental Phase Cloaking Device,Rare,Eng,62,30,16,+20 ENG and TAC when Alone,TRUE,TRUE,FALSE,,4,,3,5,2,3,5,2,Eng,,Archon Intel Assault Cruiser,https://stowiki.net/wiki/Archon_Intel_Assault_Cruiser,Specialist Knowledge,https://stowiki.net/wiki/Specialist_Knowledge_(starship_trait),Incremental Phase Cloaking Device,https://stowiki.net/wiki/Console_-_Universal_-_Incremental_Phase_Cloaking_Device
,141,Sphere Builder Denuos Dreadnought Carrier,25 Oct 2016,2016,10,Lockbox,Lockbox,,,X-faction,Sphere Builder,,Tactical Carrier,Dreadnought Carrier,Dreadnought Carrier (Tac),4,2,3,3,,2,,4,,Tmp,7,5,7,0,2,0,4,0,2,2,6,1.425,64125,1.15,8,0.15,35,10,10,,,4,Tac,Tmp,3,Uni,,3,Sci,,2,Eng,Cmd,1,Sci,,,,,7,4,3,Yes,,2,3,Yes,4,3,4,,,,,,,,,,,,,,Delphic Shockwave,"Photonic Shockwave loses repel, gains radiation anomaly",Chroniton Fragmentation Warhead Launcher,Ultra Rare,Tac,35,53,38,2.5x Critical Rating from TAC,TRUE,TRUE,FALSE,,3,,4,3,4,4,3,4,Tac,,Sphere Builder Denuos Dreadnought Carrier,https://stowiki.net/wiki/Sphere_Builder_Denuos_Dreadnought_Carrier,Delphic Shockwave,https://stowiki.net/wiki/Delphic_Shockwave_(starship_trait),Chroniton Fragmentation Warhead Launcher,https://stowiki.net/wiki/Console_-_Universal_-_Chroniton_Fragmentation_Warhead_Launcher
,140,Sphere Builder Edoulg Science Vessel,25 Oct 2016,2016,10,Lobi,C Store (Mudd),Old Rivals - C,,X-faction,Sphere Builder,,Science Vessel,Multi-mission Science Vessel,Multi-mission Science Vessel,3,2,4,3,2,,,4,,Tmp,6,5,8,2,0,0,4,0,2,2,6,1.15,51750,1.45,9,0.15,40,5,5,,10,4,Sci,Tmp,3,Uni,,3,Tac,,2,Eng,Int,1,Sci,,,,,6,4,2,Yes,,1,3,Yes,4,2,5,,,,,,Yes,Yes,Yes,,,,,,Delphic Phasing,"on crit: stacking +DRR, on full stacks: brief immunity",Quantum Deceleration Field Generator,Ultra Rare,Sci,24,44,58,2.5x Critical Rating from SCI,TRUE,TRUE,FALSE,,3,,4,2,5,4,2,5,Sci,,Sphere Builder Edoulg Science Vessel,https://stowiki.net/wiki/Sphere_Builder_Edoulg_Science_Vessel,Delphic Phasing,https://stowiki.net/wiki/Delphic_Phasing_(starship_trait),Quantum Deceleration Field Generator,https://stowiki.net/wiki/Console_-_Universal_-_Quantum_Deceleration_Field_Generator
,139,Jem'Hadar Dreadnought Carrier,13 Oct 2016,2016,10,Lockbox,C Store (Mudd),Carried Away - A,,X-faction,Jem'Hadar,,Tactical Carrier,Dreadnought Carrier,Dreadnought Carrier (Tac),4,3,1,3,,3,,,,,9,6,4,0,5,0,0,0,1,2,5,1.5,67500,1.15,6,0.17,30,10,,,10,4,Tac,,3,Uni,,3,Eng,Cmd,2,Tac,Cmd,1,Sci,,,,,7,4,3,Yes,,2,3,Yes,4,5,2,,,,,,,Yes,,,,,,,Dominion Coordination,"on B:O, C:RF, Surgical Strikes: +Dmg to hangar pets",Enhanced Dominion Command Interface,Ultra Rare,Tac,49,55,22,+35 TAC when Alone,TRUE,TRUE,FALSE,,3,,4,5,2,4,5,2,Tac,,Jem'Hadar Dreadnought Carrier,https://stowiki.net/wiki/Jem%27Hadar_Dreadnought_Carrier_(T6),Dominion Coordination,https://stowiki.net/wiki/Dominion_Coordination_(starship_trait),Enhanced Dominion Command Interface,https://stowiki.net/wiki/Console_-_Universal_-_Enhanced_Dominion_Command_Interface
,138,Cardassian Keldon Cruiser,13 Oct 2016,2016,10,Lockbox,Lockbox,,,X-faction,Cardassian,,Cruiser,Cruiser,Cruiser,3,4,1,3,3,,,,,,6,9,4,5,0,0,0,0,1,2,5,1.25,56250,1.3,10,0.17,45,10,10,,,4,Eng,,3,Uni,Int,3,Tac,,2,Eng,Int,1,Sci,,,,,8,4,4,,,,4,Yes,3,5,3,,Yes,Yes,Yes,Yes,,,,,,,,,Insidious Tactics,"on Aceton Beam / Surgical Strikes / T:TW: stacking +CritH, +CritD",Spiral Wave Disruptor Lance,Ultra Rare,Eng,71,29,26,1.5x Critical Rating from ENG and TAC,TRUE,TRUE,FALSE,,4,,3,5,3,3,5,3,Eng,,Cardassian Keldon Cruiser,https://stowiki.net/wiki/Cardassian_Keldon_Cruiser,Insidious Tactics,https://stowiki.net/wiki/Insidious_Tactics_(starship_trait),Spiral Wave Disruptor Lance,https://stowiki.net/wiki/Console_-_Universal_-_Spiral_Wave_Disruptor_Lance
,137,Jem'Hadar Heavy Strike Wing Escort,13 Oct 2016,2016,10,Lobi,Lobi,,,X-faction,Jem'Hadar,,Escort,Strike Wing Escort,Strike Wing Escort,4,2,2,3,2,,3,,,,9,7,7,2,0,3,0,0,2,2,5,1.275,57375,1.05,15,0.2,60,10,5,,5,4,Tac,,3,Uni,Pil,2,Uni,,2,Eng,Int,2,Sci,,,,,7,4,3,Yes,Yes,1,3,Yes,5,4,2,,,,,,,,,,,,,,Tactical Analysis,on Tactical Team: +armor pen,Enhanced Dominion Coordination Protocol,Ultra Rare,Tac,42,60,24,Ignores +/- TAC from Events,TRUE,TRUE,FALSE,,3,,5,4,2,5,4,2,Tac,,Jem'Hadar Heavy Strike Wing Escort,https://stowiki.net/wiki/Jem%27Hadar_Heavy_Strike_Wing_Escort_(T6),Tactical Analysis,https://stowiki.net/wiki/Tactical_Analysis_(starship_trait),Enhanced Dominion Coordination Protocol,https://stowiki.net/wiki/Console_-_Universal_-_Enhanced_Dominion_Coordination_Protocol
,135,D7 Temporal Battlecruiser,25 Aug 2016,2016,8,Promo,C Store (Mudd),Cruiserweight - A,,Klingon,Klingon (23c),D7,Battlecruiser,Battlecruiser,Battlecruiser,3,4,3,3,3,,,4,,Tmp,6,7,6,3,0,0,4,0,2,2,7,1.4,63000,1.15,11,0.15,45,10,,10,,4,Eng,Tmp,3,Uni,Int,3,Tac,,3,Sci,,,,,,,,8,5,3,Yes,,,4,Yes,4,4,3,,Yes,Yes,,,,,,,,Battle,,,Built To Last,"on Hull Heal: +hull regen, -weapon cost",Ominous Device,Ultra Rare,Eng,53,44,29,Ignores +/- ENG from Events,TRUE,TRUE,FALSE,,4,,4,4,3,4,4,3,Eng,Battle,D7 Temporal Battlecruiser,https://stowiki.net/wiki/D7_Temporal_Battlecruiser,Built To Last,https://stowiki.net/wiki/Built_To_Last_(starship_trait),Ominous Device,https://stowiki.net/wiki/Console_-_Universal_-_Ominous_Device
,134,Constitution Temporal Light Cruiser,25 Aug 2016,2016,8,Promo,C Store (Mudd),Cruiserweight - A,,Federation,Starfleet (23c),Connie,Cruiser,Cruiser,Cruiser,3,4,3,3,,3,,4,,Tmp,6,7,6,0,3,0,4,0,2,2,7,1.375,61875,1.175,11.5,0.15,45,5,5,5,5,4,Eng,Tmp,3,Uni,Cmd,3,Tac,,3,Sci,,,,,,,,8,5,3,,,,4,Yes,4,4,3,,Yes,Yes,,Yes,,,,,,,,,Built To Last,"on Hull Heal: +hull regen, -weapon cost",Ominous Device,Ultra Rare,Eng,58,37,30,Ignores +/- ENG from Events,TRUE,TRUE,FALSE,,4,,4,4,3,4,4,3,Eng,,Constitution Temporal Light Cruiser,https://stowiki.net/wiki/Constitution_Temporal_Light_Cruiser,Built To Last,https://stowiki.net/wiki/Built_To_Last_(starship_trait),Ominous Device,https://stowiki.net/wiki/Console_-_Universal_-_Ominous_Device
,136,T'liss Temporal Warbird,25 Aug 2016,2016,8,Promo,C Store (Mudd),Cruiserweight - A,,Romulan,Romulan,T'liss,Tactical WB,Escort,Escort (warbird),4,3,3,3,,,3,4,,Tmp,7,6,6,0,0,3,4,0,2,2,7,1.15,51750,1.05,19,0.2,70,10,,10,,4,Tac,Tmp,3,Uni,Pil,3,Eng,,3,Sci,,,,,,,,7,5,2,Yes,Yes,,2,Yes,4,3,4,,,,,,,,,,Yes,Enh Battle,,,Built To Last,"on Hull Heal: +hull regen, -weapon cost",Ominous Device,Ultra Rare,Tac,35,52,39,Ignores +/- ENG from Events,TRUE,TRUE,FALSE,,2,,4,3,4,4,3,4,Tac,Enhanced,T'liss Temporal Warbird,https://stowiki.net/wiki/T%27liss_Temporal_Warbird,Built To Last,https://stowiki.net/wiki/Built_To_Last_(starship_trait),Ominous Device,https://stowiki.net/wiki/Console_-_Universal_-_Ominous_Device
,133,Ferengi Nagus Marauder,19 Jul 2016,2016,7,Other,Giveaway,,,X-faction,Ferengi,Marauder,Battlecruiser,Battlecruiser,Battlecruiser,3,4,2,2,3,4,,,,Cmd,5,8,4,3,4,0,0,0,2,2,7,1.35,60750,1.15,9,0.15,50,5,5,5,5,4,Eng,Cmd,3,Tac,Int,2,Uni,,2,Eng,,2,Sci,,,,,8,5,3,Yes,,,4,Yes,4,4,3,,Yes,Yes,Yes,,,,,,,,,,Streak Breaker,"on 5 misses: +acc, +def, +crit chance",Battle Module 4000,Ultra Rare,Eng,57,42,27,Ignores +/- ENG from Events,TRUE,TRUE,FALSE,,4,,4,4,3,4,4,3,Eng,,Ferengi Nagus Marauder,https://stowiki.net/wiki/Ferengi_Nagus_Marauder,Streak Breaker,https://stowiki.net/wiki/Streak_Breaker_(starship_trait),Battle Module 4000,https://stowiki.net/wiki/Console_-_Universal_-_Battle_Module_4000
,132,Kelvin T'laru Intel Carrier Warbird,6 Jul 2016,2016,7,Lockbox,C Store (Mudd),Into Darkness - B,,Romulan,Romulan (23c K),,Science Carrier WB,Science Carrier,Science Carrier (warbird),2,2,4,3,4,,,2,,Int,7,7,9,4,0,0,2,0,2,2,6,1.3,58500,1.25,8.5,0.18,30,,10,,10,4,Sci,Int,3,Uni,,2,Uni,,2,Tac,,2,Eng,Tmp,,,,6,4,2,Yes,,2,3,Yes,4,3,4,,,,,,,,,,Yes,Battle - Rom,,,Highly Specialized,"on specialist ability: -spec CDs,  stacking +Hull Restoration, +EPG, +CritH",Mining Drill Laser Emitter,Ultra Rare,Sci,36,45,45,+8 SCI per EngShip or TacShip,TRUE,TRUE,FALSE,,3,,4,3,4,4,3,4,Sci,Battle,Kelvin T'laru Intel Carrier Warbird,https://stowiki.net/wiki/Kelvin_T%27laru_Intel_Carrier_Warbird,Highly Specialized,https://stowiki.net/wiki/Highly_Specialized_(starship_trait),Mining Drill Laser Emitter,https://stowiki.net/wiki/Console_-_Universal_-_Mining_Drill_Laser_Emitter
,118,Chronos Temporal Dreadnought Cruiser,6 Jul 2016,2016,7,C Store,C Store,Temporal / 31c,,X-faction,Starfleet (31c),,Dreadnought Cruiser,Dreadnought Cruiser,Dreadnought Cruiser,3,4,3,2,,,,4,,Tmp,5,7,5,0,0,0,6,0,1,2,6,1.44,64800,1.15,9.5,0.15,35,10,5,5,,4,Eng,Tmp,3,Tac,,3,Sci,,2,Uni,Tmp,1,Eng,,,,,8,4,4,Yes,,1,4,Yes,4,4,3,,Yes,,,Yes,,,,,,,,,Exotic Modulation,on Directed Energy Modulation / Temp: +Exotic Dmg,Chronotachyon Capacitor,Very Rare,Eng,51,41,25,Ignores +/- ENG from Events,TRUE,TRUE,FALSE,,4,,4,4,3,4,4,3,Eng,,Chronos Temporal Dreadnought Cruiser,https://stowiki.net/wiki/Chronos_Temporal_Dreadnought_Cruiser,Exotic Modulation,https://stowiki.net/wiki/Exotic_Modulation_(starship_trait),Chronotachyon Capacitor,https://stowiki.net/wiki/Console_-_Universal_-_Chronotachyon_Capacitor
,130,Kelvin Constitution Heavy Command Cruiser,6 Jul 2016,2016,7,Lockbox,C Store (Mudd),Into Darkness - B,,Federation,Starfleet (23c K),Konnie,Cruiser,Cruiser,Cruiser,3,4,2,3,,4,,2,,Cmd,6,8,5,0,4,0,2,0,2,2,6,1.45,65250,1.1,8,0.15,40,5,5,5,5,4,Eng,Cmd,3,Uni,,3,Tac,,2,Sci,Tmp,1,Eng,,,,,8,4,4,,,,4,Yes,4,4,3,,Yes,Yes,Yes,Yes,,,,,,,,,Down But Not Out,"as HP decreases, max subsytem power increases",Auxiliary Ejection Assembly,Ultra Rare,Eng,62,36,28,+20 ENG and TAC when Alone,TRUE,TRUE,FALSE,,4,,4,4,3,4,4,3,Eng,,Kelvin Constitution Heavy Command Cruiser,https://stowiki.net/wiki/Kelvin_Constitution_Heavy_Command_Cruiser,Down But Not Out,https://stowiki.net/wiki/Down_But_Not_Out_(starship_trait),Auxiliary Ejection Assembly,https://stowiki.net/wiki/Console_-_Universal_-_Auxiliary_Ejection_Assembly
,129,Kelvin Vengeance Intel Dreadnought Cruiser,6 Jul 2016,2016,7,Lobi,C Store (Mudd),Into Darkness - D,,Federation,Starfleet (23c K),,Dreadnought Cruiser,Dreadnought Cruiser,Dreadnought Cruiser,3,4,1,3,4,,,2,,Int,8,9,6,4,0,0,2,0,2,2,6,1.52,68400,1.15,7,0.18,40,15,5,,,4,Eng,Int,3,Uni,,3,Tac,,2,Uni,Tmp,1,Sci,,,,,8,5,3,Yes,,1,4,Yes,4,5,2,,Yes,,,Yes,,,,,,Cloak,,,Target Rich Environment,on B:FAW / C:SV: +weapon damage per target hit,Broadside Emitter Arrays,Ultra Rare,Eng,58,49,19,Ignores +/- TAC from Events,TRUE,TRUE,FALSE,,4,,4,5,2,4,5,2,Eng,Basic,Kelvin Vengeance Intel Dreadnought Cruiser,https://stowiki.net/wiki/Kelvin_Vengeance_Intel_Dreadnought_Cruiser,Target Rich Environment,https://stowiki.net/wiki/Target_Rich_Environment_(starship_trait),Broadside Emitter Arrays,https://stowiki.net/wiki/Console_-_Universal_-_Broadside_Emitter_Arrays
,119,Eternal Temporal Multi-Mission Science Vessel,6 Jul 2016,2016,7,C Store,C Store,Temporal / 31c,,X-faction,Starfleet (31c),,Science Vessel,Multi-mission Science Vessel,Multi-mission Science Vessel,2,3,4,3,,,,4,,Tmp,5,6,8,0,0,0,6,0,1,2,6,1.075,48375,1.475,11.5,0.15,40,,5,,15,4,Sci,Tmp,3,Uni,,3,Eng,,2,Tac,Tmp,1,Sci,,,,,6,3,3,Yes,,1,3,Yes,3,3,5,,,,,,Yes,Yes,Yes,,,,,,Particle Feedback Loop,on Exotic: +Armor Pen,Causal Anchor,Very Rare,Sci,32,29,56,Ignores +/- SCI from Events,TRUE,TRUE,FALSE,,3,,3,3,5,3,3,5,Sci,,Eternal Temporal Multi-Mission Science Vessel,https://stowiki.net/wiki/Eternal_Temporal_Multi-Mission_Science_Vessel,Particle Feedback Loop,https://stowiki.net/wiki/Particle_Feedback_Loop_(starship_trait),Causal Anchor,https://stowiki.net/wiki/Console_-_Universal_-_Causal_Anchor
,127,Fleet Sagittarius Temporal Cruiser,6 Jul 2016,2016,7,Fleet,Fleet,,,Federation,Starfleet (26c),Gemini,Cruiser,Cruiser,Cruiser,3,4,3,2,,,,4,,Tmp,5,7,5,0,0,0,6,0,1,2,6,1.375,61875,1.15,8,0.15,45,5,5,5,5,4,Eng,Tmp,3,Tac,,3,Sci,,2,Uni,Tmp,1,Eng,,,,,8,4,4,,,,4,Yes,3,5,3,,Yes,Yes,,Yes,,,,,,,,,,,,Very Rare,Eng,61,28,28,+8 ENG per TacShip or SciShip,TRUE,TRUE,FALSE,,4,,3,5,3,3,5,3,Eng,,Fleet Sagittarius Temporal Cruiser,https://stowiki.net/wiki/Fleet_Sagittarius_Temporal_Cruiser,,,,
,123,Sagittarius Temporal Cruiser,6 Jul 2016,2016,7,C Store,C Store,Temporal,,Federation,Starfleet (26c),Gemini,Cruiser,Cruiser,Cruiser,3,4,3,2,,,,4,,Tmp,5,7,5,0,0,0,6,0,1,2,6,1.25,56250,1.05,8,0.15,45,5,5,5,5,4,Eng,Tmp,3,Tac,,3,Sci,,2,Uni,Tmp,1,Eng,,,,,8,4,4,,,,4,,3,4,3,,Yes,Yes,,Yes,,,,,,,,,Shield Overload,"on EP2S:  +DRR and shield hardness, decays over time",Chroniton Particle Exciter,Rare,Eng,56,26,26,+10 ENG per SciShip,TRUE,TRUE,FALSE,,4,,3,4,3,3,4,3,Eng,,Sagittarius Temporal Cruiser,https://stowiki.net/wiki/Sagittarius_Temporal_Cruiser,Shield Overload,https://stowiki.net/wiki/Shield_Overload_(starship_trait),Chroniton Particle Exciter,https://stowiki.net/wiki/Console_-_Universal_-_Chroniton_Particle_Exciter
,126,Fleet Paladin Temporal Battlecruiser,6 Jul 2016,2016,7,Fleet,Fleet,,,Federation,Starfleet (26c),Ranger,Battlecruiser,Battlecruiser,Battlecruiser,3,4,2,2,,,,4,,Tmp,7,6,4,0,0,0,6,0,1,2,6,1.32,59400,1.15,10,0.15,55,10,,10,,4,Eng,Tmp,3,Tac,,2,Uni,,2,Tac,Tmp,2,Sci,,,,,8,4,4,Yes,,,3,Yes,4,5,2,,Yes,Yes,,,,,,,,,,,,,,Very Rare,Eng,54,45,18,+35 TAC when Alone,TRUE,TRUE,FALSE,,3,,4,5,2,4,5,2,Eng,,Fleet Paladin Temporal Battlecruiser,https://stowiki.net/wiki/Fleet_Paladin_Temporal_Battlecruiser,,,,
,125,Fleet Nautilus Temporal Science Vessel,6 Jul 2016,2016,7,Fleet,Fleet,,,Federation,Starfleet (26c),Daedalus,Science Vessel,Science Vessel,Science Vessel,3,2,4,3,,,,4,,Tmp,7,5,7,0,0,0,6,0,1,2,6,0.968,43560,1.452,14,0.2,55,,5,,15,4,Sci,Tmp,3,Uni,,3,Tac,,2,Eng,Tmp,1,Tac,,,,,6,3,3,,,,3,Yes,4,2,5,,,,,,Yes,Yes,Yes,,,,,,,,,Very Rare,Sci,22,44,51,+8 SCI per EngShip or TacShip,TRUE,TRUE,FALSE,,3,,4,2,5,4,2,5,Sci,,Fleet Nautilus Temporal Science Vessel,https://stowiki.net/wiki/Fleet_Nautilus_Temporal_Science_Vessel,,,,
,122,Paladin Temporal Battlecruiser,6 Jul 2016,2016,7,C Store,C Store,Temporal,,Federation,Starfleet (26c),Ranger,Battlecruiser,Battlecruiser,Battlecruiser,3,4,2,2,,,,4,,Tmp,7,6,4,0,0,0,6,0,1,2,6,1.2,54000,1.05,10,0.15,55,10,,10,,4,Eng,Tmp,3,Tac,,2,Uni,,2,Tac,Tmp,2,Sci,,,,,8,4,4,Yes,,,3,,4,4,2,,Yes,Yes,,,,,,,,,,,Retaliation,on taking crit: +dmg,Heavy Phaser Assault Platform,Rare,Eng,47,44,17,2x Critical Rating from Events,TRUE,TRUE,FALSE,,3,,4,4,2,4,4,2,Eng,,Paladin Temporal Battlecruiser,https://stowiki.net/wiki/Paladin_Temporal_Battlecruiser,Retaliation,https://stowiki.net/wiki/Retaliation_(starship_trait),Heavy Phaser Assault Platform,https://stowiki.net/wiki/Console_-_Universal_-_Heavy_Phaser_Assault_Platform
,120,Nautilus Temporal Science Vessel,6 Jul 2016,2016,7,C Store,C Store,Temporal,,Federation,Starfleet (26c),Daedalus,Science Vessel,Science Vessel,Science Vessel,3,2,4,3,,,,4,,Tmp,7,5,7,0,0,0,6,0,1,2,6,0.88,39600,1.32,14,0.2,55,,5,,15,4,Sci,Tmp,3,Uni,,3,Tac,,2,Eng,Tmp,1,Tac,,,,,6,3,3,,,,3,,4,2,4,,,,,,Yes,Yes,Yes,,,,,,Improved Polarize Hull,Polarize Hull gains clearing hazards and movement debfufs,Nanoprobe Containment Module,Rare,Sci,22,36,50,+10 SCI per EngShip,TRUE,TRUE,FALSE,,3,,4,2,4,4,2,4,Sci,,Nautilus Temporal Science Vessel,https://stowiki.net/wiki/Nautilus_Temporal_Science_Vessel,Improved Polarize Hull,https://stowiki.net/wiki/Improved_Polarize_Hull_(starship_trait),Nanoprobe Containment Module,https://stowiki.net/wiki/Console_-_Universal_-_Nanoprobe_Containment_Module
,128,Fleet Theseus Temporal Escort,6 Jul 2016,2016,7,Fleet,Fleet,,,Federation,Starfleet (26c),Perseus,Escort,Escort,Escort,4,2,3,3,,,,4,,Tmp,8,5,6,0,0,0,6,0,1,2,6,0.99,44550,1.04,16,0.2,70,15,,5,,4,Tac,Tmp,3,Uni,,3,Sci,,2,Eng,Tmp,1,Tac,,,,,7,4,3,Yes,Yes,,2,Yes,5,2,4,,,,,,,,,,,,,,,,,Very Rare,Tac,22,57,38,+8 TAC per EngShip or SciShip,TRUE,TRUE,FALSE,,2,,5,2,4,5,2,4,Tac,,Fleet Theseus Temporal Escort,https://stowiki.net/wiki/Fleet_Theseus_Temporal_Escort,,,,
,124,Theseus Temporal Escort,6 Jul 2016,2016,7,C Store,C Store,Temporal,,Federation,Starfleet (26c),Perseus,Escort,Escort,Escort,4,2,3,3,,,,4,,Tmp,8,5,6,0,0,0,6,0,1,2,6,0.9,40500,0.95,16,0.2,70,15,,5,,4,Tac,Tmp,3,Uni,,3,Sci,,2,Eng,Tmp,1,Tac,,,,,7,4,3,Yes,Yes,,2,,5,2,3,,,,,,,,,,,,,,Designated Target,on killing Focused Assault target: hull heal and +dmg,Timestream Rift Warhead,Rare,Tac,22,56,30,+10 TAC per EngShip,TRUE,TRUE,FALSE,,2,,5,2,3,5,2,3,Tac,,Theseus Temporal Escort,https://stowiki.net/wiki/Theseus_Temporal_Escort,Designated Target,https://stowiki.net/wiki/Designated_Target_(starship_trait),Timestream Rift Warhead,https://stowiki.net/wiki/Console_-_Universal_-_Timestream_Rift_Warhead
,131,Kelvin D4x Pilot Bird-of-Prey,6 Jul 2016,2016,7,Lockbox,C Store (Mudd),Into Darkness - B,,Klingon,Klingon (23c K),,Raider,Raider,Raider (100% Universal),,,,4,,,4,2,,Pil,12,12,12,0,0,4,2,0,2,2,6,0.88,39600,0.95,22,0.24,80,15,,5,,4,Uni,Pil,3,Uni,,2,Uni,Tmp,2,Uni,,1,Uni,,,,,6,5,1,Yes,Yes,,2,Yes,5,3,3,,,,,,,,,,,Battle,33%,,Standoff,on damaging forward arc: bonus weapon damage and weapons offline,Proton Charge Launcher,Ultra Rare,Tac,34,60,32,+10 TAC per EngShip,TRUE,TRUE,FALSE,,2,,5,3,3,5,3,3,Tac,Battle,Kelvin D4x Pilot Bird-of-Prey,https://stowiki.net/wiki/Kelvin_D4x_Pilot_Bird-of-Prey,Standoff,https://stowiki.net/wiki/Standoff_(starship_trait),Proton Charge Launcher,https://stowiki.net/wiki/Console_-_Universal_-_Proton_Charge_Launcher
,121,Ouroboros Temporal Raider,6 Jul 2016,2016,7,C Store,C Store,Temporal / 31c,,X-faction,Starfleet (31c),,Raider,Raider,Raider (100% Universal),,,,4,,,,4,,Tmp,12,12,12,0,0,0,6,0,1,2,6,0.88,39600,0.925,22.5,0.23,80,15,,5,,4,Uni,Tmp,3,Uni,,3,Uni,,2,Uni,Tmp,,,,,,,6,4,2,Yes,Yes,,2,Yes,5,3,3,,,,,,,,,,,Battle,33%,,Regroup,on Attack Pattern: -Eng/Temp CDs,Tactical System Stabilizer,Very Rare,Tac,32,55,30,Ignores +/- TAC from Events,TRUE,TRUE,FALSE,,2,,5,3,3,5,3,3,Tac,Battle,Ouroboros Temporal Raider,https://stowiki.net/wiki/Ouroboros_Temporal_Raider,Regroup,https://stowiki.net/wiki/Regroup_(starship_trait),Tactical System Stabilizer,https://stowiki.net/wiki/Console_-_Universal_-_Tactical_System_Stabilizer
,117,Vorgon Xyfius Heavy Escort,9 Jun 2016,2016,6,Event,Phoenix,,,X-faction,Vorgon,,Escort,Escort,Escort,4,3,2,3,3,,,,,,8,6,5,3,0,0,0,0,1,1,3,1.175,52875,1,15,0.2,60,15,,5,,4,Tac,,3,Uni,Int,3,Eng,,2,Sci,,1,Tac,,,,,7,4,3,Yes,Yes,,2,Yes,5,4,2,,,,,,,,,,,,,,Harasser Mines,on weapon mode: summon mines,Harasser Probes,Ultra Rare,Tac,41,63,22,+15 ENG per TacShip,TRUE,TRUE,FALSE,,2,,5,4,2,5,4,2,Tac,,Vorgon Xyfius Heavy Escort,https://stowiki.net/wiki/Vorgon_Xyfius_Heavy_Escort,Harasser Mines,https://stowiki.net/wiki/Harasser_Mines_(starship_trait),Harasser Probes,https://stowiki.net/wiki/Console_-_Universal_-_Harasser_Probes
,115,Na'kuhl Acheros Battlecruiser,12 Apr 2016,2016,4,Lockbox,C Store (Mudd),Old Rivals - A,,X-faction,Na'kuhl,,Battlecruiser,Battlecruiser,Battlecruiser,2,4,2,3,3,,2,,,,7,9,7,3,0,2,0,0,2,2,5,1.275,57375,1.15,12,0.18,50,10,,10,,4,Eng,,3,Uni,Int,2,Uni,,2,Tac,Pil,2,Sci,,,,,8,5,3,Yes,,,3,Yes,3,5,3,,Yes,Yes,Yes,,,,,,,Battle,,,Temporal Ally,on reaching low shield facing: brief damage immunity and summon ally,Unstable Entanglement Platform,Ultra Rare,Eng,63,36,27,Ignores +/- ENG from Events,TRUE,TRUE,FALSE,,3,,3,5,3,3,5,3,Eng,Battle,Na'kuhl Acheros Battlecruiser,https://stowiki.net/wiki/Na%27kuhl_Acheros_Battlecruiser,Temporal Ally,https://stowiki.net/wiki/Temporal_Ally_(starship_trait),Unstable Entanglement Platform,https://stowiki.net/wiki/Console_-_Universal_-_Unstable_Entanglement_Platform
,114,Na'kuhl Daemosh Science Vessel,12 Apr 2016,2016,4,Lobi,Lobi,,,X-faction,Na'kuhl,,Science Vessel,Science Vessel,Science Vessel,3,2,4,3,3,,2,,,,7,6,8,3,0,2,0,0,2,2,5,0.9,40500,1.45,16,0.2,55,,5,,15,4,Sci,,3,Uni,,3,Tac,Int,2,Eng,Pil,1,Uni,,,,,6,3,3,Yes,,,3,Yes,3,3,5,,,,,,Yes,Yes,Yes,,,Battle,,,Scavenger Beam,"Tractor Beam gains increased damage, and heals self over time",Temporal Distress Beacon,Ultra Rare,Sci,32,40,54,+35 SCI when Alone,TRUE,TRUE,FALSE,,3,,3,3,5,3,3,5,Sci,Battle,Na'kuhl Daemosh Science Vessel,https://stowiki.net/wiki/Na%27kuhl_Daemosh_Science_Vessel,Scavenger Beam,https://stowiki.net/wiki/Scavenger_Beam_(starship_trait),Temporal Distress Beacon,https://stowiki.net/wiki/Console_-_Universal_-_Temporal_Distress_Beacon
,116,Na'kuhl Tadaari Raider,12 Apr 2016,2016,4,Lockbox,Lockbox,,,X-faction,Na'kuhl,,Raider,Raider,Raider (100% Universal),,,,4,2,,3,,,,12,12,12,2,0,3,0,0,2,2,5,0.9,40500,0.93,22,0.23,80,15,,5,,4,Uni,,3,Uni,Pil,3,Uni,,2,Uni,Int,,,,,,,6,4,2,Yes,Yes,,2,Yes,5,2,4,,,,,,,,,,,Battle,33%,,Spoils of the Victor,on defeating an enemy: hull and shield heal over time,Plasma Discharge Array,Ultra Rare,Tac,29,60,37,Ignores +/- SCI from Events,TRUE,TRUE,FALSE,,2,,5,2,4,5,2,4,Tac,Battle,Na'kuhl Tadaari Raider,https://stowiki.net/wiki/Na%27kuhl_Tadaari_Raider,Spoils of the Victor,https://stowiki.net/wiki/Spoils_of_the_Victor_(starship_trait),Plasma Discharge Array,https://stowiki.net/wiki/Console_-_Universal_-_Plasma_Discharge_Array
,111,Shamshir Operations Dreadnought Warbird,11 Feb 2016,2016,2,C Store,C Store,Flagship / Rom,,Romulan,Reman,Scimitar,Tactical WB,Scimitar,Scimitar,4,3,2,3,,3,,,,,8,7,6,0,3,0,0,0,1,1,3,1.333333,59999.985,1.1,7,0.15,20,,10,10,,4,Tac,,3,Uni,Cmd,3,Eng,,2,Sci,,1,Uni,,,,,8,5,3,Yes,,1,4,Yes,4,4,3,,,,,,,,,,Yes,Battle - Scim,,,Adaptive Hull Plating,on Hull Heal / Command: stacking +Max HP,Adaptive Emergency Systems,Very Rare,Tac,44,48,25,+10 ENG per TacShip,TRUE,TRUE,FALSE,,4,,4,4,3,4,4,3,Tac,Battle,Shamshir Operations Dreadnought Warbird,https://stowiki.net/wiki/Shamshir_Operations_Dreadnought_Warbird,Adaptive Hull Plating,https://stowiki.net/wiki/Adaptive_Hull_Plating_(starship_trait),Adaptive Emergency Systems,https://stowiki.net/wiki/Console_-_Universal_-_Adaptive_Emergency_Systems
,109,Khopesh Tactical Dreadnought Warbird,11 Feb 2016,2016,2,C Store,C Store,Flagship / Rom,Rom Fleet,Romulan,Reman,Scimitar,Tactical WB,Scimitar,Scimitar,4,2,2,3,,3,,,,,9,7,7,0,3,0,0,0,1,1,3,1.333333,59999.985,1.1,7,0.15,20,15,,5,,4,Tac,,3,Uni,Cmd,2,Uni,,2,Eng,,2,Sci,,,,,8,5,3,Yes,,1,4,Yes,5,3,3,,,,,,,,,,Yes,Battle - Scim,,,Super Charged Weapons,on firing torpedo: +damage,Flagship Tactical Computer,Very Rare,Tac,30,60,27,+10 TAC per SciShip,TRUE,TRUE,FALSE,,4,,5,3,3,5,3,3,Tac,Battle,Khopesh Tactical Dreadnought Warbird,https://stowiki.net/wiki/Khopesh_Tactical_Dreadnought_Warbird,Super Charged Weapons,https://stowiki.net/wiki/Super_Charged_Weapons_(starship_trait),Flagship Tactical Computer,https://stowiki.net/wiki/Console_-_Universal_-_Flagship_Tactical_Computer
,106,Flambard Science Dreadnought Warbird,11 Feb 2016,2016,2,C Store,C Store,Flagship / Rom,,Romulan,Reman,Scimitar,Tactical WB,Scimitar,Scimitar,4,2,3,3,,3,,,,,8,6,7,0,3,0,0,0,1,1,3,1.333333,59999.985,1.1,7,0.15,20,,10,,10,4,Tac,,3,Uni,Cmd,3,Sci,,2,Eng,,1,Uni,,,,,8,5,3,Yes,,1,4,Yes,3,3,5,,,,,,,,,,Yes,Battle - Scim,,,Checkmate,"on Control: +Exotic Dmg, +Projectile Dmg",Dampening Wave Emitter,Very Rare,Tac,30,42,45,+10 SCI per EngShip,TRUE,TRUE,FALSE,,4,,3,3,5,3,3,5,Tac,Battle,Flambard Science Dreadnought Warbird,https://stowiki.net/wiki/Flambard_Science_Dreadnought_Warbird,Checkmate,https://stowiki.net/wiki/Checkmate_(starship_trait),Dampening Wave Emitter,https://stowiki.net/wiki/Console_-_Universal_-_Dampening_Wave_Emitter
,113,Yorktown Science Star Cruiser,11 Feb 2016,2016,2,C Store,C Store,Flagship / Fed,,Federation,Starfleet,Odyssey,Cruiser,Cruiser,Cruiser,2,4,3,3,,3,,,,,6,8,7,0,3,0,0,0,1,1,3,1.425,64125,1.15,6,0.15,30,,10,,10,4,Eng,,3,Uni,Cmd,3,Sci,,2,Tac,,1,Uni,,,,,8,4,4,,,,4,Yes,2,5,4,,Yes,Yes,Yes,Yes,,,Yes,,,,,,Checkmate,"on Control: +Exotic Dmg, +Projectile Dmg",Dampening Wave Emitter,Very Rare,Eng,63,18,36,+10 SCI per EngShip,TRUE,TRUE,FALSE,,4,,2,5,4,2,5,4,Eng,,Yorktown Science Star Cruiser,https://stowiki.net/wiki/Yorktown_Science_Star_Cruiser,Checkmate,https://stowiki.net/wiki/Checkmate_(starship_trait),Dampening Wave Emitter,https://stowiki.net/wiki/Console_-_Universal_-_Dampening_Wave_Emitter
,112,Sojourner Operations Star Cruiser,11 Feb 2016,2016,2,C Store,C Store,Flagship / Fed,,Federation,Starfleet,Odyssey,Cruiser,Cruiser,Cruiser,2,4,2,3,,3,,,,,7,9,7,0,3,0,0,0,1,1,3,1.425,64125,1.15,6,0.15,30,5,5,5,5,4,Eng,,3,Uni,Cmd,2,Uni,,2,Tac,,2,Sci,,,,,8,4,4,,,,4,Yes,3,5,3,,Yes,Yes,Yes,Yes,,,,,,,,,Adaptive Hull Plating,on Hull Heal / Command: stacking +Max HP,Adaptive Emergency Systems,Very Rare,Eng,65,26,26,+10 ENG per TacShip,TRUE,TRUE,FALSE,,4,,3,5,3,3,5,3,Eng,,Sojourner Operations Star Cruiser,https://stowiki.net/wiki/Sojourner_Operations_Star_Cruiser,Adaptive Hull Plating,https://stowiki.net/wiki/Adaptive_Hull_Plating_(starship_trait),Adaptive Emergency Systems,https://stowiki.net/wiki/Console_-_Universal_-_Adaptive_Emergency_Systems
,110,Martok Tactical Battlecruiser,11 Feb 2016,2016,2,C Store,C Store,Flagship / KDF,,Klingon,Klingon,Bortasqu',Battlecruiser,Battlecruiser,Battlecruiser,3,4,2,3,,3,,,,,7,8,6,0,3,0,0,0,1,1,3,1.475,66375,1.1,6.5,0.15,30,10,,10,,4,Eng,,3,Uni,Cmd,3,Tac,,2,Sci,,1,Uni,,,,,8,4,4,Yes,,,4,Yes,5,4,2,,Yes,Yes,Yes,,,,,,,Cloak,,,Super Charged Weapons,on firing torpedo: +damage,Flagship Tactical Computer,Very Rare,Eng,48,46,23,+10 TAC per SciShip,TRUE,TRUE,FALSE,,4,,5,4,2,5,4,2,Eng,Basic,Martok Tactical Battlecruiser,https://stowiki.net/wiki/Martok_Tactical_Battlecruiser,Super Charged Weapons,https://stowiki.net/wiki/Super_Charged_Weapons_(starship_trait),Flagship Tactical Computer,https://stowiki.net/wiki/Console_-_Universal_-_Flagship_Tactical_Computer
,108,Kahless War Battlecruiser,11 Feb 2016,2016,2,C Store,C Store,Flagship / KDF,,Klingon,Klingon,Bortasqu',Battlecruiser,Battlecruiser,Battlecruiser,2,4,2,3,,3,,,,,7,9,7,0,3,0,0,0,1,1,3,1.475,66375,1.1,6.5,0.15,30,,10,10,,4,Eng,,3,Uni,Cmd,2,Uni,,2,Tac,,2,Sci,,,,,8,4,4,Yes,,,4,Yes,4,5,2,,Yes,Yes,Yes,,,,,,,Cloak,,,Adaptive Hull Plating,on Hull Heal / Command: stacking +Max HP,Adaptive Emergency Systems,Very Rare,Eng,64,34,19,+10 ENG per TacShip,TRUE,TRUE,FALSE,,4,,4,5,2,4,5,2,Eng,Basic,Kahless War Battlecruiser,https://stowiki.net/wiki/Kahless_War_Battlecruiser,Adaptive Hull Plating,https://stowiki.net/wiki/Adaptive_Hull_Plating_(starship_trait),Adaptive Emergency Systems,https://stowiki.net/wiki/Console_-_Universal_-_Adaptive_Emergency_Systems
,107,Gorkon Science Battlecruiser,11 Feb 2016,2016,2,C Store,C Store,Flagship / KDF,,Klingon,Klingon,Bortasqu',Battlecruiser,Battlecruiser,Battlecruiser,2,4,3,3,,3,,,,,6,8,7,0,3,0,0,0,1,1,3,1.475,66375,1.1,6.5,0.15,30,10,10,,,4,Eng,,3,Uni,Cmd,3,Sci,,2,Tac,,1,Uni,,,,,8,4,4,Yes,,,4,Yes,4,4,3,,Yes,Yes,Yes,,,,Yes,,,Cloak,,,Checkmate,"on Control: +Exotic Dmg, +Projectile Dmg",Dampening Wave Emitter,Very Rare,Eng,54,36,27,+10 SCI per EngShip,TRUE,TRUE,FALSE,,4,,4,4,3,4,4,3,Eng,Basic,Gorkon Science Battlecruiser,https://stowiki.net/wiki/Gorkon_Science_Battlecruiser,Checkmate,https://stowiki.net/wiki/Checkmate_(starship_trait),Dampening Wave Emitter,https://stowiki.net/wiki/Console_-_Universal_-_Dampening_Wave_Emitter
,105,Endeavour Tactical Star Cruiser,11 Feb 2016,2016,2,C Store,C Store,Flagship / Fed,,Federation,Starfleet,Odyssey,Cruiser,Cruiser,Cruiser,3,4,2,3,,3,,,,,7,8,6,0,3,0,0,0,1,1,3,1.425,64125,1.15,6,0.15,30,10,5,,5,4,Eng,,3,Uni,Cmd,3,Tac,,2,Sci,,1,Uni,,,,,8,4,4,,,,4,Yes,4,4,3,,Yes,Yes,Yes,Yes,,,,,,,,,Super Charged Weapons,on firing torpedo: +damage,Flagship Tactical Computer,Very Rare,Eng,56,36,25,+10 TAC per SciShip,TRUE,TRUE,FALSE,,4,,4,4,3,4,4,3,Eng,,Endeavour Tactical Star Cruiser,https://stowiki.net/wiki/Endeavour_Tactical_Star_Cruiser,Super Charged Weapons,https://stowiki.net/wiki/Super_Charged_Weapons_(starship_trait),Flagship Tactical Computer,https://stowiki.net/wiki/Console_-_Universal_-_Flagship_Tactical_Computer
,104,Tholian Tarantula Dreadnought Cruiser,28 Jan 2016,2016,1,Lockbox,C Store (Mudd),Pack of Dread - B,,X-faction,Tholian,,Dreadnought Cruiser,Dreadnought Cruiser,Dreadnought Cruiser,3,4,3,2,2,3,,,,,6,7,6,2,3,0,0,0,2,2,5,1.43,64350,1.125,7.5,0.15,35,5,5,5,5,4,Eng,,3,Tac,Cmd,3,Sci,,2,Uni,Int,1,Uni,,,,,8,4,4,Yes,,1,4,Yes,4,4,3,,Yes,,,Yes,,,,,,,,,Energy Web,"on B:O / C:RF / Surgical Strikes: physical DoT and hold, with cooldown",Tholian Web Cannon,Ultra Rare,Eng,53,43,30,+10 ENG per TacShip,TRUE,TRUE,FALSE,,4,,4,4,3,4,4,3,Eng,,Tholian Tarantula Dreadnought Cruiser,https://stowiki.net/wiki/Tholian_Tarantula_Dreadnought_Cruiser,Energy Web,https://stowiki.net/wiki/Energy_Web_(starship_trait),Tholian Web Cannon,https://stowiki.net/wiki/Console_-_Universal_-_Tholian_Web_Cannon
,103,Paradox Temporal Dreadnought,28 Jan 2016,2016,1,Lobi,C Store (Mudd),Pack of Dread - C,,X-faction,Starfleet (29c),,Science Vessel,Science Dreadnought,Science Dreadnought,2,3,4,3,3,2,,,,,5,6,8,3,2,0,0,0,2,2,5,1.25,56250,1.425,8,0.15,40,,10,,10,4,Sci,,3,Uni,Int,3,Eng,,2,Tac,Cmd,1,Sci,,,,,7,4,3,Yes,,1,3,Yes,3,3,5,,,,,,Yes,Yes,Yes,,,,,,Unstable Anomalies,"Sci and Temporal anomalies explode, debuffing damage and accuracy",Temporal Rift Stabilizer,Ultra Rare,Sci,34,32,60,+10 SCI per SciShip,TRUE,TRUE,FALSE,,3,,3,3,5,3,3,5,Sci,,Paradox Temporal Dreadnought,https://stowiki.net/wiki/Paradox_Temporal_Dreadnought,Unstable Anomalies,https://stowiki.net/wiki/Unstable_Anomalies_(starship_trait),Temporal Rift Stabilizer,https://stowiki.net/wiki/Console_-_Universal_-_Temporal_Rift_Stabilizer
,102,Krenim Science Vessel,28 Jan 2016,2016,1,Event,Phoenix,,,X-faction,Krenim,,Science Vessel,Science Vessel,Science Vessel,3,2,4,2,3,,,,,,5,4,8,3,0,0,0,0,1,1,3,1.05,47250,1.475,10,0.15,45,,,5,15,4,Sci,,3,Tac,Int,2,Uni,,2,Eng,,2,Sci,,,,,6,3,3,,,,3,Yes,3,3,5,,,,,,Yes,Yes,Yes,,,,,,Improved Feedback Pulse,"Feedback Pulse gains incrased damage, on being hit while active: +CritH, CritD",Timeline Stabilizer,Ultra Rare,Sci,26,34,66,+8 SCI per EngShip or TacShip,TRUE,TRUE,FALSE,,3,,3,3,5,3,3,5,Sci,,Krenim Science Vessel,https://stowiki.net/wiki/Krenim_Science_Vessel,Improved Feedback Pulse,https://stowiki.net/wiki/Improved_Feedback_Pulse_(starship_trait),Timeline Stabilizer,https://stowiki.net/wiki/Console_-_Universal_-_Timeline_Stabilizer
,101,Breen Rezreth Dreadnought Cruiser,3 Dec 2015,2015,12,Event,Phoenix,,,X-faction,Breen,,Dreadnought Cruiser,Dreadnought Cruiser,Dreadnought Cruiser,2,4,3,3,,3,,,,,6,8,7,0,3,0,0,0,1,1,3,1.475,66375,1.15,7,0.15,30,5,5,5,5,4,Eng,,3,Uni,Cmd,3,Sci,,2,Tac,,1,Uni,,,,,8,4,4,Yes,,1,4,Yes,3,5,3,,Yes,,,Yes,,,,,,,,,Enhanced Power Condensers,"on Energy Siphon / Tachyon Baeam: +Max Shield, +Max Power",Energy Discharge Capacitors,Ultra Rare,Eng,62,33,31,Ignores +/- TAC from Events,TRUE,TRUE,FALSE,,4,,3,5,3,3,5,3,Eng,,Breen Rezreth Dreadnought Cruiser,https://stowiki.net/wiki/Breen_Rezreth_Dreadnought_Cruiser,Enhanced Power Condensers,https://stowiki.net/wiki/Enhanced_Power_Condensers_(starship_trait),Energy Discharge Capacitors,https://stowiki.net/wiki/Console_-_Universal_-_Energy_Discharge_Capacitors
,100,Fleet Jupiter Carrier,26 Nov 2015,2015,11,Fleet,Fleet,,,Federation,Starfleet,Jupiter,Science Carrier,Science Carrier,Science Carrier,2,3,4,2,3,,,,,,4,5,8,3,0,0,0,0,1,1,3,1.43,64350,1.375,6,0.15,30,,10,,10,4,Sci,,3,Eng,Int,2,Uni,,2,Tac,,2,Sci,,,,,6,3,3,Yes,,2,4,Yes,3,4,4,,,,,,,Yes,,,,,,,,,,Very Rare,Sci,41,30,46,+8 SCI per EngShip or TacShip,TRUE,TRUE,FALSE,,4,,3,4,4,3,4,4,Sci,,Fleet Jupiter Carrier,https://stowiki.net/wiki/Fleet_Jupiter_Carrier,,,,
,99,Jupiter Carrier,26 Nov 2015,2015,11,C Store,C Store,,,Federation,Starfleet,Jupiter,Science Carrier,Science Carrier,Science Carrier,2,3,4,2,3,,,,,,4,5,8,3,0,0,0,0,1,1,3,1.3,58500,1.25,6,0.15,30,,10,,10,4,Sci,,3,Eng,Int,2,Uni,,2,Tac,,2,Sci,,,,,6,3,3,Yes,,2,4,,3,3,4,,,,,,,Yes,,,,,,,Insult to Injury,on Intel / Tractor Beam: grant T:TW to hanger pets,Fleet Coordination Matrix,Rare,Sci,34,29,45,1.5x Critical Rating from ENG and TAC,TRUE,TRUE,FALSE,,4,,3,3,4,3,3,4,Sci,,Jupiter Carrier,https://stowiki.net/wiki/Jupiter_Carrier,Insult to Injury,https://stowiki.net/wiki/Insult_to_Injury_(starship_trait),Fleet Coordination Matrix,https://stowiki.net/wiki/Console_-_Universal_-_Fleet_Coordination_Matrix
,98,Mirror Guardian Cruiser,12 Nov 2015,2015,11,Other,C Store,,,Federation,Starfleet (MU),Guardian,Cruiser,Cruiser,Cruiser,3,4,3,1,,2,,,,,4,7,4,0,2,0,0,0,1,1,2,1.325,59625,1,6.5,0.15,35,5,5,5,5,4,Eng,,3,Tac,,3,Sci,,2,Eng,Cmd,1,Uni,,,,,8,4,4,,,,4,,3,4,3,,Yes,Yes,Yes,Yes,,,,,,,,,Desperate Repairs,on taking 3 crits: Shield and Hull heal,Particle Conversion Matrix,Rare,Eng,64,23,21,2.5x Critical Rating from SCI,TRUE,TRUE,FALSE,,4,,3,4,3,3,4,3,Eng,,Mirror Guardian Cruiser,https://stowiki.net/wiki/Mirror_Guardian_Cruiser,Desperate Repairs,https://stowiki.net/wiki/Desperate_Repairs_(starship_trait),Particle Conversion Matrix,https://stowiki.net/wiki/Console_-_Universal_-_Particle_Conversion_Matrix
,97,Fleet T'varo Light Warbird,5 Nov 2015,2015,11,Fleet,Fleet,,,Romulan,Romulan,T'liss,Tactical WB,Escort,Escort (warbird),4,2,3,3,,,3,,,,8,5,6,0,0,3,0,0,1,1,3,0.99,44550,0.99,18,0.2,60,10,,10,,4,Tac,,3,Uni,Pil,3,Sci,,2,Eng,,1,Tac,,,,,7,4,3,Yes,Yes,,2,Yes,4,3,4,,,,,,,,,,Yes,Enh Battle,,,,,,Very Rare,Tac,34,49,34,1.5x Critical Rating from ENG and SCI,TRUE,TRUE,FALSE,,2,,4,3,4,4,3,4,Tac,Enhanced,Fleet T'varo Light Warbird,https://stowiki.net/wiki/Fleet_T%27varo_Light_Warbird,,,,
,93,Malem Light Warbird,5 Nov 2015,2015,11,C Store,C Store,Cross-Faction Escort,Rom Starter,Romulan,Romulan,T'liss,Tactical WB,Escort,Escort (warbird),4,2,3,3,,,3,,,,8,5,6,0,0,3,0,0,1,1,3,0.9,40500,0.9,18,0.2,60,10,,10,,4,Tac,,3,Uni,Pil,3,Sci,,2,Eng,,1,Tac,,,,,7,4,3,Yes,Yes,,2,,3,3,4,,,,,,,,,,Yes,Enh Battle,,,Withering Barrage,C:SV gains increased duration,Plasma Warhead Module,Rare,Tac,31,46,31,-25% Maintenance per TacShip,TRUE,TRUE,FALSE,,2,,3,3,4,3,3,4,Tac,Enhanced,Malem Light Warbird,https://stowiki.net/wiki/Malem_Light_Warbird,Withering Barrage,https://stowiki.net/wiki/Withering_Barrage_(starship_trait),Plasma Warhead Module,https://stowiki.net/wiki/Console_-_Universal_-_Plasma_Warhead_Module
,96,Fleet Defiant Tactical Escort,5 Nov 2015,2015,11,Fleet,Fleet,,,Federation,Starfleet,Defiant,Escort,Escort,Escort,4,2,2,2,,,3,,,,9,4,4,0,0,3,0,0,1,1,3,1.1,49500,0.99,17,0.2,70,15,,5,,4,Tac,,3,Tac,Pil,2,Uni,,2,Eng,,2,Sci,,,,,7,4,3,Yes,Yes,,2,Yes,5,3,3,,,,,,,,,,,,,,,,,Very Rare,Tac,25,74,18,Ignores +/- TAC from Events,TRUE,TRUE,FALSE,,2,,5,3,3,5,3,3,Tac,,Fleet Defiant Tactical Escort,https://stowiki.net/wiki/Fleet_Defiant_Tactical_Escort,,,,
,94,Valiant Tactical Escort,5 Nov 2015,2015,11,C Store,C Store,Cross-Faction Escort,Fed Fleet,Federation,Starfleet,Defiant,Escort,Escort,Escort,4,2,2,2,,,3,,,,9,4,4,0,0,3,0,0,1,1,3,1,45000,0.9,17,0.2,70,15,,5,,4,Tac,,3,Tac,Pil,2,Uni,,2,Eng,,2,Sci,,,,,7,4,3,Yes,Yes,,2,,4,3,3,,,,,,,,,,,,,,Withering Barrage,C:SV gains increased duration,Quantum Warhead Module (Fed),Rare,Tac,23,69,16,2.5x Critical Rating from TAC,TRUE,TRUE,FALSE,,2,,4,3,3,4,3,3,Tac,,Valiant Tactical Escort,https://stowiki.net/wiki/Valiant_Tactical_Escort,Withering Barrage,https://stowiki.net/wiki/Withering_Barrage_(starship_trait),Quantum Warhead Module (Fed),https://stowiki.net/wiki/Console_-_Universal_-_Quantum_Warhead_Module_(Fed)
,95,Fleet B'rel Bird-of-Prey,5 Nov 2015,2015,11,Fleet,Fleet,,,Klingon,Klingon,B'rel,Raider,Raider,Raider (100% Universal),,,,4,,,3,,,,12,12,12,0,0,3,0,0,1,1,3,0.9075,40837.5,0.88,23,0.2,80,15,,,5,4,Uni,,3,Uni,Pil,3,Uni,,2,Uni,,,,,,,,6,4,2,Yes,Yes,,2,Yes,4,4,3,,,,,,,,,,,Enh Battle,33%,,,,,Very Rare,Tac,37,43,37,Ignores +/- TAC from Events,TRUE,TRUE,FALSE,,2,,4,4,3,4,4,3,Tac,Enhanced,Fleet B'rel Bird-of-Prey,https://stowiki.net/wiki/Fleet_B%27rel_Bird-of-Prey,,,,
,92,Kor Bird-of-Prey,5 Nov 2015,2015,11,C Store,C Store,Cross-Faction Escort,KDF Starter,Klingon,Klingon,B'rel,Raider,Raider,Raider (100% Universal),,,,4,,,3,,,,12,12,12,0,0,3,0,0,1,1,3,0.825,37125,0.8,23,0.2,80,15,,,5,4,Uni,,3,Uni,Pil,3,Uni,,2,Uni,,,,,,,,6,4,2,Yes,Yes,,2,,4,3,3,,,,,,,,,,,Enh Battle,33%,,Withering Barrage,C:SV gains increased duration,Quantum Warhead Module (KDF),Rare,Tac,35,38,35,2.5x Critical Rating from TAC,TRUE,TRUE,FALSE,,2,,4,3,3,4,3,3,Tac,Enhanced,Kor Bird-of-Prey,https://stowiki.net/wiki/Kor_Bird-of-Prey,Withering Barrage,https://stowiki.net/wiki/Withering_Barrage_(starship_trait),Quantum Warhead Module (KDF),https://stowiki.net/wiki/Console_-_Universal_-_Quantum_Warhead_Module_(KDF)
,91,Herald Vonph Dreadnought Carrier,27 Oct 2015,2015,10,Lockbox,C Store (Mudd),Awesome Mix - B,,X-faction,Herald,,Tactical Carrier,Dreadnought Carrier,Dreadnought Carrier (Tac),4,2,3,3,2,3,,,,,8,6,7,2,3,0,0,0,2,2,5,1.45,65250,1.225,6,0.15,30,10,10,,,4,Tac,,3,Uni,Cmd,3,Sci,,2,Eng,Int,1,Uni,,,,,7,4,3,Yes,,2,3,Yes,4,3,4,,,,,,,Yes,,,,,,,Peak Efficiency,while hull is above 80%: -recharge time on boff abilities,Oblivion Gateway Module,Ultra Rare,Tac,26,68,32,+35 ENG when Alone,TRUE,TRUE,FALSE,,3,,4,3,4,4,3,4,Tac,,Herald Vonph Dreadnought Carrier,https://stowiki.net/wiki/Herald_Vonph_Dreadnought_Carrier,Peak Efficiency,https://stowiki.net/wiki/Peak_Efficiency_(starship_trait),Oblivion Gateway Module,https://stowiki.net/wiki/Console_-_Universal_-_Oblivion_Gateway_Module
,90,Herald Quas Flight Deck Carrier,27 Oct 2015,2015,10,Lockbox,C Store (Mudd),Carried Away - B,,X-faction,Herald,,Flight Deck Carrier,Flight Deck Carrier,Flight Deck Carrier,3,4,2,3,3,2,,,,,7,8,6,3,2,0,0,0,2,2,5,1.325,59625,1.3,8,0.15,35,5,5,5,5,4,Eng,,3,Uni,Int,3,Tac,,2,Sci,Cmd,1,Uni,,,,,8,4,4,Yes,,2,4,Yes,3,5,3,,,Yes,,Yes,,,,,,,,,Synergistic Restoration,on shield heal: hull heal over time,Energy Gateway Controller,Ultra Rare,Eng,64,29,33,+35 TAC when Alone,TRUE,TRUE,FALSE,,4,,3,5,3,3,5,3,Eng,,Herald Quas Flight Deck Carrier,https://stowiki.net/wiki/Herald_Quas_Flight_Deck_Carrier,Synergistic Restoration,https://stowiki.net/wiki/Synergistic_Restoration_(starship_trait),Energy Gateway Controller,https://stowiki.net/wiki/Console_-_Universal_-_Energy_Gateway_Controller
,89,Herald Baltim Heavy Raider,27 Oct 2015,2015,10,Lobi,Lobi,,,X-faction,Herald,,Raider,Raider,Raider (Not 100% Universal),4,,,3,3,,2,,,,13,9,9,3,0,2,0,0,2,2,5,1.05,47250,0.95,21,0.23,80,15,,5,,4,Tac,,3,Uni,Int,3,Uni,,2,Uni,Pil,1,Uni,,,,,6,5,1,Yes,Yes,,2,Yes,5,4,2,,,,,,,,,,,,40%,,Waylay,on dealing flanking damage with energy weapons: shield heal,Ambush Gateway Generator,Ultra Rare,Tac,37,57,32,+20 ENG and SCI when Alone,TRUE,TRUE,FALSE,,2,,5,4,2,5,4,2,Tac,,Herald Baltim Heavy Raider,https://stowiki.net/wiki/Herald_Baltim_Heavy_Raider,Waylay,https://stowiki.net/wiki/Waylay_(starship_trait),Ambush Gateway Generator,https://stowiki.net/wiki/Console_-_Universal_-_Ambush_Gateway_Generator
,86,Fleet Galaxy Dreadnought Cruiser,8 Oct 2015,2015,10,Fleet,Fleet,,,Federation,Starfleet,Galaxy-X,Dreadnought Cruiser,Dreadnought Cruiser,Dreadnought Cruiser,3,4,2,1,,3,,,,,4,8,3,0,3,0,0,0,1,1,3,1.466666,65999.97,1.1,6,0.15,25,5,5,5,5,4,Eng,,3,Tac,,3,Eng,Cmd,2,Sci,,1,Uni,,,,,8,4,4,Yes,,1,4,Yes,4,5,2,,Yes,,,Yes,,,,,,,,,,,,Very Rare,Eng,66,27,24,2x Critical Rating from Events,TRUE,TRUE,FALSE,,4,,4,5,2,4,5,2,Eng,,Fleet Galaxy Dreadnought Cruiser,https://stowiki.net/wiki/Fleet_Galaxy_Dreadnought_Cruiser_(T6),,,,
,85,Yamato Dreadnought Cruiser,8 Oct 2015,2015,10,C Store,C Store,Cross-Faction Dreadnought,,Federation,Starfleet,Galaxy-X,Dreadnought Cruiser,Dreadnought Cruiser,Dreadnought Cruiser,3,4,2,1,,3,,,,,4,8,3,0,3,0,0,0,1,1,3,1.333333,59999.985,1,6,0.15,25,5,5,5,5,4,Eng,,3,Tac,,3,Eng,Cmd,2,Sci,,1,Uni,,,,,8,4,4,Yes,,1,4,,3,5,2,,Yes,,,Yes,,,,,,,,,Subsystem Redundancies,on Lance / B:O: shield heal and + shield hardness,Supplemental Subsystems,Rare,Eng,61,25,22,+15 ALL Stats when Alone,TRUE,TRUE,FALSE,,4,,3,5,2,3,5,2,Eng,,Yamato Dreadnought Cruiser,https://stowiki.net/wiki/Yamato_Dreadnought_Cruiser,Subsystem Redundancies,https://stowiki.net/wiki/Subsystem_Redundancies_(starship_trait),Supplemental Subsystems,https://stowiki.net/wiki/Console_-_Universal_-_Supplemental_Subsystems
,87,Fleet Ha'apax Advanced Warbird,8 Oct 2015,2015,10,Fleet,Fleet,,,Romulan,Romulan,Ha'apax,Engineering WB,Dreadnought Cruiser,Dreadnought Cruiser (warbird),3,4,2,3,,3,,,,,7,7,5,0,3,0,0,0,1,1,3,1.466666,65999.97,1.155,5,0.15,30,10,,10,,4,Eng,,3,Uni,Cmd,3,Tac,,2,Sci,,1,Tac,,,,,8,4,4,Yes,,1,4,Yes,4,5,2,,,,,,,,,,Yes,Battle - Rom,,,,,,Very Rare,Eng,63,30,24,+8 TAC per ANY Ship (Not Small Craft),TRUE,TRUE,FALSE,,4,,4,5,2,4,5,2,Eng,Battle,Fleet Ha'apax Advanced Warbird,https://stowiki.net/wiki/Fleet_Ha%27apax_Advanced_Warbird_(T6),,,,
,83,Kara Advanced Warbird,8 Oct 2015,2015,10,C Store,C Store,Cross-Faction Dreadnought,,Romulan,Romulan,Ha'apax,Engineering WB,Dreadnought Cruiser,Dreadnought Cruiser (warbird),3,4,2,3,,3,,,,,7,7,5,0,3,0,0,0,1,1,3,1.333333,59999.985,1.05,5,0.15,30,10,,10,,4,Eng,,3,Uni,Cmd,3,Tac,,2,Sci,,1,Tac,,,,,8,4,4,Yes,,1,4,,4,4,2,,,,,,,,,,Yes,Battle - Rom,,,Subsystem Redundancies,on Lance / B:O: shield heal and + shield hardness,Supplemental Subsystems,Rare,Eng,58,28,22,+15 ALL Stats when Alone,TRUE,TRUE,FALSE,,4,,4,4,2,4,4,2,Eng,Battle,Kara Advanced Warbird,https://stowiki.net/wiki/Kara_Advanced_Warbird,Subsystem Redundancies,https://stowiki.net/wiki/Subsystem_Redundancies_(starship_trait),Supplemental Subsystems,https://stowiki.net/wiki/Console_-_Universal_-_Supplemental_Subsystems
,88,Fleet Nausicaan Guramba Siege Destroyer,8 Oct 2015,2015,10,Fleet,Fleet,,,Klingon,Nausicaan,Guramba,Destroyer,Strike Wing Escort,Destroyer (hangar),4,3,2,1,,3,,,,,8,4,3,0,3,0,0,0,1,1,3,1.155,51975,0.9,15,0.2,70,15,,5,,4,Tac,,3,Tac,,3,Eng,Cmd,2,Sci,,1,Uni,,,,,7,4,3,Yes,Yes,1,2,Yes,5,4,2,,,,,,,,,,,,,,,,,Very Rare,Tac,35,57,25,2x Critical Rating from Events,TRUE,TRUE,FALSE,,2,,5,4,2,5,4,2,Tac,,Fleet Nausicaan Guramba Siege Destroyer,https://stowiki.net/wiki/Fleet_Nausicaan_Guramba_Siege_Destroyer,,,,
,84,Nausicaan Kolasi Siege Destroyer,8 Oct 2015,2015,10,C Store,C Store,Cross-Faction Dreadnought,,Klingon,Nausicaan,Guramba,Destroyer,Strike Wing Escort,Destroyer (hangar),4,3,2,1,,3,,,,,8,4,3,0,3,0,0,0,1,1,3,1.05,47250,0.9,15,0.2,70,15,,5,,4,Tac,,3,Tac,,3,Eng,Cmd,2,Sci,,1,Uni,,,,,7,4,3,Yes,Yes,1,2,,5,3,2,,,,,,,,,,,,,,Subsystem Redundancies,on Lance / B:O: shield heal and + shield hardness,Supplemental Subsystems,Rare,Tac,32,53,23,+15 ALL Stats when Alone,TRUE,TRUE,FALSE,,2,,5,3,2,5,3,2,Tac,,Nausicaan Kolasi Siege Destroyer,https://stowiki.net/wiki/Nausicaan_Kolasi_Siege_Destroyer,Subsystem Redundancies,https://stowiki.net/wiki/Subsystem_Redundancies_(starship_trait),Supplemental Subsystems,https://stowiki.net/wiki/Console_-_Universal_-_Supplemental_Subsystems
,82,Fleet Hephaestus Advanced Escort,24 Sep 2015,2015,9,Fleet,Fleet,,,Federation,Starfleet,Prometheus,Escort,Escort,Escort,4,3,3,1,,3,,,,,7,4,4,0,3,0,0,0,1,1,3,1.136666,51149.97,0.99,16,0.2,60,15,,5,,4,Tac,,3,Eng,Cmd,3,Sci,,2,Tac,,1,Uni,,,,,7,4,3,Yes,Yes,,2,Yes,5,3,3,,,,,,,,,,,,,,,,,Very Rare,Tac,18,73,26,+8 TAC per EngShip or SciShip,TRUE,TRUE,FALSE,,2,,5,3,3,5,3,3,Tac,,Fleet Hephaestus Advanced Escort,https://stowiki.net/wiki/Fleet_Hephaestus_Advanced_Escort_(T6),,,,
,81,Hestia Advanced Escort,24 Sep 2015,2015,9,C Store,C Store,,,Federation,Starfleet,Prometheus,Escort,Escort,Escort,4,3,3,1,,3,,,,,7,4,4,0,3,0,0,0,1,1,3,1.033333,46499.985,0.9,16,0.2,60,15,,5,,4,Tac,,3,Eng,Cmd,3,Sci,,2,Tac,,1,Uni,,,,,7,4,3,Yes,Yes,,2,,4,3,3,,,,,,,,,,,,,,Numerical Superiority,For each ally targeting your target: +Dmg,High-Energy Plasma Expulsers,Rare,Tac,16,68,24,+10 TAC per EngShip,TRUE,TRUE,FALSE,,2,,4,3,3,4,3,3,Tac,,Hestia Advanced Escort,https://stowiki.net/wiki/Hestia_Advanced_Escort,Numerical Superiority,https://stowiki.net/wiki/Numerical_Superiority_(starship_trait),High-Energy Plasma Expulsers,https://stowiki.net/wiki/Console_-_Universal_-_High-Energy_Plasma_Expulsers
,80,Jem'Hadar Recon Ship,10 Sep 2015,2015,9,Promo,C Store (Mudd),Primary Faction - D,,X-faction,Jem'Hadar,JH Attack,Escort,Escort,Escort,4,1,,3,2,,3,,,,12,6,5,2,0,3,0,0,2,2,5,1.15,51750,1,20,0.22,70,15,,5,,4,Tac,,3,Uni,,3,Tac,Pil,2,Uni,Int,1,Eng,,,,,7,4,3,Yes,Yes,,2,Yes,5,4,2,,,,,,,,,,,,,,Go For The Kill,on crit: extend duration of C:RF,Dominion Defense Screen,Ultra Rare,Tac,32,78,16,2.5x Critical Rating from TAC,TRUE,TRUE,FALSE,,2,,5,4,2,5,4,2,Tac,,Jem'Hadar Recon Ship,https://stowiki.net/wiki/Jem%27Hadar_Recon_Ship,Go For The Kill,https://stowiki.net/wiki/Go_For_The_Kill_(starship_trait),Dominion Defense Screen,https://stowiki.net/wiki/Console_-_Universal_-_Dominion_Defense_Screen
,79,Krenim Annorax Science Dreadnought,13 Aug 2015,2015,8,Promo,C Store (Mudd),Masters of Science - C,,X-faction,Krenim,,Science Vessel,Science Dreadnought,Science Dreadnought,3,1,4,3,3,,,,,,8,6,9,5,0,0,0,0,1,2,5,1.3,58500,1.45,6,0.15,40,5,,,15,4,Sci,,3,Uni,,3,Tac,Int,2,Uni,Int,1,Eng,,,,,7,4,3,Yes,,1,3,Yes,4,2,5,,,,,,Yes,Yes,Yes,,,,,,Time To Kill,on Sci: +all damage,Temporal Distortion Field,Ultra Rare,Sci,18,47,61,Ignores +/- SCI from Events,TRUE,TRUE,FALSE,,3,,4,2,5,4,2,5,Sci,,Krenim Annorax Science Dreadnought,https://stowiki.net/wiki/Krenim_Annorax_Science_Dreadnought,Time To Kill,https://stowiki.net/wiki/Time_To_Kill_(starship_trait),Temporal Distortion Field,https://stowiki.net/wiki/Console_-_Universal_-_Temporal_Distortion_Field
,78,Fleet Qin Flight Deck Raptor,30 Jul 2015,2015,7,Fleet,Fleet,,,Klingon,Klingon,Qin,Escort,Strike Wing Escort,Strike Wing Escort,4,3,2,3,,,3,,,,8,6,5,0,0,3,0,0,1,1,3,1.173333,52799.985,0.99,15,0.2,60,15,,5,,4,Tac,,3,Uni,,3,Eng,Pil,2,Sci,,1,Tac,,,,,7,4,3,Yes,Yes,1,2,Yes,5,3,3,,,,,,,,,,,Cloak,,,,,,Very Rare,Tac,31,59,27,+5 ENG and SCI per EngShip or TacShip,TRUE,TRUE,FALSE,,2,,5,3,3,5,3,3,Tac,Basic,Fleet Qin Flight Deck Raptor,https://stowiki.net/wiki/Fleet_Qin_Flight_Deck_Raptor,,,,
,77,Fleet Ar'kif Tactical Carrier Warbird,30 Jul 2015,2015,7,Fleet,Fleet,,,Romulan,Romulan,Ar'kif,Tactical WB,Strike Wing Escort,Strike Wing Escort (warbird),4,1,3,3,,,3,,,,9,4,6,0,0,3,0,0,1,1,3,1.155,51975,0.99,16,0.2,60,10,,10,,4,Tac,,3,Uni,,3,Sci,Pil,2,Tac,,1,Eng,,,,,7,4,3,Yes,Yes,1,2,Yes,5,2,4,,,,,,,,,,Yes,Battle - Rom,,,,,,Very Rare,Tac,28,62,27,+5 ENG and SCI per EngShip or TacShip,TRUE,TRUE,FALSE,,2,,5,2,4,5,2,4,Tac,Battle,Fleet Ar'kif Tactical Carrier Warbird,https://stowiki.net/wiki/Fleet_Ar%27kif_Tactical_Carrier_Warbird,,,,
,76,Fleet Akira Heavy Strike Wing Escort,30 Jul 2015,2015,7,Fleet,Fleet,,,Federation,Starfleet,Akira,Escort,Strike Wing Escort,Strike Wing Escort,4,3,2,2,,,3,,,,8,5,4,0,0,3,0,0,1,1,3,1.173333,52799.985,0.99,15,0.2,60,15,,5,,4,Tac,,3,Eng,Pil,2,Uni,,2,Tac,,2,Sci,,,,,7,4,3,Yes,Yes,1,2,Yes,5,3,3,,,,,,,,,,,,,,,,,Very Rare,Tac,27,70,20,+5 ENG and SCI per EngShip or TacShip,TRUE,TRUE,FALSE,,2,,5,3,3,5,3,3,Tac,,Fleet Akira Heavy Strike Wing Escort,https://stowiki.net/wiki/Fleet_Akira_Heavy_Strike_Wing_Escort_(T6),,,,
,75,Qa'Tel Flight Deck Raptor,30 Jul 2015,2015,7,C Store,C Store,Cross-Faction Heavy Strike Wing Escort,,Klingon,Klingon,Qin,Escort,Strike Wing Escort,Strike Wing Escort,4,3,2,3,,,3,,,,8,6,5,0,0,3,0,0,1,1,3,1.066666,47999.97,0.9,15,0.2,60,15,,5,,4,Tac,,3,Uni,,3,Eng,Pil,2,Sci,,1,Tac,,,,,7,4,3,Yes,Yes,1,2,,5,3,2,,,,,,,,,,,Cloak,,,Coordinated Assault,on B:O / C:RF: apply both B:O and C:RF to hanger pets,Destabilized Tachyon Emitters,Rare,Tac,29,54,25,+8 SCI per EngShip or TacShip,TRUE,TRUE,FALSE,,2,,5,3,2,5,3,2,Tac,Basic,Qa'Tel Flight Deck Raptor,https://stowiki.net/wiki/Qa%27Tel_Flight_Deck_Raptor,Coordinated Assault,https://stowiki.net/wiki/Coordinated_Assault_(starship_trait),Destabilized Tachyon Emitters,https://stowiki.net/wiki/Console_-_Universal_-_Destabilized_Tachyon_Emitters
,74,Jhu'ael Tactical Carrier Warbird,30 Jul 2015,2015,7,C Store,C Store,Cross-Faction Heavy Strike Wing Escort,,Romulan,Romulan,Ar'kif,Tactical WB,Strike Wing Escort,Strike Wing Escort (warbird),4,1,3,3,,,3,,,,9,4,6,0,0,3,0,0,1,1,3,1.05,47250,0.9,16,0.2,60,10,,10,,4,Tac,,3,Uni,,3,Sci,Pil,2,Tac,,1,Eng,,,,,7,4,3,Yes,Yes,1,2,,4,2,4,,,,,,,,,,Yes,Battle - Rom,,,Coordinated Assault,on B:O / C:RF: apply both B:O and C:RF to hanger pets,Destabilized Tachyon Emitters,Rare,Tac,25,58,25,+8 SCI per EngShip or TacShip,TRUE,TRUE,FALSE,,2,,4,2,4,4,2,4,Tac,Battle,Jhu'ael Tactical Carrier Warbird,https://stowiki.net/wiki/Jhu%27ael_Tactical_Carrier_Warbird,Coordinated Assault,https://stowiki.net/wiki/Coordinated_Assault_(starship_trait),Destabilized Tachyon Emitters,https://stowiki.net/wiki/Console_-_Universal_-_Destabilized_Tachyon_Emitters
,73,Alita Heavy Strike Wing Escort,30 Jul 2015,2015,7,C Store,C Store,Cross-Faction Heavy Strike Wing Escort,,Federation,Starfleet,Akira,Escort,Strike Wing Escort,Strike Wing Escort,4,3,2,2,,,3,,,,8,5,4,0,0,3,0,0,1,1,3,1.066666,47999.97,0.9,15,0.2,60,15,,5,,4,Tac,,3,Eng,Pil,2,Uni,,2,Tac,,2,Sci,,,,,7,4,3,Yes,Yes,1,2,,5,3,2,,,,,,,,,,,,,,Coordinated Assault,on B:O / C:RF: apply both B:O and C:RF to hanger pets,Destabilized Tachyon Emitters,Rare,Tac,25,65,18,+8 SCI per EngShip or TacShip,TRUE,TRUE,FALSE,,2,,5,3,2,5,3,2,Tac,,Alita Heavy Strike Wing Escort,https://stowiki.net/wiki/Alita_Heavy_Strike_Wing_Escort,Coordinated Assault,https://stowiki.net/wiki/Coordinated_Assault_(starship_trait),Destabilized Tachyon Emitters,https://stowiki.net/wiki/Console_-_Universal_-_Destabilized_Tachyon_Emitters
,70,Fleet Excelsior Advanced Heavy Cruiser,16 Jul 2015,2015,7,Fleet,Fleet,,,Federation,Starfleet,Excelsior,Cruiser,Cruiser,Cruiser,3,4,2,,,3,,,,,3,8,2,0,3,0,0,0,1,1,3,1.43,64350,1.1,8,0.15,40,5,5,5,5,4,Eng,,3,Tac,,3,Eng,Cmd,2,Sci,,1,Eng,,,,,8,4,4,,,,4,Yes,4,5,2,,Yes,Yes,Yes,Yes,,,,,,,,,,,,Very Rare,Eng,72,27,18,+8 TAC per ANY Ship (Not Small Craft),TRUE,TRUE,FALSE,,4,,4,5,2,4,5,2,Eng,,Fleet Excelsior Advanced Heavy Cruiser,https://stowiki.net/wiki/Fleet_Excelsior_Advanced_Heavy_Cruiser,,,,
,69,Resolute Advanced Heavy Cruiser,16 Jul 2015,2015,7,C Store,C Store,,,Federation,Starfleet,Excelsior,Cruiser,Cruiser,Cruiser,3,4,2,,,3,,,,,3,8,2,0,3,0,0,0,1,1,3,1.3,58500,1,8,0.15,40,5,5,5,5,4,Eng,,3,Tac,,3,Eng,Cmd,2,Sci,,1,Eng,,,,,8,4,4,,,,4,,3,5,2,,Yes,Yes,Yes,Yes,,,,,,,,,Improved Weaponized Emitters,on Aceton Beam / Overwhelm Emitters: AoE DoT,Tactical Maneuvering Matrix,Rare,Eng,67,25,16,-25% Maintenance per EngShip,TRUE,TRUE,FALSE,,4,,3,5,2,3,5,2,Eng,,Resolute Advanced Heavy Cruiser,https://stowiki.net/wiki/Resolute_Advanced_Heavy_Cruiser,Improved Weaponized Emitters,https://stowiki.net/wiki/Improved_Weaponized_Emitters_(starship_trait),Tactical Maneuvering Matrix,https://stowiki.net/wiki/Console_-_Universal_-_Tactical_Maneuvering_Matrix
,71,Zahl Heavy Cruiser,16 Jul 2015,2015,7,Lobi,Lobi,,,X-faction,Zahl,,Cruiser,Cruiser,Cruiser,3,4,2,3,2,3,,,,,6,8,5,2,3,0,0,0,2,2,5,1.38,62100,1.3,8.5,0.15,50,5,10,5,,4,Eng,,3,Uni,Cmd,3,Tac,,2,Sci,Int,1,Eng,,,,,8,4,4,,,,4,Yes,4,5,2,,Yes,Yes,Yes,Yes,,,,,,,,,Invincible,on dropping below 5% hull: +healing and unkillable for short time,Temporal Shielding Matrix,Ultra Rare,Eng,70,36,20,-5% Maintenance per ANY Ship (Not Small Craft),TRUE,TRUE,FALSE,,4,,4,5,2,4,5,2,Eng,,Zahl Heavy Cruiser,https://stowiki.net/wiki/Zahl_Heavy_Cruiser,Invincible,https://stowiki.net/wiki/Invincible_(starship_trait),Temporal Shielding Matrix,https://stowiki.net/wiki/Console_-_Universal_-_Temporal_Shielding_Matrix
,72,Krenim Imperium Warship,16 Jul 2015,2015,7,Lockbox,C Store (Mudd),Lost in the Delta Q - B,,X-faction,Krenim,,Destroyer,Warship,Warship,4,1,3,3,2,,3,,,,9,4,6,2,0,3,0,0,2,2,5,1.1,49500,1.1,14,0.18,55,10,5,,5,4,Tac,,3,Uni,Pil,3,Sci,,2,Tac,Int,1,Eng,,,,,8,5,3,Yes,,,3,Yes,5,3,3,,,,,,,,,,,,,,Potentiality,while not using Boff abilities: gain stacks of bonus damage,Timeline Analysis Sensor Grid,Ultra Rare,Tac,26,66,34,+10 TAC per SciShip,TRUE,TRUE,FALSE,,3,,5,3,3,5,3,3,Tac,,Krenim Imperium Warship,https://stowiki.net/wiki/Krenim_Imperium_Warship,Potentiality,https://stowiki.net/wiki/Potentiality_(starship_trait),Timeline Analysis Sensor Grid,https://stowiki.net/wiki/Console_-_Universal_-_Timeline_Analysis_Sensor_Grid
,65,Fleet Mogh Battlecruiser,25 Jun 2015,2015,6,Fleet,Fleet,,,Klingon,Klingon,Mogh,Battlecruiser,Battlecruiser,Battlecruiser,3,4,2,3,3,,,,,,7,7,5,3,0,0,0,0,1,1,3,1.375,61875,1.1,9,0.15,50,10,,10,,4,Eng,,3,Uni,,3,Tac,Int,2,Sci,,1,Tac,,,,,8,5,3,Yes,,,3,Yes,4,5,2,,Yes,Yes,Yes,,,,,,,Cloak,,,,,,Very Rare,Eng,55,39,23,+8 ENG per ANY Ship (Not Small Craft),TRUE,TRUE,FALSE,,3,,4,5,2,4,5,2,Eng,Basic,Fleet Mogh Battlecruiser,https://stowiki.net/wiki/Fleet_Mogh_Battlecruiser_(T6),,,,
,63,Fleet Avenger Battlecruiser,25 Jun 2015,2015,6,Fleet,Fleet,,,Federation,Starfleet,Avenger,Battlecruiser,Battlecruiser,Battlecruiser,3,4,2,3,3,,,,,,7,7,5,3,0,0,0,0,1,1,3,1.375,61875,1.1,9,0.15,50,10,,10,,4,Eng,,3,Uni,,3,Tac,Int,2,Sci,,1,Tac,,,,,8,5,3,Yes,,,3,Yes,4,5,2,,Yes,Yes,Yes,,,,,,,,,,,,,Very Rare,Eng,43,55,19,+8 ENG per ANY Ship (Not Small Craft),TRUE,TRUE,FALSE,,3,,4,5,2,4,5,2,Eng,,Fleet Avenger Battlecruiser,https://stowiki.net/wiki/Fleet_Avenger_Battlecruiser_(T6),,,,
,61,Kurak Battlecruiser,25 Jun 2015,2015,6,C Store,C Store,Cross-Faction Battlecruiser,,Klingon,Klingon,Mogh,Battlecruiser,Battlecruiser,Battlecruiser,3,4,2,3,3,,,,,,7,7,5,3,0,0,0,0,1,1,3,1.25,56250,1,9,0.15,50,10,,10,,4,Eng,,3,Uni,,3,Tac,Int,2,Sci,,1,Tac,,,,,8,5,3,Yes,,,3,,4,5,1,,Yes,Yes,Yes,,,,,,,Cloak,,,Emergency Weapon Cycle,"on EP2W: -weapon cost, +haste",Ablative Hazard Shielding,Rare,Eng,50,37,21,-25% Maintenance per TacShip,TRUE,TRUE,FALSE,,3,,4,5,1,4,5,1,Eng,Basic,Kurak Battlecruiser,https://stowiki.net/wiki/Kurak_Battlecruiser,Emergency Weapon Cycle,https://stowiki.net/wiki/Emergency_Weapon_Cycle_(starship_trait),Ablative Hazard Shielding,https://stowiki.net/wiki/Console_-_Universal_-_Ablative_Hazard_Shielding
,60,Arbiter Battlecruiser,25 Jun 2015,2015,6,C Store,C Store,Cross-Faction Battlecruiser,,Federation,Starfleet,Avenger,Battlecruiser,Battlecruiser,Battlecruiser,3,4,2,3,3,,,,,,7,7,5,3,0,0,0,0,1,1,3,1.25,56250,1,9,0.15,50,10,,10,,4,Eng,,3,Uni,,3,Tac,Int,2,Sci,,1,Tac,,,,,8,5,3,Yes,,,3,,4,5,1,,Yes,Yes,Yes,,,,,,,,,,Emergency Weapon Cycle,"on EP2W: -weapon cost, +haste",Ablative Hazard Shielding,Rare,Eng,41,50,17,-25% Maintenance per TacShip,TRUE,TRUE,FALSE,,3,,4,5,1,4,5,1,Eng,,Arbiter Battlecruiser,https://stowiki.net/wiki/Arbiter_Battlecruiser,Emergency Weapon Cycle,https://stowiki.net/wiki/Emergency_Weapon_Cycle_(starship_trait),Ablative Hazard Shielding,https://stowiki.net/wiki/Console_-_Universal_-_Ablative_Hazard_Shielding
,64,Fleet Mogai Heavy Warbird,25 Jun 2015,2015,6,Fleet,Fleet,,,Romulan,Romulan,Mogai,Tactical WB,Escort,Escort (warbird),4,3,1,3,3,,,,,,9,6,4,3,0,0,0,0,1,1,3,1.21,54450,1.1,14,0.2,60,10,,10,,4,Tac,,3,Uni,Int,3,Eng,,2,Tac,,1,Sci,,,,,7,4,3,Yes,Yes,,3,Yes,5,4,2,,,,,,,,,,Yes,Battle - Rom,,,,,,Very Rare,Tac,41,59,17,+8 ENG and TAC per SciShip,TRUE,TRUE,FALSE,,3,,5,4,2,5,4,2,Tac,Battle,Fleet Mogai Heavy Warbird,https://stowiki.net/wiki/Fleet_Mogai_Heavy_Warbird,,,,
,62,Morrigu Heavy Warbird,25 Jun 2015,2015,6,C Store,C Store,Cross-Faction Battlecruiser,,Romulan,Romulan,Mogai,Tactical WB,Escort,Escort (warbird),4,3,1,3,3,,,,,,9,6,4,3,0,0,0,0,1,1,3,1.1,49500,1,14,0.2,60,10,,10,,4,Tac,,3,Uni,Int,3,Eng,,2,Tac,,1,Sci,,,,,7,4,3,Yes,Yes,,3,,5,3,2,,,,,,,,,,Yes,Battle - Rom,,,Emergency Weapon Cycle,"on EP2W: -weapon cost, +haste",Ablative Hazard Shielding,Rare,Tac,38,55,15,2.5x Critical Rating from TAC,TRUE,TRUE,FALSE,,3,,5,3,2,5,3,2,Tac,Battle,Morrigu Heavy Warbird,https://stowiki.net/wiki/Morrigu_Heavy_Warbird,Emergency Weapon Cycle,https://stowiki.net/wiki/Emergency_Weapon_Cycle_(starship_trait),Ablative Hazard Shielding,https://stowiki.net/wiki/Console_-_Universal_-_Ablative_Hazard_Shielding
,68,Fleet Manticore Heavy Destroyer,25 Jun 2015,2015,6,Veteran,Veteran,,,Federation,Starfleet,Fed Lifetime,Destroyer,Destroyer,Destroyer,4,3,2,3,,3,,,,,8,7,6,0,3,0,0,0,1,1,3,1.265,56925,0.99,14,0.22,80,10,5,,5,4,Tac,,3,Uni,,3,Eng,Cmd,2,Sci,,1,Uni,,,,,7,4,3,Yes,Yes,,3,Yes,5,4,2,,,,,,,,,,,,,,,,,Very Rare,Tac,37,62,18,+8 SCI per ANY Ship (Not Small Craft),TRUE,TRUE,FALSE,,3,,5,4,2,5,4,2,Tac,,Fleet Manticore Heavy Destroyer,https://stowiki.net/wiki/Fleet_Manticore_Heavy_Destroyer,,,,
,67,Fleet Duvqu' Heavy Destroyer,25 Jun 2015,2015,6,Veteran,Veteran,,,Klingon,Klingon,KDF Lifetime,Destroyer,Destroyer,Destroyer,4,3,2,3,,3,,,,,8,7,6,0,3,0,0,0,1,1,3,1.265,56925,0.916,14,0.22,80,10,5,,5,4,Tac,,3,Uni,,3,Eng,Cmd,2,Sci,,1,Uni,,,,,7,4,3,Yes,Yes,,3,Yes,5,4,2,,,,,,,,,,,Battle,,,,,,Very Rare,Tac,25,57,35,+8 SCI per ANY Ship (Not Small Craft),TRUE,TRUE,FALSE,,3,,5,4,2,5,4,2,Tac,Battle,Fleet Duvqu' Heavy Destroyer,https://stowiki.net/wiki/Fleet_Duvqu%27_Heavy_Destroyer,,,,
,66,Fleet Dinaes Warbird Destroyer,25 Jun 2015,2015,6,Veteran,Veteran,,,Romulan,Romulan,Rom Lifetime,Tactical WB,Destroyer,Escort (warbird),4,3,2,3,,3,,,,,8,7,6,0,3,0,0,0,1,1,3,1.265,56925,0.913,14,0.22,80,10,5,,5,4,Tac,,3,Uni,,3,Eng,Cmd,2,Sci,,1,Uni,,,,,7,4,3,Yes,Yes,,3,Yes,5,4,2,,,,,,,,,,Yes,Battle - Rom,,,,,,Very Rare,Tac,34,56,27,+8 SCI per ANY Ship (Not Small Craft),TRUE,TRUE,FALSE,,3,,5,4,2,5,4,2,Tac,Battle,Fleet Dinaes Warbird Destroyer,https://stowiki.net/wiki/Fleet_Dinaes_Warbird_Destroyer,,,,
,59,Manticore Heavy Destroyer,11 Jun 2015,2015,6,Veteran,Veteran,,,Federation,Starfleet,Fed Lifetime,Destroyer,Destroyer,Destroyer,4,3,2,3,,3,,,,,8,7,6,0,3,0,0,0,1,1,3,1.15,51750,0.9,14,0.22,80,10,5,,5,4,Tac,,3,Uni,,3,Eng,Cmd,2,Sci,,1,Uni,,,,,7,4,3,Yes,Yes,,3,,5,3,2,,,,,,,,,,,,,,Weapon System Synergy,"on activating energy weapon: grant stack.. at 10: +projectile damage, shield pen",Enhanced Dynamic Tactical System,Rare,Tac,35,57,16,-25% Maintenance per SciShip,TRUE,TRUE,FALSE,,3,,5,3,2,5,3,2,Tac,,Manticore Heavy Destroyer,https://stowiki.net/wiki/Manticore_Heavy_Destroyer,Weapon System Synergy,https://stowiki.net/wiki/Weapon_System_Synergy_(starship_trait),Enhanced Dynamic Tactical System,https://stowiki.net/wiki/Console_-_Universal_-_Enhanced_Dynamic_Tactical_System
,58,Duvqu' Heavy Destroyer,11 Jun 2015,2015,6,Veteran,Veteran,,,Klingon,Klingon,KDF Lifetime,Destroyer,Destroyer,Destroyer,4,3,2,3,,3,,,,,8,7,6,0,3,0,0,0,1,1,3,1.15,51750,0.833,14,0.22,80,10,5,,5,4,Tac,,3,Uni,,3,Eng,Cmd,2,Sci,,1,Uni,,,,,7,4,3,Yes,Yes,,3,,5,3,2,,,,,,,,,,,Battle,,,Weapon System Synergy,"on activating energy weapon: grant stack.. at 10: +projectile damage, shield pen",Enhanced Dynamic Tactical System,Rare,Tac,23,52,33,-25% Maintenance per SciShip,TRUE,TRUE,FALSE,,3,,5,3,2,5,3,2,Tac,Battle,Duvqu' Heavy Destroyer,https://stowiki.net/wiki/Duvqu%27_Heavy_Destroyer,Weapon System Synergy,https://stowiki.net/wiki/Weapon_System_Synergy_(starship_trait),Enhanced Dynamic Tactical System,https://stowiki.net/wiki/Console_-_Universal_-_Enhanced_Dynamic_Tactical_System
,57,Dinaes Warbird Destroyer,11 Jun 2015,2015,6,Veteran,Veteran,,,Romulan,Romulan,Rom Lifetime,Tactical WB,Destroyer,Escort (warbird),4,3,2,3,,3,,,,,8,7,6,0,3,0,0,0,1,1,3,1.15,51750,0.83,14,0.22,80,10,5,,5,4,Tac,,3,Uni,,3,Eng,Cmd,2,Sci,,1,Uni,,,,,7,4,3,Yes,Yes,,3,,5,3,2,,,,,,,,,,Yes,Battle - Rom,,,Weapon System Synergy,"on activating energy weapon: grant stack.. at 10: +projectile damage, shield pen",Enhanced Dynamic Tactical System,Rare,Tac,31,52,25,-25% Maintenance per SciShip,TRUE,TRUE,FALSE,,3,,5,3,2,5,3,2,Tac,Battle,Dinaes Warbird Destroyer,https://stowiki.net/wiki/Dinaes_Warbird_Destroyer,Weapon System Synergy,https://stowiki.net/wiki/Weapon_System_Synergy_(starship_trait),Enhanced Dynamic Tactical System,https://stowiki.net/wiki/Console_-_Universal_-_Enhanced_Dynamic_Tactical_System
,56,Ferengi Nandi Warship,4 Jun 2015,2015,6,Event,Phoenix,,,X-faction,Ferengi,,Destroyer,Warship,Warship,4,2,3,1,,,3,,,,6,3,6,0,0,3,0,0,1,1,3,1.22,54900,1.05,12,0.18,45,10,,10,,4,Tac,,3,Sci,Pil,2,Eng,,2,Sci,,1,Uni,,1,Tac,,8,4,4,Yes,,,3,Yes,5,2,4,,,,,,,,,,,,,,Greedy Emitters,"on Energy Siphon / Tykens / Tachyon Beam: drain immunity, -weapon cost, +power",Metaphasic Solar Capacitor,Ultra Rare,Tac,22,60,44,-10% Maintenance per EngShip or SciShip,TRUE,TRUE,FALSE,,3,,5,2,4,5,2,4,Tac,,Ferengi Nandi Warship,https://stowiki.net/wiki/Ferengi_Nandi_Warship,Greedy Emitters,https://stowiki.net/wiki/Greedy_Emitters_(starship_trait),Metaphasic Solar Capacitor,https://stowiki.net/wiki/Console_-_Universal_-_Metaphasic_Solar_Capacitor
,55,Elachi Sheshar Command Dreadnought Cruiser,20 May 2015,2015,5,Promo,C Store (Mudd),In Command - B,,X-faction,Elachi,Sheshar,Dreadnought Cruiser,Dreadnought Cruiser,Dreadnought Cruiser,2,4,3,3,,3,,,,,5,8,6,0,3,0,0,0,1,1,3,1.4,63000,1.3,6,0.15,25,10,5,5,,4,Eng,,3,Uni,,3,Sci,Cmd,2,Tac,,1,Eng,,,,,8,5,3,Yes,,1,4,Yes,4,4,3,,Yes,,,Yes,,,,,,,,,Torpedo Barrage,on firing T:HY: gain extra T:HY I,Sheshar Assault Craft,Ultra Rare,Eng,60,38,29,2x Critical Rating from Events,TRUE,TRUE,FALSE,,4,,4,4,3,4,4,3,Eng,,Elachi Sheshar Command Dreadnought Cruiser,https://stowiki.net/wiki/Elachi_Sheshar_Command_Dreadnought_Cruiser,Torpedo Barrage,https://stowiki.net/wiki/Torpedo_Barrage_(starship_trait),Sheshar Assault Craft,https://stowiki.net/wiki/Console_-_Universal_-_Sheshar_Assault_Craft
,54,Qui'tu Engineering Pilot Raptor,7 May 2015,2015,5,C Store,C Store,Pilot Escort / KDF,,Klingon,Klingon,KDF PE,Escort,Escort,Escort,4,3,2,2,,,4,,,Pil,8,5,4,0,0,6,0,0,1,2,6,1.05,47250,0.97,20,0.24,75,10,,10,,4,Tac,Pil,3,Eng,,2,Uni,,2,Tac,,2,Sci,Pil,,,,7,5,2,Yes,Yes,,2,Yes,5,4,2,,,,,,,,,,,Cloak,,,Structural Integrity Overcharge,+HP regen based on base engine power,Subspace Eddy,Very Rare,Tac,26,66,25,+35 ENG when Alone,TRUE,TRUE,FALSE,,2,,5,4,2,5,4,2,Tac,Basic,Qui'tu Engineering Pilot Raptor,https://stowiki.net/wiki/Qui%27tu_Engineering_Pilot_Raptor,Structural Integrity Overcharge,https://stowiki.net/wiki/Structural_Integrity_Overcharge_(starship_trait),Subspace Eddy,https://stowiki.net/wiki/Console_-_Universal_-_Subspace_Eddy
,53,Okhala Tactical Pilot Warbird,7 May 2015,2015,5,C Store,C Store,Pilot Escort / Rom,,Romulan,Romulan,Rom PE,Tactical WB,Escort,Escort (warbird),4,2,2,2,,,4,,,Pil,9,4,4,0,0,6,0,0,1,2,6,0.97,43650,0.97,20,0.24,75,10,,10,,4,Tac,Pil,3,Tac,,2,Uni,,2,Eng,,2,Sci,Pil,,,,7,5,2,Yes,Yes,,2,Yes,5,3,3,,,,,,,,,,Yes,Battle - Rom,,,Stay on Target,while target is in forward arc: fire microtorp periodically,Microprojectile Barrage Launcher,Very Rare,Tac,22,70,25,+35 TAC when Alone,TRUE,TRUE,FALSE,,2,,5,3,3,5,3,3,Tac,Battle,Okhala Tactical Pilot Warbird,https://stowiki.net/wiki/Okhala_Tactical_Pilot_Warbird,Stay on Target,https://stowiki.net/wiki/Stay_on_Target_(starship_trait),Microprojectile Barrage Launcher,https://stowiki.net/wiki/Console_-_Universal_-_Microprojectile_Barrage_Launcher
,52,Mercury Tactical Pilot Escort,7 May 2015,2015,5,C Store,C Store,Pilot Escort / Fed,,Federation,Starfleet,Fed PE,Escort,Escort,Escort,4,2,2,2,,,4,,,Pil,9,4,4,0,0,6,0,0,1,2,6,0.97,43650,1.05,20,0.24,75,10,,10,,4,Tac,Pil,3,Tac,,2,Uni,,2,Eng,,2,Sci,Pil,,,,7,5,2,Yes,Yes,,2,Yes,5,3,3,,,,,,,,,,,,,,Stay on Target,while target is in forward arc: fire microtorp periodically,Microprojectile Barrage Launcher,Very Rare,Tac,22,70,25,+35 TAC when Alone,TRUE,TRUE,FALSE,,2,,5,3,3,5,3,3,Tac,,Mercury Tactical Pilot Escort,https://stowiki.net/wiki/Mercury_Tactical_Pilot_Escort,Stay on Target,https://stowiki.net/wiki/Stay_on_Target_(starship_trait),Microprojectile Barrage Launcher,https://stowiki.net/wiki/Console_-_Universal_-_Microprojectile_Barrage_Launcher
,51,Kortar Tactical Pilot Raptor,7 May 2015,2015,5,C Store,C Store,Pilot Escort / KDF,,Klingon,Klingon,KDF PE,Escort,Escort,Escort,4,2,2,2,,,4,,,Pil,9,4,4,0,0,6,0,0,1,2,6,1.05,47250,0.97,20,0.24,75,10,,10,,4,Tac,Pil,3,Tac,,2,Uni,,2,Eng,,2,Sci,Pil,,,,7,5,2,Yes,Yes,,2,Yes,5,3,3,,,,,,,,,,,Cloak,,,Stay on Target,while target is in forward arc: fire microtorp periodically,Microprojectile Barrage Launcher,Very Rare,Tac,22,70,25,+35 TAC when Alone,TRUE,TRUE,FALSE,,2,,5,3,3,5,3,3,Tac,Basic,Kortar Tactical Pilot Raptor,https://stowiki.net/wiki/Kortar_Tactical_Pilot_Raptor,Stay on Target,https://stowiki.net/wiki/Stay_on_Target_(starship_trait),Microprojectile Barrage Launcher,https://stowiki.net/wiki/Console_-_Universal_-_Microprojectile_Barrage_Launcher
,50,Klavek Science Pilot Raptor,7 May 2015,2015,5,C Store,C Store,Pilot Escort / KDF,,Klingon,Klingon,KDF PE,Escort,Escort,Escort,4,2,3,2,,,4,,,Pil,8,4,5,0,0,6,0,0,1,2,6,1.05,47250,0.97,20,0.24,75,10,,10,,4,Tac,Pil,3,Sci,,2,Uni,,2,Tac,,2,Eng,Pil,,,,7,5,2,Yes,Yes,,2,Yes,5,2,4,,,,,,,,,,,Cloak,,,Subwarp Sheath,Armor Pen based on speed,Spatial Sinkhole Generator,Very Rare,Tac,22,66,29,+35 SCI when Alone,TRUE,TRUE,FALSE,,2,,5,2,4,5,2,4,Tac,Basic,Klavek Science Pilot Raptor,https://stowiki.net/wiki/Klavek_Science_Pilot_Raptor,Subwarp Sheath,https://stowiki.net/wiki/Subwarp_Sheath_(starship_trait),Spatial Sinkhole Generator,https://stowiki.net/wiki/Console_-_Universal_-_Spatial_Sinkhole_Generator
,49,Khaiell Engineering Pilot Warbird,7 May 2015,2015,5,C Store,C Store,Pilot Escort / Rom,,Romulan,Romulan,Rom PE,Tactical WB,Escort,Escort (warbird),4,3,2,2,,,4,,,Pil,8,5,4,0,0,6,0,0,1,2,6,0.97,43650,0.97,20,0.24,75,10,,10,,4,Tac,Pil,3,Eng,,2,Uni,,2,Tac,,2,Sci,Pil,,,,7,5,2,Yes,Yes,,2,Yes,5,4,2,,,,,,,,,,Yes,Battle - Rom,,,Structural Integrity Overcharge,+HP regen based on base engine power,Subspace Eddy,Very Rare,Tac,26,66,25,+35 ENG when Alone,TRUE,TRUE,FALSE,,2,,5,4,2,5,4,2,Tac,Battle,Khaiell Engineering Pilot Warbird,https://stowiki.net/wiki/Khaiell_Engineering_Pilot_Warbird,Structural Integrity Overcharge,https://stowiki.net/wiki/Structural_Integrity_Overcharge_(starship_trait),Subspace Eddy,https://stowiki.net/wiki/Console_-_Universal_-_Subspace_Eddy
,48,Jaeih Science Pilot Warbird,7 May 2015,2015,5,C Store,C Store,Pilot Escort / Rom,,Romulan,Romulan,Rom PE,Tactical WB,Escort,Escort (warbird),4,2,3,2,,,4,,,Pil,8,4,5,0,0,6,0,0,1,2,6,0.97,43650,0.97,20,0.24,75,10,,10,,4,Tac,Pil,3,Sci,,2,Uni,,2,Tac,,2,Eng,Pil,,,,7,5,2,Yes,Yes,,2,Yes,5,2,4,,,,,,,,,,Yes,Battle - Rom,,,Subwarp Sheath,Armor Pen based on speed,Spatial Sinkhole Generator,Very Rare,Tac,22,66,29,+35 SCI when Alone,TRUE,TRUE,FALSE,,2,,5,2,4,5,2,4,Tac,Battle,Jaeih Science Pilot Warbird,https://stowiki.net/wiki/Jaeih_Science_Pilot_Warbird,Subwarp Sheath,https://stowiki.net/wiki/Subwarp_Sheath_(starship_trait),Spatial Sinkhole Generator,https://stowiki.net/wiki/Console_-_Universal_-_Spatial_Sinkhole_Generator
,47,Icarus Science Pilot Escort,7 May 2015,2015,5,C Store,C Store,Pilot Escort / Fed,,Federation,Starfleet,Fed PE,Escort,Escort,Escort,4,2,3,2,,,4,,,Pil,8,4,5,0,0,6,0,0,1,2,6,0.97,43650,1.05,20,0.24,75,10,,10,,4,Tac,Pil,3,Sci,,2,Uni,,2,Tac,,2,Eng,Pil,,,,7,5,2,Yes,Yes,,2,Yes,5,2,4,,,,,,,,,,,,,,Subwarp Sheath,Armor Pen based on speed,Spatial Sinkhole Generator,Very Rare,Tac,22,66,29,+35 SCI when Alone,TRUE,TRUE,FALSE,,2,,5,2,4,5,2,4,Tac,,Icarus Science Pilot Escort,https://stowiki.net/wiki/Icarus_Science_Pilot_Escort,Subwarp Sheath,https://stowiki.net/wiki/Subwarp_Sheath_(starship_trait),Spatial Sinkhole Generator,https://stowiki.net/wiki/Console_-_Universal_-_Spatial_Sinkhole_Generator
,46,Ajax Engineering Pilot Escort,7 May 2015,2015,5,C Store,C Store,Pilot Escort / Fed,,Federation,Starfleet,Fed PE,Escort,Escort,Escort,4,3,2,2,,,4,,,Pil,8,5,4,0,0,6,0,0,1,2,6,0.97,43650,1.05,20,0.24,75,10,,10,,4,Tac,Pil,3,Eng,,2,Uni,,2,Tac,,2,Sci,Pil,,,,7,5,2,Yes,Yes,,2,Yes,5,4,2,,,,,,,,,,,,,,Structural Integrity Overcharge,+HP regen based on base engine power,Subspace Eddy,Very Rare,Tac,26,66,25,+35 ENG when Alone,TRUE,TRUE,FALSE,,2,,5,4,2,5,4,2,Tac,,Ajax Engineering Pilot Escort,https://stowiki.net/wiki/Ajax_Engineering_Pilot_Escort,Structural Integrity Overcharge,https://stowiki.net/wiki/Structural_Integrity_Overcharge_(starship_trait),Subspace Eddy,https://stowiki.net/wiki/Console_-_Universal_-_Subspace_Eddy
,44,Xindi-Primate Ateleth Dreadnought Cruiser,21 Apr 2015,2015,4,Lobi,C Store (Bundle),16th Anniversary,,X-faction,Xindi,,Dreadnought Cruiser,Dreadnought Cruiser,Dreadnought Cruiser,2,4,2,3,2,3,,,,,5,9,5,2,3,0,0,0,2,2,5,1.35,60750,1.2,9,0.15,35,5,5,5,5,4,Eng,,3,Uni,Cmd,2,Tac,,2,Eng,Int,2,Sci,,,,,8,4,4,Yes,,1,4,Yes,3,5,3,,Yes,,,Yes,,,,,,,,,Superweapon Ingenuity,B:O gains duration,Subspace Kemocite Deployment,Ultra Rare,Eng,68,32,26,+10 ENG per TacShip,TRUE,TRUE,FALSE,,4,,3,5,3,3,5,3,Eng,,Xindi-Primate Ateleth Dreadnought Cruiser,https://stowiki.net/wiki/Xindi-Primate_Ateleth_Dreadnought_Cruiser,Superweapon Ingenuity,https://stowiki.net/wiki/Superweapon_Ingenuity_(starship_trait),Subspace Kemocite Deployment,https://stowiki.net/wiki/Console_-_Universal_-_Subspace_Kemocite_Deployment
,38,Fleet Guardian Cruiser,21 Apr 2015,2015,4,Fleet,Fleet,,,Federation,Starfleet,Guardian,Cruiser,Cruiser,Cruiser,3,4,3,1,2,,,,,,4,7,4,2,0,0,0,0,1,1,2,1.4575,65587.5,1.1,6.5,0.15,35,5,5,5,5,4,Eng,,3,Tac,,3,Sci,,2,Eng,Int,1,Uni,,,,,8,4,4,,,,4,Yes,3,5,3,,Yes,Yes,Yes,Yes,,,,,,,,,,,,Very Rare,Eng,69,24,24,Ignores +/- ENG from Events,TRUE,TRUE,FALSE,,4,,3,5,3,3,5,3,Eng,,Fleet Guardian Cruiser,https://stowiki.net/wiki/Fleet_Guardian_Cruiser,,,,
,34,Fleet Aelahl Light Warbird Battlecruiser,21 Apr 2015,2015,4,Fleet,Fleet,,,Romulan,Romulan,Aelahl,Engineering WB,Battlecruiser,Battlecruiser (warbird),3,4,2,2,2,,,,,,5,8,4,2,0,0,0,0,1,1,2,1.3475,60637.5,1.1,10,0.16,45,10,,10,,4,Eng,,3,Tac,,2,Uni,,2,Eng,,2,Sci,Int,,,,8,4,4,Yes,,,4,Yes,3,5,3,,,,,,,,,,Yes,Battle - Rom,,,,,,Very Rare,Eng,55,41,21,+8 ENG per ANY Ship (Not Small Craft),TRUE,TRUE,FALSE,,4,,3,5,3,3,5,3,Eng,Battle,Fleet Aelahl Light Warbird Battlecruiser,https://stowiki.net/wiki/Fleet_Aelahl_Light_Warbird_Battlecruiser,,,,
,39,Fleet Intrepid Long Range Science Vessel,21 Apr 2015,2015,4,Fleet,Fleet,,,Federation,Starfleet,Intrepid,Science Vessel,Science Vessel,Science Vessel,2,2,4,2,2,,,,,,4,4,9,2,0,0,0,0,1,1,2,0.99,44550,1.43,12,0.17,50,,,,15,4,Sci,,3,Sci,,2,Uni,,2,Tac,,2,Eng,Int,,,,6,3,3,,,,3,Yes,3,3,5,,,,,,Yes,Yes,Yes,,,,,,,,,Very Rare,Sci,24,24,69,+8 ENG and TAC per SciShip,TRUE,TRUE,FALSE,,3,,3,3,5,3,3,5,Sci,,Fleet Intrepid Long Range Science Vessel,https://stowiki.net/wiki/Fleet_Intrepid_Long_Range_Science_Vessel,,,,
,35,Fleet Dauntless Experimental Science Vessel,21 Apr 2015,2015,4,Fleet,Fleet,,,Federation,Starfleet,Dauntless,Science Vessel,Science Vessel,Science Vessel,3,2,4,,2,,,,,,5,2,6,2,0,0,0,0,1,1,2,0.99,44550,1.43,14,0.15,50,10,,,10,4,Sci,,3,Tac,,2,Tac,,2,Eng,,2,Sci,Int,,,,6,3,3,,,,3,Yes,4,2,5,,,,,,Yes,Yes,Yes,,,,,,,,,Very Rare,Sci,24,31,62,Ignores +/- SCI from Events,TRUE,TRUE,FALSE,,3,,4,2,5,4,2,5,Sci,,Fleet Dauntless Experimental Science Vessel,https://stowiki.net/wiki/Fleet_Dauntless_Experimental_Science_Vessel,,,,
,43,Fleet Scryer Intel Science Vessel,21 Apr 2015,2015,4,Fleet,Fleet,,,Federation,Starfleet,Scryer,Science Vessel,Science Vessel,Science Vessel,2,3,4,1,4,,,,,Int,3,4,8,6,0,0,0,0,1,2,6,0.99,44550,1.375,13,0.17,55,10,,,10,4,Sci,Int,3,Eng,,3,Sci,,2,Tac,Int,1,Uni,,,,,6,3,3,Yes,,,3,Yes,3,3,5,,,,,,Yes,Yes,Yes,,,Cloak,,,,,,Very Rare,Sci,30,24,63,+8 ENG and TAC per SciShip,TRUE,TRUE,FALSE,,3,,3,3,5,3,3,5,Sci,Basic,Fleet Scryer Intel Science Vessel,https://stowiki.net/wiki/Fleet_Scryer_Intel_Science_Vessel,,,,
,42,Fleet Qib Intel Battlecruiser,21 Apr 2015,2015,4,Fleet,Fleet,,,Klingon,Klingon,Qib,Battlecruiser,Battlecruiser,Battlecruiser,3,4,2,1,4,,,,,Int,4,8,3,6,0,0,0,0,1,2,6,1.375,61875,1.1,11,0.17,55,10,,10,,4,Eng,Int,3,Tac,,3,Eng,,2,Sci,Int,1,Uni,,,,,8,4,4,Yes,,,3,Yes,4,5,2,,Yes,,Yes,,,,,,,Battle,,,,,,Very Rare,Eng,59,39,19,+8 TAC and SCI per EngShip,TRUE,TRUE,FALSE,,3,,4,5,2,4,5,2,Eng,Battle,Fleet Qib Intel Battlecruiser,https://stowiki.net/wiki/Fleet_Qib_Intel_Battlecruiser,,,,
,36,Fleet Eclipse Intel Cruiser,21 Apr 2015,2015,4,Fleet,Fleet,,,Federation,Starfleet,Eclipse,Battlecruiser,Battlecruiser,Battlecruiser,3,4,2,1,4,,,,,Int,4,8,3,6,0,0,0,0,1,2,6,1.3475,60637.5,1.1,10,0.17,55,10,,10,,4,Eng,Int,3,Tac,,3,Eng,,2,Sci,Int,1,Uni,,,,,8,4,4,Yes,,,3,Yes,4,5,2,,Yes,,Yes,,,,,,,Cloak,,,,,,Very Rare,Eng,63,24,30,+8 TAC and SCI per EngShip,TRUE,TRUE,FALSE,,3,,4,5,2,4,5,2,Eng,Basic,Fleet Eclipse Intel Cruiser,https://stowiki.net/wiki/Fleet_Eclipse_Intel_Cruiser,,,,
,45,Xindi-Insectoid Olaen Heavy Strike Wing Escort,21 Apr 2015,2015,4,Lockbox,C Store (Mudd),Old Rivals - B,,X-faction,Xindi,,Escort,Strike Wing Escort,Strike Wing Escort,4,2,3,2,,3,2,,,,8,4,5,0,3,2,0,0,2,2,5,1.1,49500,1.15,14.5,0.18,60,10,5,,5,4,Tac,,3,Sci,Cmd,2,Uni,,2,Tac,Pil,2,Eng,,,,,7,4,3,Yes,Yes,1,2,Yes,5,3,3,,,,,,,,,,,,,,Council of Thought,"for each nearby ally: +Def, +DRR",Infectious Bio,Ultra Rare,Tac,31,62,33,+10 TAC per EngShip,TRUE,TRUE,FALSE,,2,,5,3,3,5,3,3,Tac,,Xindi-Insectoid Olaen Heavy Strike Wing Escort,https://stowiki.net/wiki/Xindi-Insectoid_Olaen_Heavy_Strike_Wing_Escort,Council of Thought,https://stowiki.net/wiki/Council_of_Thought_(starship_trait),Infectious Bio,https://stowiki.net/wiki/Console_-_Universal_-_Infectious_Bio-Matter_Generator
,41,Fleet Phantom Intel Escort,21 Apr 2015,2015,4,Fleet,Fleet,,,Federation,Starfleet,Phantom,Escort,Escort,Escort,4,3,2,1,4,,,,,Int,8,4,3,6,0,0,0,0,1,2,6,1.045,47025,0.99,17,0.22,75,10,,10,,4,Tac,Int,3,Tac,,3,Eng,,2,Sci,Int,1,Uni,,,,,7,4,3,Yes,Yes,,2,Yes,5,3,3,,,,,,,,,,,Cloak,,,,,,Very Rare,Tac,30,63,24,+8 ENG and SCI per TacShip,TRUE,TRUE,FALSE,,2,,5,3,3,5,3,3,Tac,Basic,Fleet Phantom Intel Escort,https://stowiki.net/wiki/Fleet_Phantom_Intel_Escort,,,,
,40,Fleet Mat'Ha Raptor,21 Apr 2015,2015,4,Fleet,Fleet,,,Klingon,Klingon,Mat'Ha,Escort,Escort,Escort,4,3,2,2,2,,,,,,8,5,4,2,0,0,0,0,1,1,2,1.21,54450,0.935,15,0.2,75,15,,,,4,Tac,,3,Eng,,2,Uni,,2,Tac,,2,Sci,Int,,,,7,5,2,Yes,Yes,,2,Yes,5,4,2,,,,,,,,,,,Cloak,,,,,,Very Rare,Tac,35,60,22,+8 ENG and SCI per TacShip,TRUE,TRUE,FALSE,,2,,5,4,2,5,4,2,Tac,Basic,Fleet Mat'Ha Raptor,https://stowiki.net/wiki/Fleet_Mat%27Ha_Raptor,,,,
,37,Fleet Faeht Intel Warbird,21 Apr 2015,2015,4,Fleet,Fleet,,,Romulan,Romulan,Faeht,Tactical WB,Escort,Escort (warbird),4,2,3,1,4,,,,,Int,8,3,4,6,0,0,0,0,1,2,6,0.968,43560,0.99,19,0.22,75,10,,10,,4,Tac,Int,3,Tac,,3,Sci,,2,Eng,Int,1,Uni,,,,,7,4,3,Yes,Yes,,2,Yes,5,3,3,,,,,,,,,,Yes,Enh Battle,,,,,,Very Rare,Tac,21,66,30,+8 ENG and SCI per TacShip,TRUE,TRUE,FALSE,,2,,5,3,3,5,3,3,Tac,Enhanced,Fleet Faeht Intel Warbird,https://stowiki.net/wiki/Fleet_Faeht_Intel_Warbird,,,,
,33,Fleet Negh'Tev Heavy Battlecruiser,2 Apr 2015,2015,4,Fleet,Fleet,,,Klingon,Klingon,Negh'var,Battlecruiser,Battlecruiser,Battlecruiser,3,4,2,1,,3,,,,,4,8,3,0,3,0,0,0,1,1,3,1.43,64350,1.1,9,0.15,25,10,,10,,4,Eng,,3,Tac,,3,Eng,Cmd,2,Sci,,1,Uni,,,,,8,4,4,Yes,,,3,Yes,3,5,3,,Yes,Yes,Yes,,,,,,,Cloak,,,,,,Very Rare,Eng,55,35,27,+8 TAC per ANY Ship (Not Small Craft),TRUE,TRUE,FALSE,,3,,3,5,3,3,5,3,Eng,Basic,Fleet Negh'Tev Heavy Battlecruiser,https://stowiki.net/wiki/Fleet_Negh%27Tev_Heavy_Battlecruiser,,,,
,32,Fleet Galaxy Exploration Cruiser,2 Apr 2015,2015,4,Fleet,Fleet,,,Federation,Starfleet,Galaxy,Cruiser,Cruiser,Cruiser,3,4,2,1,,3,,,,,4,8,3,0,3,0,0,0,1,1,3,1.466666,65999.97,1.1,6,0.15,25,5,5,5,5,4,Eng,,3,Tac,,3,Eng,Cmd,2,Sci,,1,Uni,,,,,8,4,4,,,,4,Yes,3,5,3,,Yes,Yes,Yes,Yes,,,,,,,,,,,,Very Rare,Eng,73,22,22,2.5x Critical Rating from ENG,TRUE,TRUE,FALSE,,4,,3,5,3,3,5,3,Eng,,Fleet Galaxy Exploration Cruiser,https://stowiki.net/wiki/Fleet_Galaxy_Exploration_Cruiser,,,,
,30,Negh'Tev Heavy Battlecruiser,2 Apr 2015,2015,4,C Store,C Store,Cross-Faction Cruiser,KDF Fleet,Klingon,Klingon,Negh'var,Battlecruiser,Battlecruiser,Battlecruiser,3,4,2,1,,3,,,,,4,8,3,0,3,0,0,0,1,1,3,1.3,58500,1,9,0.15,25,10,,10,,4,Eng,,3,Tac,,3,Eng,Cmd,2,Sci,,1,Uni,,,,,8,4,4,Yes,,,3,,3,4,3,,Yes,Yes,Yes,,,,,,,Cloak,,,Explosive Polarity Shift,on RSP end: aoe damage based on hits taken,Molecular Cohesion Nullifier,Rare,Eng,51,32,25,+8 TAC and SCI per TacShip,TRUE,TRUE,FALSE,,3,,3,4,3,3,4,3,Eng,Basic,Negh'Tev Heavy Battlecruiser,https://stowiki.net/wiki/Negh%27Tev_Heavy_Battlecruiser,Explosive Polarity Shift,https://stowiki.net/wiki/Explosive_Polarity_Shift_(starship_trait),Molecular Cohesion Nullifier,https://stowiki.net/wiki/Console_-_Universal_-_Molecular_Cohesion_Nullifier
,28,Andromeda Exploration Cruiser,2 Apr 2015,2015,4,C Store,C Store,Cross-Faction Cruiser,Fed Fleet,Federation,Starfleet,Galaxy,Cruiser,Cruiser,Cruiser,3,4,2,1,,3,,,,,4,8,3,0,3,0,0,0,1,1,3,1.333333,59999.985,1,6,0.15,25,5,5,5,5,4,Eng,,3,Tac,,3,Eng,Cmd,2,Sci,,1,Uni,,,,,8,4,4,,,,4,,3,4,3,,Yes,Yes,Yes,Yes,,,,,,,,,Explosive Polarity Shift,on RSP end: aoe damage based on hits taken,Molecular Cohesion Nullifier,Rare,Eng,70,19,19,+8 TAC and SCI per TacShip,TRUE,TRUE,FALSE,,4,,3,4,3,3,4,3,Eng,,Andromeda Exploration Cruiser,https://stowiki.net/wiki/Andromeda_Exploration_Cruiser,Explosive Polarity Shift,https://stowiki.net/wiki/Explosive_Polarity_Shift_(starship_trait),Molecular Cohesion Nullifier,https://stowiki.net/wiki/Console_-_Universal_-_Molecular_Cohesion_Nullifier
,31,Fleet D'Khellra Warbird Battlecruiser,2 Apr 2015,2015,4,Fleet,Fleet,,,Romulan,Romulan,D'deridex,Engineering WB,Battlecruiser,Battlecruiser (warbird),3,4,3,2,,3,,,,,6,6,5,0,3,0,0,0,1,1,3,1.485,66825,1.1,5,0.15,30,10,,10,,4,Eng,,3,Tac,Cmd,3,Sci,,2,Uni,,1,Tac,,,,,8,4,4,Yes,,,4,Yes,3,5,3,,,,,,,,,,Yes,Battle - Rom,,,,,,Very Rare,Eng,54,33,30,2.5x Critical Rating from ENG,TRUE,TRUE,FALSE,,4,,3,5,3,3,5,3,Eng,Battle,Fleet D'Khellra Warbird Battlecruiser,https://stowiki.net/wiki/Fleet_D%27Khellra_Warbird_Battlecruiser,,,,
,29,D'Khellra Warbird Battlecruiser,2 Apr 2015,2015,4,C Store,C Store,Cross-Faction Cruiser,Rom Fleet,Romulan,Romulan,D'deridex,Engineering WB,Battlecruiser,Battlecruiser (warbird),3,4,3,2,,3,,,,,6,6,5,0,3,0,0,0,1,1,3,1.35,60750,1,5,0.15,30,10,,10,,4,Eng,,3,Tac,Cmd,3,Sci,,2,Uni,,1,Tac,,,,,8,4,4,Yes,,,4,,3,4,3,,,,,,,,,,Yes,Battle - Rom,,,Explosive Polarity Shift,on RSP end: aoe damage based on hits taken,Molecular Cohesion Nullifier,Rare,Eng,52,28,28,+8 TAC and SCI per TacShip,TRUE,TRUE,FALSE,,4,,3,4,3,3,4,3,Eng,Battle,D'Khellra Warbird Battlecruiser,https://stowiki.net/wiki/D%27Khellra_Warbird_Battlecruiser,Explosive Polarity Shift,https://stowiki.net/wiki/Explosive_Polarity_Shift_(starship_trait),Molecular Cohesion Nullifier,https://stowiki.net/wiki/Console_-_Universal_-_Molecular_Cohesion_Nullifier
,27,Jem'Hadar Strike Ship,5 Mar 2015,2015,3,Promo,C Store (Mudd),Outta this Wormhole - A,,X-faction,Jem'Hadar,JH Attack,Escort,Escort,Escort,4,1,,3,3,2,,,,,12,6,5,3,2,0,0,0,2,2,5,1.15,51750,1,20,0.22,70,15,,5,,4,Tac,,3,Uni,,3,Tac,Int,2,Uni,Cmd,1,Eng,,,,,7,4,3,Yes,Yes,,2,Yes,5,4,2,,,,,,,,,,,,,,Go For The Kill,on crit: extend duration of C:RF,Dominion Defense Screen,Ultra Rare,Tac,35,75,16,Ignores +/- TAC from Events,TRUE,TRUE,FALSE,,2,,5,4,2,5,4,2,Tac,,Jem'Hadar Strike Ship,https://stowiki.net/wiki/Jem%27Hadar_Strike_Ship,Go For The Kill,https://stowiki.net/wiki/Go_For_The_Kill_(starship_trait),Dominion Defense Screen,https://stowiki.net/wiki/Console_-_Universal_-_Dominion_Defense_Screen
,26,Vastam Tactical Command Warbird,12 Feb 2015,2015,2,C Store,C Store,Command / Rom,,Romulan,Romulan,Rom Cmd,Engineering WB,Dreadnought Cruiser,"Battlecruiser (warbird, hangar)",3,4,2,2,,4,,,,Cmd,5,8,4,0,6,0,0,0,1,2,6,1.375,61875,1.1,8,0.15,35,10,,10,,4,Eng,Cmd,3,Tac,,2,Uni,,2,Eng,,2,Sci,Cmd,,,,8,4,4,Yes,,1,4,Yes,4,4,3,,,,,,,,,,Yes,Battle - Rom,,,All Hands on Deck,on Tac / Command: -recharge on Sci and Captain abilities,Defense Platform,Very Rare,Eng,73,24,20,+35 TAC when Alone,TRUE,TRUE,FALSE,,4,,4,4,3,4,4,3,Eng,Battle,Vastam Tactical Command Warbird,https://stowiki.net/wiki/Vastam_Tactical_Command_Warbird,All Hands on Deck,https://stowiki.net/wiki/All_Hands_on_Deck_(starship_trait),Defense Platform,https://stowiki.net/wiki/Console_-_Universal_-_Defense_Platform
,25,Ty'Gokor Tactical Command Battlecruiser,12 Feb 2015,2015,2,C Store,C Store,Command / KDF,,Klingon,Klingon,KDF Cmd,Battlecruiser,Dreadnought Cruiser,Battlecruiser (hangar),3,4,2,2,,4,,,,Cmd,5,8,4,0,6,0,0,0,1,2,6,1.43,64350,1.1,8,0.15,35,10,,10,,4,Eng,Cmd,3,Tac,,2,Uni,,2,Eng,,2,Sci,Cmd,,,,8,4,4,Yes,,1,4,Yes,4,4,3,,,Yes,,Yes,,,,,,Cloak,,,All Hands on Deck,on Tac / Command: -recharge on Sci and Captain abilities,Defense Platform,Very Rare,Eng,73,24,20,+35 TAC when Alone,TRUE,TRUE,FALSE,,4,,4,4,3,4,4,3,Eng,Basic,Ty'Gokor Tactical Command Battlecruiser,https://stowiki.net/wiki/Ty%27Gokor_Tactical_Command_Battlecruiser,All Hands on Deck,https://stowiki.net/wiki/All_Hands_on_Deck_(starship_trait),Defense Platform,https://stowiki.net/wiki/Console_-_Universal_-_Defense_Platform
,24,Presidio Tactical Command Battlecruiser,12 Feb 2015,2015,2,C Store,C Store,Command / Fed,,Federation,Starfleet,Fed Cmd,Battlecruiser,Dreadnought Cruiser,Battlecruiser (hangar),3,4,2,2,,4,,,,Cmd,5,8,4,0,6,0,0,0,1,2,6,1.375,61875,1.12,8,0.15,35,10,,10,,4,Eng,Cmd,3,Tac,,2,Uni,,2,Eng,,2,Sci,Cmd,,,,8,4,4,Yes,,1,4,Yes,4,4,3,,,Yes,,Yes,,,,,,,,,All Hands on Deck,on Tac / Command: -recharge on Sci and Captain abilities,Defense Platform,Very Rare,Eng,73,24,20,+35 TAC when Alone,TRUE,TRUE,FALSE,,4,,4,4,3,4,4,3,Eng,,Presidio Tactical Command Battlecruiser,https://stowiki.net/wiki/Presidio_Tactical_Command_Battlecruiser,All Hands on Deck,https://stowiki.net/wiki/All_Hands_on_Deck_(starship_trait),Defense Platform,https://stowiki.net/wiki/Console_-_Universal_-_Defense_Platform
,23,Klinzhai Science Command Battlecruiser,12 Feb 2015,2015,2,C Store,C Store,Command / KDF,,Klingon,Klingon,KDF Cmd,Battlecruiser,Dreadnought Cruiser,Battlecruiser (hangar),2,4,3,2,,4,,,,Cmd,4,8,5,0,6,0,0,0,1,2,6,1.43,64350,1.1,8,0.15,35,10,,10,,4,Eng,Cmd,3,Sci,,2,Uni,,2,Tac,Cmd,2,Eng,,,,,8,4,4,Yes,,1,4,Yes,3,4,4,,,Yes,,Yes,,,,,,Cloak,,,Improved Tachyon Beam,Tachyon Beam gains AoE Sheidl Regen,Tachyon Pulse Platform,Very Rare,Eng,73,20,24,+35 SCI when Alone,TRUE,TRUE,FALSE,,4,,3,4,4,3,4,4,Eng,Basic,Klinzhai Science Command Battlecruiser,https://stowiki.net/wiki/Klinzhai_Science_Command_Battlecruiser,Improved Tachyon Beam,https://stowiki.net/wiki/Improved_Tachyon_Beam_(starship_trait),Tachyon Pulse Platform,https://stowiki.net/wiki/Console_-_Universal_-_Tachyon_Pulse_Platform
,22,Geneva Science Command Battlecruiser,12 Feb 2015,2015,2,C Store,C Store,Command / Fed,,Federation,Starfleet,Fed Cmd,Battlecruiser,Dreadnought Cruiser,Battlecruiser (hangar),2,4,3,2,,4,,,,Cmd,4,8,5,0,6,0,0,0,1,2,6,1.375,61875,1.12,8,0.15,35,10,,10,,4,Eng,Cmd,3,Sci,,2,Uni,,2,Tac,Cmd,2,Eng,,,,,8,4,4,Yes,,1,4,Yes,3,4,4,,,Yes,,Yes,,,,,,,,,Improved Tachyon Beam,Tachyon Beam gains AoE Sheidl Regen,Tachyon Pulse Platform,Very Rare,Eng,73,20,24,+35 SCI when Alone,TRUE,TRUE,FALSE,,4,,3,4,4,3,4,4,Eng,,Geneva Science Command Battlecruiser,https://stowiki.net/wiki/Geneva_Science_Command_Battlecruiser,Improved Tachyon Beam,https://stowiki.net/wiki/Improved_Tachyon_Beam_(starship_trait),Tachyon Pulse Platform,https://stowiki.net/wiki/Console_-_Universal_-_Tachyon_Pulse_Platform
,21,Deihu Science Command Warbird,12 Feb 2015,2015,2,C Store,C Store,Command / Rom,,Romulan,Romulan,Rom Cmd,Engineering WB,Dreadnought Cruiser,"Battlecruiser (warbird, hangar)",2,4,3,2,,4,,,,Cmd,4,8,5,0,6,0,0,0,1,2,6,1.375,61875,1.1,8,0.15,35,10,,10,,4,Eng,Cmd,3,Sci,,2,Uni,,2,Tac,Cmd,2,Eng,,,,,8,4,4,Yes,,1,4,Yes,3,4,4,,,,,,,,,,Yes,Battle - Rom,,,Improved Tachyon Beam,Tachyon Beam gains AoE Sheidl Regen,Tachyon Pulse Platform,Very Rare,Eng,73,20,24,+35 SCI when Alone,TRUE,TRUE,FALSE,,4,,3,4,4,3,4,4,Eng,Battle,Deihu Science Command Warbird,https://stowiki.net/wiki/Deihu_Science_Command_Warbird,Improved Tachyon Beam,https://stowiki.net/wiki/Improved_Tachyon_Beam_(starship_trait),Tachyon Pulse Platform,https://stowiki.net/wiki/Console_-_Universal_-_Tachyon_Pulse_Platform
,20,Concorde Operations Command Battlecruiser,12 Feb 2015,2015,2,C Store,C Store,Command / Fed,,Federation,Starfleet,Fed Cmd,Battlecruiser,Dreadnought Cruiser,Battlecruiser (hangar),2,4,2,2,,4,,,,Cmd,4,9,4,0,6,0,0,0,1,2,6,1.375,61875,1.12,8,0.15,35,10,,10,,4,Eng,Cmd,3,Eng,,2,Uni,,2,Tac,,2,Sci,Cmd,,,,8,4,4,Yes,,1,4,Yes,3,5,3,,,Yes,,Yes,,,,,,,,,Improved Brace for Impact,on Brace for Impact: gain Temp HP,Fleet Support Platform,Very Rare,Eng,77,20,20,+35 ENG when Alone,TRUE,TRUE,FALSE,,4,,3,5,3,3,5,3,Eng,,Concorde Operations Command Battlecruiser,https://stowiki.net/wiki/Concorde_Operations_Command_Battlecruiser,Improved Brace for Impact,https://stowiki.net/wiki/Improved_Brace_for_Impact_(starship_trait),Fleet Support Platform,https://stowiki.net/wiki/Console_-_Universal_-_Fleet_Support_Platform
,19,Baratan Operations Command Warbird,12 Feb 2015,2015,2,C Store,C Store,Command / Rom,,Romulan,Romulan,Rom Cmd,Engineering WB,Dreadnought Cruiser,"Battlecruiser (warbird, hangar)",2,4,2,2,,4,,,,Cmd,4,9,4,0,6,0,0,0,1,2,6,1.375,61875,1.1,8,0.15,35,10,,10,,4,Eng,Cmd,3,Eng,,2,Uni,,2,Tac,,2,Sci,Cmd,,,,8,4,4,Yes,,1,4,Yes,3,5,3,,,,,,,,,,Yes,Battle - Rom,,,Improved Brace for Impact,on Brace for Impact: gain Temp HP,Fleet Support Platform,Very Rare,Eng,77,20,20,+35 ENG when Alone,TRUE,TRUE,FALSE,,4,,3,5,3,3,5,3,Eng,Battle,Baratan Operations Command Warbird,https://stowiki.net/wiki/Baratan_Operations_Command_Warbird,Improved Brace for Impact,https://stowiki.net/wiki/Improved_Brace_for_Impact_(starship_trait),Fleet Support Platform,https://stowiki.net/wiki/Console_-_Universal_-_Fleet_Support_Platform
,18,An'quat War Command Battlecruiser,12 Feb 2015,2015,2,C Store,C Store,Command / KDF,,Klingon,Klingon,KDF Cmd,Battlecruiser,Dreadnought Cruiser,Battlecruiser (hangar),2,4,2,2,,4,,,,Cmd,4,9,4,0,6,0,0,0,1,2,6,1.43,64350,1.1,8,0.15,35,10,,10,,4,Eng,Cmd,3,Eng,,2,Uni,,2,Tac,,2,Sci,Cmd,,,,8,4,4,Yes,,1,4,Yes,3,5,3,,,Yes,,Yes,,,,,,Cloak,,,Improved Brace for Impact,on Brace for Impact: gain Temp HP,Fleet Support Platform,Very Rare,Eng,77,20,20,+35 ENG when Alone,TRUE,TRUE,FALSE,,4,,3,5,3,3,5,3,Eng,Basic,An'quat War Command Battlecruiser,https://stowiki.net/wiki/An%27quat_War_Command_Battlecruiser,Improved Brace for Impact,https://stowiki.net/wiki/Improved_Brace_for_Impact_(starship_trait),Fleet Support Platform,https://stowiki.net/wiki/Console_-_Universal_-_Fleet_Support_Platform
,16,Vaadwaur Astika Heavy Battlecruiser,29 Jan 2015,2015,1,Lobi,Lobi,,,X-faction,Vaadwaur,,Battlecruiser,Battlecruiser,Battlecruiser,3,4,2,2,,2,,,,,5,8,4,0,2,0,0,0,1,1,2,1.5,67500,1.16,6.5,0.15,38,10,5,5,,4,Eng,,3,Tac,,2,Uni,,2,Eng,Cmd,2,Sci,,,,,8,5,3,Yes,,,4,Yes,4,5,2,,Yes,Yes,Yes,,,,,,,,,,Supremacy,on B:FAW and C:SV: boost power levels per target hit,Assault Mode Relays,Ultra Rare,Eng,67,41,18,+10 TAC per TacShip,TRUE,TRUE,FALSE,,4,,4,5,2,4,5,2,Eng,,Vaadwaur Astika Heavy Battlecruiser,https://stowiki.net/wiki/Vaadwaur_Astika_Heavy_Battlecruiser,Supremacy,https://stowiki.net/wiki/Supremacy_(starship_trait),Assault Mode Relays,https://stowiki.net/wiki/Console_-_Universal_-_Assault_Mode_Relays
,15,Kobali Samsar Cruiser,29 Jan 2015,2015,1,Event,Phoenix,,,X-faction,Kobali,,Cruiser,Cruiser,Cruiser,2,4,3,1,,3,,,,,3,8,4,0,3,0,0,0,1,1,3,1.45,65250,1.15,7,0.15,45,5,5,5,5,4,Eng,,3,Eng,Cmd,3,Sci,,2,Tac,,1,Uni,,,,,8,4,4,,,,4,Yes,3,5,3,,Yes,Yes,Yes,Yes,,,,,,,,,Emergency Response,while below 50% hull: -recharge on hull and shield heals,Regenerative Integrity Field,Ultra Rare,Eng,74,24,28,-10% Maintenance per TacShip or SciShip,TRUE,TRUE,FALSE,,4,,3,5,3,3,5,3,Eng,,Kobali Samsar Cruiser,https://stowiki.net/wiki/Kobali_Samsar_Cruiser,Emergency Response,https://stowiki.net/wiki/Emergency_Response_(starship_trait),Regenerative Integrity Field,https://stowiki.net/wiki/Console_-_Universal_-_Regenerative_Integrity_Field
,17,Vaadwaur Manasa Assault Escort,29 Jan 2015,2015,1,Lockbox,Lockbox,,,X-faction,Vaadwaur,,Escort,Escort,Escort,4,3,2,2,2,,,,,,8,5,4,2,0,0,0,0,1,1,2,1,45000,1.2,18,0.21,70,10,,10,,4,Tac,,3,Eng,,2,Uni,,2,Tac,,2,Sci,Int,,,,7,5,2,Yes,Yes,,2,Yes,5,4,2,,,,,,,,,,,,,,Frontal Assault,"on cannon firing mode: +Shield Hardness, +Shield Regen",Polaron Barrage Launcher,Ultra Rare,Tac,42,64,20,+10 ENG per EngShip,TRUE,TRUE,FALSE,,2,,5,4,2,5,4,2,Tac,,Vaadwaur Manasa Assault Escort,https://stowiki.net/wiki/Vaadwaur_Manasa_Assault_Escort,Frontal Assault,https://stowiki.net/wiki/Frontal_Assault_(starship_trait),Polaron Barrage Launcher,https://stowiki.net/wiki/Console_-_Universal_-_Polaron_Barrage_Launcher
,14,Elachi Sheshar Intel Dreadnought Cruiser,11 Dec 2014,2014,12,Promo,C Store (Mudd),Secret Intel - A,,X-faction,Elachi,Sheshar,Dreadnought Cruiser,Dreadnought Cruiser,Dreadnought Cruiser,2,4,3,3,3,,,,,,5,8,6,3,0,0,0,0,1,1,3,1.4,63000,1.3,6,0.15,25,10,5,5,,4,Eng,,3,Uni,,3,Sci,Int,2,Tac,,1,Eng,,,,,8,5,3,Yes,,1,4,Yes,4,4,3,,Yes,,,Yes,,,,,,,,,Torpedo Barrage,on firing T:HY: gain extra T:HY I,Sheshar Assault Craft,Ultra Rare,Eng,57,38,32,Ignores +/- ENG from Events,TRUE,TRUE,FALSE,,4,,4,4,3,4,4,3,Eng,,Elachi Sheshar Intel Dreadnought Cruiser,https://stowiki.net/wiki/Elachi_Sheshar_Intel_Dreadnought_Cruiser,Torpedo Barrage,https://stowiki.net/wiki/Torpedo_Barrage_(starship_trait),Sheshar Assault Craft,https://stowiki.net/wiki/Console_-_Universal_-_Sheshar_Assault_Craft
,13,Breen Sarr Theln Carrier,4 Dec 2014,2014,12,Event,Phoenix,,,X-faction,Breen,,Science Carrier,Science Carrier,Science Carrier,3,2,4,2,2,,,,,,5,4,8,2,0,0,0,0,1,1,2,1.4,63000,1.2,7,0.15,35,,10,,10,4,Sci,,3,Tac,,2,Uni,,2,Eng,Int,2,Sci,,,,,6,3,3,Yes,,2,4,Yes,4,3,4,,,,,,,Yes,,,,,,,Reactive Repair Nanites,on hull heal: also heal hangar pets,Resonant Dissipation Matrix,Ultra Rare,Sci,32,44,50,-10% Maintenance per EngShip or TacShip,TRUE,TRUE,FALSE,,4,,4,3,4,4,3,4,Sci,,Breen Sarr Theln Carrier,https://stowiki.net/wiki/Breen_Sarr_Theln_Carrier,Reactive Repair Nanites,https://stowiki.net/wiki/Reactive_Repair_Nanites_(starship_trait),Resonant Dissipation Matrix,https://stowiki.net/wiki/Console_-_Universal_-_Resonant_Dissipation_Matrix
,12,Pathfinder Long Range Science Vessel,20 Nov 2014,2014,11,C Store,C Store,,Fed Fleet,Federation,Starfleet,Intrepid,Science Vessel,Science Vessel,Science Vessel,2,2,4,2,2,,,,,,4,4,9,2,0,0,0,0,1,1,2,0.9,40500,1.3,12,0.17,50,,,,15,4,Sci,,3,Sci,,2,Uni,,2,Tac,,2,Eng,Int,,,,6,3,3,,,,3,,2,3,5,,,,,,Yes,Yes,Yes,,,,,,Ablative Field Projector,on Shield Heal: gain Temp HP,Aero Shuttle Bay,Rare,Sci,21,21,66,2.5x Critical Rating from SCI,TRUE,TRUE,FALSE,,3,,2,3,5,2,3,5,Sci,,Pathfinder Long Range Science Vessel,https://stowiki.net/wiki/Pathfinder_Long_Range_Science_Vessel,Ablative Field Projector,https://stowiki.net/wiki/Ablative_Field_Projector_(starship_trait),Aero Shuttle Bay,https://stowiki.net/wiki/Console_-_Universal_-_Aero_Shuttle_Bay
,5,Guardian Cruiser,14 Oct 2014,2014,10,C Store,C Store,Delta / X-Faction,,Federation,Starfleet,Guardian,Cruiser,Cruiser,Cruiser,3,4,3,1,2,,,,,,4,7,4,2,0,0,0,0,1,1,2,1.325,59625,1,6.5,0.15,35,5,5,5,5,4,Eng,,3,Tac,,3,Sci,,2,Eng,Int,1,Uni,,,,,8,4,4,,,,4,,3,4,3,,Yes,Yes,Yes,Yes,,,,,,,,,Desperate Repairs,on taking 3 crits: Shield and Hull heal,Particle Conversion Matrix,Rare,Eng,66,21,21,2.5x Critical Rating from TAC,TRUE,TRUE,FALSE,,4,,3,4,3,3,4,3,Eng,,Guardian Cruiser,https://stowiki.net/wiki/Guardian_Cruiser,Desperate Repairs,https://stowiki.net/wiki/Desperate_Repairs_(starship_trait),Particle Conversion Matrix,https://stowiki.net/wiki/Console_-_Universal_-_Particle_Conversion_Matrix
,11,Benthan Assault Cruiser,14 Oct 2014,2014,10,Lockbox,Phoenix,,,X-faction,Benthan,,Cruiser,Cruiser,Cruiser,3,4,2,2,2,,,,,,7,6,4,2,0,0,0,0,1,1,2,1.25,56250,1.25,10.5,0.15,45,10,5,5,,4,Eng,,3,Tac,,2,Uni,,2,Tac,,2,Sci,Int,,,,8,4,4,,,,4,Yes,4,5,2,,Yes,Yes,Yes,Yes,,,,,,,,,Load Viral Torpedo,on Team ability: next torpedo disables target,Polaric Chromoelectric Modulator,Ultra Rare,Eng,63,40,23,+8 ENG and TAC per SciShip,TRUE,TRUE,FALSE,,4,,4,5,2,4,5,2,Eng,,Benthan Assault Cruiser,https://stowiki.net/wiki/Benthan_Assault_Cruiser,Load Viral Torpedo,https://stowiki.net/wiki/Load_Viral_Torpedo_(starship_trait),Polaric Chromoelectric Modulator,https://stowiki.net/wiki/Console_-_Universal_-_Polaric_Chromoelectric_Modulator
,1,Aelahl Light Warbird Battlecruiser,14 Oct 2014,2014,10,C Store,C Store,Delta / X-Faction,,Romulan,Romulan,Aelahl,Engineering WB,Battlecruiser,Battlecruiser (warbird),3,4,2,2,2,,,,,,5,8,4,2,0,0,0,0,1,1,2,1.225,55125,1,10,0.16,45,10,,10,,4,Eng,,3,Tac,,2,Uni,,2,Eng,,2,Sci,Int,,,,8,4,4,Yes,,,4,,3,5,2,,,,,,,,,,Yes,Battle - Rom,,,Warp Shadow Decoy,on cloak: create decoy that taunts,Destabilized Singularity Projector,Rare,Eng,53,36,19,+15 ALL Stats when Alone,TRUE,TRUE,FALSE,,4,,3,5,2,3,5,2,Eng,Battle,Aelahl Light Warbird Battlecruiser,https://stowiki.net/wiki/Aelahl_Light_Warbird_Battlecruiser,Warp Shadow Decoy,https://stowiki.net/wiki/Warp_Shadow_Decoy_(starship_trait),Destabilized Singularity Projector,https://stowiki.net/wiki/Console_-_Universal_-_Destabilized_Singularity_Projector
,2,Dauntless Experimental Science Vessel,14 Oct 2014,2014,10,C Store,C Store,Delta,,Federation,Starfleet,Dauntless,Science Vessel,Science Vessel,Science Vessel,3,2,4,,2,,,,,,5,2,6,2,0,0,0,0,1,1,2,0.9,40500,1.3,14,0.15,50,10,,,10,4,Sci,,3,Tac,,2,Tac,,2,Eng,,2,Sci,Int,,,,6,3,3,,,,3,,3,2,5,,,,,,Yes,Yes,Yes,,,,,,Radiant Nanite Cloud,on Hull heal: gain HoT,Particle Synthesizer,Rare,Sci,22,28,58,+8 SCI per ANY Ship (Not Small Craft),TRUE,TRUE,FALSE,,3,,3,2,5,3,2,5,Sci,,Dauntless Experimental Science Vessel,https://stowiki.net/wiki/Dauntless_Experimental_Science_Vessel,Radiant Nanite Cloud,https://stowiki.net/wiki/Radiant_Nanite_Cloud_(starship_trait),Particle Synthesizer,https://stowiki.net/wiki/Console_-_Universal_-_Particle_Synthesizer
,9,Scryer Intel Science Vessel,14 Oct 2014,2014,10,C Store,C Store,Delta / Intel,,Federation,Starfleet,Scryer,Science Vessel,Science Vessel,Science Vessel,2,3,4,1,4,,,,,Int,3,4,8,6,0,0,0,0,1,2,6,0.9,40500,1.25,13,0.17,55,10,,,10,4,Sci,Int,3,Eng,,3,Sci,,2,Tac,Int,1,Uni,,,,,6,3,3,Yes,,,3,,2,3,5,,,,,,Yes,Yes,Yes,,,Cloak,,,Emitter Synergy,"on Tac / Intel: stacking +Shield Heal, +Exotic Dmg",Sensor Probe Swarm,Rare,Sci,26,22,60,+10 TAC per SciShip,TRUE,TRUE,FALSE,,3,,2,3,5,2,3,5,Sci,Basic,Scryer Intel Science Vessel,https://stowiki.net/wiki/Scryer_Intel_Science_Vessel,Emitter Synergy,https://stowiki.net/wiki/Emitter_Synergy_(starship_trait),Sensor Probe Swarm,https://stowiki.net/wiki/Console_-_Universal_-_Sensor_Probe_Swarm
,8,Qib Intel Battlecruiser,14 Oct 2014,2014,10,C Store,C Store,Delta,,Klingon,Klingon,Qib,Battlecruiser,Battlecruiser,Battlecruiser,3,4,2,1,4,,,,,Int,4,8,3,6,0,0,0,0,1,2,6,1.25,56250,1,11,0.17,55,10,,10,,4,Eng,Int,3,Tac,,3,Eng,,2,Sci,Int,1,Uni,,,,,8,4,4,Yes,,,3,,3,5,2,,Yes,,Yes,,,,,,,Battle,,,Advanced Firing Solutions,"on firing cannons: +Turn, +Accuracy",Weapon Systems Siphon,Rare,Eng,54,37,17,+10 SCI per EngShip,TRUE,TRUE,FALSE,,3,,3,5,2,3,5,2,Eng,Battle,Qib Intel Battlecruiser,https://stowiki.net/wiki/Qib_Intel_Battlecruiser,Advanced Firing Solutions,https://stowiki.net/wiki/Advanced_Firing_Solutions_(starship_trait),Weapon Systems Siphon,https://stowiki.net/wiki/Console_-_Universal_-_Weapon_Systems_Siphon
,3,Eclipse Intel Cruiser,14 Oct 2014,2014,10,C Store,C Store,Delta / Intel,,Federation,Starfleet,Eclipse,Battlecruiser,Battlecruiser,Battlecruiser,3,4,2,1,4,,,,,Int,4,8,3,6,0,0,0,0,1,2,6,1.225,55125,1,10,0.17,55,10,,10,,4,Eng,Int,3,Tac,,3,Eng,,2,Sci,Int,1,Uni,,,,,8,4,4,Yes,,,3,,3,5,2,,Yes,,Yes,,,,,,,Cloak,,,Battle Ready,"on Eng / Intel: +Def, +DRR",Structural Integrity Field Siphon,Rare,Eng,60,22,26,+10 SCI per EngShip,TRUE,TRUE,FALSE,,3,,3,5,2,3,5,2,Eng,Basic,Eclipse Intel Cruiser,https://stowiki.net/wiki/Eclipse_Intel_Cruiser,Battle Ready,https://stowiki.net/wiki/Battle_Ready_(starship_trait),Structural Integrity Field Siphon,https://stowiki.net/wiki/Console_-_Universal_-_Structural_Integrity_Field_Siphon
,10,Hazari Destroyer,14 Oct 2014,2014,10,Lobi,C Store (Mudd),Lost in the Delta Q - D,,X-faction,Hazari,,Destroyer,Destroyer,Destroyer,4,3,3,1,2,,,,,,7,4,4,2,0,0,0,0,1,1,2,1.05,47250,1.15,15,0.2,60,15,,,,4,Tac,,3,Eng,,3,Sci,,2,Tac,Int,1,Uni,,,,,7,4,3,Yes,Yes,,3,Yes,5,3,3,,,,,,,,,,,,,,Partners In Arms,On buffing allies: stacking +Dmg,Hazari Shield Drone,Ultra Rare,Tac,30,66,30,+8 ENG and SCI per EngShip,TRUE,TRUE,FALSE,,3,,5,3,3,5,3,3,Tac,,Hazari Destroyer,https://stowiki.net/wiki/Hazari_Destroyer,Partners In Arms,https://stowiki.net/wiki/Partners_In_Arms_(starship_trait),Hazari Shield Drone,https://stowiki.net/wiki/Console_-_Universal_-_Hazari_Shield_Drone
,7,Phantom Intel Escort,14 Oct 2014,2014,10,C Store,C Store,Delta / Intel,,Federation,Starfleet,Phantom,Escort,Escort,Escort,4,3,2,1,4,,,,,Int,8,4,3,6,0,0,0,0,1,2,6,0.95,42750,0.9,17,0.22,75,10,,10,,4,Tac,Int,3,Tac,,3,Eng,,2,Sci,Int,1,Uni,,,,,7,4,3,Yes,Yes,,2,,5,3,2,,,,,,,,,,,Cloak,,,Reciprocity,on being missed: -recharge,Heavy Phaser Lance,Rare,Tac,26,60,22,+10 ENG per TacShip,TRUE,TRUE,FALSE,,2,,5,3,2,5,3,2,Tac,Basic,Phantom Intel Escort,https://stowiki.net/wiki/Phantom_Intel_Escort,Reciprocity,https://stowiki.net/wiki/Reciprocity_(starship_trait),Heavy Phaser Lance,https://stowiki.net/wiki/Console_-_Universal_-_Heavy_Phaser_Lance
,6,Mat'Ha Raptor,14 Oct 2014,2014,10,C Store,C Store,Delta / X-Faction,KDF Fleet,Klingon,Klingon,Mat'Ha,Escort,Escort,Escort,4,3,2,2,2,,,,,,8,5,4,2,0,0,0,0,1,1,2,1.1,49500,0.85,15,0.2,75,15,,,,4,Tac,,3,Eng,,2,Uni,,2,Tac,,2,Sci,Int,,,,7,5,2,Yes,Yes,,2,,5,3,2,,,,,,,,,,,Cloak,,,Overwhelming Force,"B:O gains charged particle burst, T:HY gains photonic shockwave",Heavy Disruptor Spinal Cannons,Rare,Tac,30,58,20,+10 TAC per EngShip,TRUE,TRUE,FALSE,,2,,5,3,2,5,3,2,Tac,Basic,Mat'Ha Raptor,https://stowiki.net/wiki/Mat%27Ha_Raptor,Overwhelming Force,https://stowiki.net/wiki/Overwhelming_Force_(starship_trait),Heavy Disruptor Spinal Cannons,https://stowiki.net/wiki/Console_-_Universal_-_Heavy_Disruptor_Spinal_Cannons
,4,Faeht Intel Warbird,14 Oct 2014,2014,10,C Store,C Store,Delta,,Romulan,Romulan,Faeht,Tactical WB,Escort,Escort (warbird),4,2,3,1,4,,,,,Int,8,3,4,6,0,0,0,0,1,2,6,0.88,39600,0.9,19,0.22,75,10,,10,,4,Tac,Int,3,Tac,,3,Sci,,2,Eng,Int,1,Uni,,,,,7,4,3,Yes,Yes,,2,,5,2,3,,,,,,,,,,Yes,Enh Battle,,,Tactical Retreat,"on reaching low HP: +defense, +speed, untargetable, drop all threat",Heavy Plasma Lance,Rare,Tac,19,62,27,+10 ENG per TacShip,TRUE,TRUE,FALSE,,2,,5,2,3,5,2,3,Tac,Enhanced,Faeht Intel Warbird,https://stowiki.net/wiki/Faeht_Intel_Warbird,Tactical Retreat,https://stowiki.net/wiki/Tactical_Retreat_(starship_trait),Heavy Plasma Lance,https://stowiki.net/wiki/Console_-_Universal_-_Heavy_Plasma_Lance